candidate_pair_id,left_source_system,left_record_id,left_business_name,right_source_system,right_record_id,right_business_name,pin_code,match_score,decision,name_score,address_score,identifier_score,phone_score,same_entity_ground_truth,explanation
PAIR-000001,UDYAM,UDYAM-KR-BLRU-2016-000006,NAVEEN FASHIONS TRADERS,GST,GST-KA-BLRU-2019-000008,Naveen Fashions Traders,560076,100,AUTO_LINK,100.0,100,100,100,True,auto-link candidate: high name similarity (100.0); similar address/PIN (100); strong hashed PAN/GSTIN/Udyam match; same phone number
PAIR-000002,GST,GST-KA-BLRU-2022-000013,MYSORE MOLD SOLUTIONS,BBMP,BBMP-TL-MAHA-2015-000007,Mysore Mold Solutions,560066,100,AUTO_LINK,100.0,100,100,100,True,auto-link candidate: high name similarity (100.0); similar address/PIN (100); strong hashed PAN/GSTIN/Udyam match; same phone number
PAIR-000003,GST,GST-KA-BLRR-2019-000024,OMKAR LLP,LABOUR,LAB-KA-BLRR-2021-000017,Omkar LLP,561203,100,AUTO_LINK,100.0,100,100,100,True,auto-link candidate: high name similarity (100.0); similar address/PIN (100); strong hashed PAN/GSTIN/Udyam match; same phone number
PAIR-000004,GST,GST-KA-BLRR-2024-000029,M/S Kaveri Cafe LLP,FACTORY,KFBIS-FAC-BLRR-2025-000018,M/S Kaveri Cafe LLP,562114,100,AUTO_LINK,100.0,100,100,100,True,auto-link candidate: high name similarity (100.0); similar address/PIN (100); strong hashed PAN/GSTIN/Udyam match; same phone number
PAIR-000005,UDYAM,UDYAM-KR-TUM-2021-000074,Bangalore Machining Co,GST,GST-KA-TUM-2018-000122,Bangalore Machining Co,572106,100,AUTO_LINK,100.0,100,100,100,True,auto-link candidate: high name similarity (100.0); similar address/PIN (100); strong hashed PAN/GSTIN/Udyam match; same phone number
PAIR-000006,GST,GST-KA-MYS-2021-000140,Sree Associates,UDYAM,UDYAM-KR-MYS-2023-000085,M/S Sree Associates,570018,100,AUTO_LINK,100.0,100,100,100,True,auto-link candidate: high name similarity (100.0); similar address/PIN (100); strong hashed PAN/GSTIN/Udyam match; same phone number
PAIR-000007,BBMP,BBMP-TL-SOUT-2022-000069,Srinidhi Injection Enterprises,KSPCB,PCB/BLRU/CTE/2018/00082,Srinidhi Injection Enterprises,560076,100,AUTO_LINK,100.0,100,100,100,True,auto-link candidate: high name similarity (100.0); similar address/PIN (100); strong hashed PAN/GSTIN/Udyam match; same phone number
PAIR-000008,SHOP,KAR-SHOP-BLRU-2016-000132,Sri Foods Company,GST,GST-KA-BLRU-2022-000150,Sri Foods Company,560100,100,AUTO_LINK,100.0,100,100,100,True,auto-link candidate: high name similarity (100.0); similar address/PIN (100); strong hashed PAN/GSTIN/Udyam match; same phone number
PAIR-000009,UDYAM,UDYAM-KR-MYS-2020-000113,M/S Srinidhi Traders,KSPCB,PCB/MYS/CTE/2020/00100,Srinidhi Traders,570016,100,AUTO_LINK,100.0,100,100,100,True,auto-link candidate: high name similarity (100.0); similar address/PIN (100); strong hashed PAN/GSTIN/Udyam match; same phone number
PAIR-000010,KSPCB,PCB/MYS/CTE/2020/00100,Srinidhi Traders,GST,GST-KA-MYS-2023-000181,Srinidhi Traders,570016,100,AUTO_LINK,100.0,100,100,100,True,auto-link candidate: high name similarity (100.0); similar address/PIN (100); strong hashed PAN/GSTIN/Udyam match; same phone number
PAIR-000011,GST,GST-KA-BLRR-2025-000195,Kaveri Associates,SHOP,KAR-SHOP-BLRR-2022-000162,M/S Kaveri Associates,562110,100,AUTO_LINK,100.0,100,100,100,True,auto-link candidate: high name similarity (100.0); similar address/PIN (100); strong hashed PAN/GSTIN/Udyam match; same phone number
PAIR-000012,GST,GST-KA-BLRU-2018-000227,Ananya Chem Industries,KSPCB,PCB/BLRU/CTO/2015/00127,Ananya Chem Industries,560059,100,AUTO_LINK,100.0,100,100,100,True,auto-link candidate: high name similarity (100.0); similar address/PIN (100); strong hashed PAN/GSTIN/Udyam match; same phone number
PAIR-000013,SHOP,KAR-SHOP-BLRU-2015-000200,Lakshmi Kitchen Pvt Ltd,BBMP,BBMP-TL-YELA-2022-000121,Lakshmi Kitchen Pvt Ltd,560024,100,AUTO_LINK,100.0,100,100,100,True,auto-link candidate: high name similarity (100.0); similar address/PIN (100); strong hashed PAN/GSTIN/Udyam match; same phone number
PAIR-000014,LABOUR,LAB-KA-BLRU-2020-000150,Udupi Cafe Pvt Ltd,GST,GST-KA-BLRU-2025-000245,M/S Udupi Cafe Pvt Ltd,560102,100,AUTO_LINK,100.0,100,100,100,True,auto-link candidate: high name similarity (100.0); similar address/PIN (100); strong hashed PAN/GSTIN/Udyam match; same phone number
PAIR-000015,BBMP,BBMP-TL-MAHA-2018-000126,Bangalore Industries LLP,GST,GST-KA-BLRU-2017-000249,BANGALORE INDUSTRIES LLP,560066,100,AUTO_LINK,100.0,100,100,100,True,auto-link candidate: high name similarity (100.0); similar address/PIN (100); strong hashed PAN/GSTIN/Udyam match; same phone number
PAIR-000016,SHOP,KAR-SHOP-BLRU-2025-000035,Ananya Print Works,UDYAM,UDYAM-KR-BLRU-2019-000027,Ananya Print Works,560102,99,AUTO_LINK,100.0,95.2,100,100,True,auto-link candidate: high name similarity (100.0); similar address/PIN (95.2); strong hashed PAN/GSTIN/Udyam match; same phone number
PAIR-000017,FACTORY,KFBIS-FAC-BLRU-2019-000024,Bharath Machining Company,GST,GST-KA-BLRU-2016-000043,Bharath Machining Company,560029|560059,99,AUTO_LINK,100.0,95.0,100,100,True,auto-link candidate: high name similarity (100.0); similar address/PIN (95.0); strong hashed PAN/GSTIN/Udyam match; same phone number
PAIR-000018,FACTORY,KFBIS-FAC-MYS-2021-000039,Prakruthi Packaging Solutins,KSPCB,PCB/MYS/CTE/2023/00035,Prakruthi Packaging Solutions,570016,99,AUTO_LINK,98.2,98.1,100,100,True,auto-link candidate: high name similarity (98.2); similar address/PIN (98.1); strong hashed PAN/GSTIN/Udyam match; same phone number
PAIR-000019,GST,GST-KA-BLRR-2015-000114,Lakshmi Graphics Solutions,KSPCB,PCB/BLRR/CTO/2019/00066,Lakshmi Graphics Solutions,562114,99,AUTO_LINK,100.0,95.2,100,100,True,auto-link candidate: high name similarity (100.0); similar address/PIN (95.2); strong hashed PAN/GSTIN/Udyam match; same phone number
PAIR-000020,GST,GST-KA-BLRU-2018-000120,Naveen Coatings Co,KSPCB,PCB/BLRU/CTE/2025/00070,Naveen Coatngs Co,560059,99,AUTO_LINK,96.6,100,100,100,True,auto-link candidate: high name similarity (96.6); similar address/PIN (100); strong hashed PAN/GSTIN/Udyam match; same phone number
PAIR-000021,KSPCB,PCB/BLRU/CTE/2025/00070,Naveen Coatngs Co,FACTORY,KFBIS-FAC-BLRU-2020-000077,M/S Naveen Coatings Co,560059,99,AUTO_LINK,96.6,98.3,100,100,True,auto-link candidate: high name similarity (96.6); similar address/PIN (98.3); strong hashed PAN/GSTIN/Udyam match; same phone number
PAIR-000022,GST,GST-KA-TUM-2018-000122,Bangalore Machining Co,FACTORY,KFBIS-FAC-TUM-2025-000079,Bangalore Machining Co,572106,99,AUTO_LINK,100.0,97.4,100,100,True,auto-link candidate: high name similarity (100.0); similar address/PIN (97.4); strong hashed PAN/GSTIN/Udyam match; same phone number
PAIR-000023,BBMP,BBMP-TL-YELA-2022-000101,Siddhi Enterprises,SHOP,KAR-SHOP-BLRU-2020-000170,Siddhi Enteprises,560064,99,AUTO_LINK,97.1,100,100,100,True,auto-link candidate: high name similarity (97.1); similar address/PIN (100); strong hashed PAN/GSTIN/Udyam match; same phone number
PAIR-000024,UDYAM,UDYAM-KR-BLRU-2018-000150,Mysore Health Industries,GST,GST-KA-BLRU-2019-000237,M/S MYSORE HEALTH INDUSTRIES,560064|560068,99,AUTO_LINK,100.0,94.6,100,100,True,auto-link candidate: high name similarity (100.0); similar address/PIN (94.6); strong hashed PAN/GSTIN/Udyam match; same phone number
PAIR-000025,GST,GST-KA-BLRU-2019-000237,M/S MYSORE HEALTH INDUSTRIES,SHOP,KAR-SHOP-BLRU-2019-000201,Mysore Health Industries,560068,99,AUTO_LINK,100.0,97.2,100,100,True,auto-link candidate: high name similarity (100.0); similar address/PIN (97.2); strong hashed PAN/GSTIN/Udyam match; same phone number
PAIR-000026,FACTORY,KFBIS-FAC-BLRU-2023-000004,Naveen Fashions Traders,LABOUR,LAB-KA-BLRU-2020-000004,Naveen Fashions Traders,560076,98,AUTO_LINK,100.0,100,95,100,True,auto-link candidate: high name similarity (100.0); similar address/PIN (100); strong hashed PAN/GSTIN/Udyam match; same phone number
PAIR-000027,SHOP,KAR-SHOP-BLRU-2017-000010,Siddhi Industrial Industries,UDYAM,UDYAM-KR-BLRU-2016-000008,Siddhi Industrial Industries,560100,98,AUTO_LINK,100.0,100,95,100,True,auto-link candidate: high name similarity (100.0); similar address/PIN (100); strong hashed PAN/GSTIN/Udyam match; same phone number
PAIR-000028,KSPCB,PCB/MYS/CTO/2016/00010,M/S Prakruthi Packaging Solutions,GST,GST-KA-MYS-2022-000016,Prakruthi Packaging Solutions,570016,98,AUTO_LINK,100.0,99.9,95,100,True,auto-link candidate: high name similarity (100.0); similar address/PIN (99.9); strong hashed PAN/GSTIN/Udyam match; same phone number
PAIR-000029,UDYAM,UDYAM-KR-BLRU-2018-000013,Bangalore Moulding Associates,KSPCB,PCB/BLRU/CTO/2024/00012,Bangalore Moulding Associates,560043|560068,98,AUTO_LINK,100.0,97.6,95,100,True,auto-link candidate: high name similarity (100.0); similar address/PIN (97.6); strong hashed PAN/GSTIN/Udyam match; same phone number
PAIR-000030,KSPCB,PCB/BLRR/CTE/2019/00024,M/S Veda Stitch LLP,SHOP,KAR-SHOP-BLRR-2017-000044,Veda Stitch LLP,562114,98,AUTO_LINK,100.0,100,95,100,True,auto-link candidate: high name similarity (100.0); similar address/PIN (100); strong hashed PAN/GSTIN/Udyam match; same phone number
PAIR-000031,SHOP,KAR-SHOP-BLRR-2017-000044,Veda Stitch LLP,UDYAM,UDYAM-KR-BLRR-2023-000034,M/S Veda Stitch LLP,562114,98,AUTO_LINK,100.0,100,95,100,True,auto-link candidate: high name similarity (100.0); similar address/PIN (100); strong hashed PAN/GSTIN/Udyam match; same phone number
PAIR-000032,UDYAM,UDYAM-KR-BLRU-2024-000040,SRINIDHI COMPANY,GST,GST-KA-BLRU-2023-000057,Srinidhi Co,560037,98,AUTO_LINK,100.0,98.7,95,100,True,auto-link candidate: high name similarity (100.0); similar address/PIN (98.7); strong hashed PAN/GSTIN/Udyam match; same phone number
PAIR-000033,LABOUR,LAB-KA-BLRU-2018-000049,Navya Printers Traders,FACTORY,KFBIS-FAC-BLRU-2015-000051,Navya Printers Traders,560100,98,AUTO_LINK,100.0,98.1,95,100,True,auto-link candidate: high name similarity (100.0); similar address/PIN (98.1); strong hashed PAN/GSTIN/Udyam match; same phone number
PAIR-000034,UDYAM,UDYAM-KR-BLRU-2021-000054,Sharma Chem LLP,GST,GST-KA-BLRU-2025-000082,Sharma Chem LLP,560085,98,AUTO_LINK,100.0,100,95,100,True,auto-link candidate: high name similarity (100.0); similar address/PIN (100); strong hashed PAN/GSTIN/Udyam match; same phone number
PAIR-000035,GST,GST-KA-BLRU-2020-000090,M/S Sree Clini Industries,BBMP,BBMP-TL-BOMM-2025-000043,M/S Sree Clinic Industries,560102,98,AUTO_LINK,97.7,100,95,100,True,auto-link candidate: high name similarity (97.7); similar address/PIN (100); strong hashed PAN/GSTIN/Udyam match; same phone number
PAIR-000036,UDYAM,UDYAM-KR-BLRR-2017-000071,LAKSHMI GRAPHICS SOLUTIONS,LABOUR,LAB-KA-BLRR-2025-000071,M/S Lakshmi Graphics Solutions,562114,98,AUTO_LINK,100.0,100,95,100,True,auto-link candidate: high name similarity (100.0); similar address/PIN (100); strong hashed PAN/GSTIN/Udyam match; same phone number
PAIR-000037,UDYAM,UDYAM-KR-BLRU-2020-000073,NAVEEN COATINGS CO,GST,GST-KA-BLRU-2018-000120,Naveen Coatings Co,560059,98,AUTO_LINK,100.0,100,95,100,True,auto-link candidate: high name similarity (100.0); similar address/PIN (100); strong hashed PAN/GSTIN/Udyam match; same phone number
PAIR-000038,LABOUR,LAB-KA-BLRU-2019-000091,Sahana Apparels Co,UDYAM,UDYAM-KR-BLRU-2024-000091,Sahana Apparels Co,560037,98,AUTO_LINK,100.0,100,95,100,True,auto-link candidate: high name similarity (100.0); similar address/PIN (100); strong hashed PAN/GSTIN/Udyam match; same phone number
PAIR-000039,GST,GST-KA-BLRU-2022-000150,Sri Foods Company,FACTORY,KFBIS-FAC-BLRU-2024-000094,M/S Sr Foods Company,560100,98,AUTO_LINK,94.1,99.1,100,100,True,auto-link candidate: high name similarity (94.1); similar address/PIN (99.1); strong hashed PAN/GSTIN/Udyam match; same phone number
PAIR-000040,LABOUR,LAB-KA-TUM-2016-000103,Udupi Sstems Traders,UDYAM,UDYAM-KR-TUM-2017-000105,Udupi Systems Traders,572101,98,AUTO_LINK,97.6,100,95,100,True,auto-link candidate: high name similarity (97.6); similar address/PIN (100); strong hashed PAN/GSTIN/Udyam match; same phone number
PAIR-000041,SHOP,KAR-SHOP-BLRU-2023-000166,Sree Pharma Pvt. Ltd.,UDYAM,UDYAM-KR-BLRU-2019-000124,Sree Pharma Pvt Ltd,560068,98,AUTO_LINK,100.0,100,95,100,True,auto-link candidate: high name similarity (100.0); similar address/PIN (100); strong hashed PAN/GSTIN/Udyam match; same phone number
PAIR-000042,UDYAM,UDYAM-KR-BLRU-2019-000124,Sree Pharma Pvt Ltd,GST,GST-KA-BLRU-2025-000200,M/S Sree Pharma Pvt Ltd,560068,98,AUTO_LINK,100.0,98.9,95,100,True,auto-link candidate: high name similarity (100.0); similar address/PIN (98.9); strong hashed PAN/GSTIN/Udyam match; same phone number
PAIR-000043,BBMP,BBMP-TL-BOMM-2022-000105,Sree Print Co,GST,GST-KA-BLRU-2015-000209,M/S Sree Print Co,560102,98,AUTO_LINK,100.0,100,95,100,True,auto-link candidate: high name similarity (100.0); similar address/PIN (100); strong hashed PAN/GSTIN/Udyam match; same phone number
PAIR-000044,GST,GST-KA-BLRU-2015-000209,M/S Sree Print Co,UDYAM,UDYAM-KR-BLRU-2021-000131,M/S Sree Print Co,560102,98,AUTO_LINK,100.0,100,95,100,True,auto-link candidate: high name similarity (100.0); similar address/PIN (100); strong hashed PAN/GSTIN/Udyam match; same phone number
PAIR-000045,UDYAM,UDYAM-KR-BLRU-2021-000131,M/S Sree Print Co,KSPCB,PCB/BLRU/CTE/2022/00119,M/S Sree Print Co,560102,98,AUTO_LINK,100.0,100,95,100,True,auto-link candidate: high name similarity (100.0); similar address/PIN (100); strong hashed PAN/GSTIN/Udyam match; same phone number
PAIR-000046,LABOUR,LAB-KA-BLRU-2022-000136,M/S Aditya Meds Co,GST,GST-KA-BLRU-2025-000225,ADITYA MEDS CO,560024,98,AUTO_LINK,100.0,97.9,95,100,True,auto-link candidate: high name similarity (100.0); similar address/PIN (97.9); strong hashed PAN/GSTIN/Udyam match; same phone number
PAIR-000047,GST,GST-KA-BLRU-2025-000225,ADITYA MEDS CO,BBMP,BBMP-TL-YELA-2025-000115,M/S Aditya Meds Co,560024,98,AUTO_LINK,100.0,100,95,100,True,auto-link candidate: high name similarity (100.0); similar address/PIN (100); strong hashed PAN/GSTIN/Udyam match; same phone number
PAIR-000048,SHOP,KAR-SHOP-MYS-2024-000213,Lakshmi LLP,UDYAM,UDYAM-KR-MYS-2018-000161,Lakshmi LLP,570016,98,AUTO_LINK,100.0,99.3,95,100,True,auto-link candidate: high name similarity (100.0); similar address/PIN (99.3); strong hashed PAN/GSTIN/Udyam match; same phone number
PAIR-000049,LABOUR,LAB-KA-MYS-2016-000002,Deccan Industres,UDYAM,UDYAM-KR-MYS-2023-000003,Deccan Industries,570001,97,AUTO_LINK,97.0,100,95,100,True,auto-link candidate: high name similarity (97.0); similar address/PIN (100); strong hashed PAN/GSTIN/Udyam match; same phone number
PAIR-000050,LABOUR,LAB-KA-BLRU-2020-000004,Naveen Fashions Traders,UDYAM,UDYAM-KR-BLRU-2016-000006,NAVEEN FASHIONS TRADERS,560076,97,AUTO_LINK,100.0,95.2,95,100,True,auto-link candidate: high name similarity (100.0); similar address/PIN (95.2); strong hashed PAN/GSTIN/Udyam match; same phone number
PAIR-000051,GST,GST-KA-BLRU-2023-000057,Srinidhi Co,FACTORY,KFBIS-FAC-BLRU-2022-000033,Srinidhi Company,560037,97,AUTO_LINK,100.0,96.8,95,100,True,auto-link candidate: high name similarity (100.0); similar address/PIN (96.8); strong hashed PAN/GSTIN/Udyam match; same phone number
PAIR-000052,UDYAM,UDYAM-KR-BLRU-2020-000047,M/S Kavei Systems Pvt Ltd,LABOUR,LAB-KA-BLRU-2023-000043,Kaveri Systems Pvt. Ltd.,560102,97,AUTO_LINK,96.3,100,95,100,True,auto-link candidate: high name similarity (96.3); similar address/PIN (100); strong hashed PAN/GSTIN/Udyam match; same phone number
PAIR-000053,GST,GST-KA-BLRU-2025-000245,M/S Udupi Cafe Pvt Ltd,UDYAM,UDYAM-KR-BLRU-2016-000156,Udupi Cafe Pvt Ltd,560102,97,AUTO_LINK,100.0,94.8,95,100,True,auto-link candidate: high name similarity (100.0); similar address/PIN (94.8); strong hashed PAN/GSTIN/Udyam match; same phone number
PAIR-000054,GST,GST-KA-BLRU-2025-000082,Sharma Chem LLP,FACTORY,KFBIS-FAC-BLRU-2018-000055,M/S Sharma Chem LP,560085,96,AUTO_LINK,88.0,100,100,100,True,auto-link candidate: high name similarity (88.0); similar address/PIN (100); strong hashed PAN/GSTIN/Udyam match; same phone number
PAIR-000055,KSPCB,PCB/BLRU/CTE/2025/00049,Naveen Polymers Solutions,GST,GST-KA-BLRU-2015-000083,Naveen Polymers Solutions,560102,96,AUTO_LINK,100.0,92.8,95,100,True,auto-link candidate: high name similarity (100.0); similar address/PIN (92.8); strong hashed PAN/GSTIN/Udyam match; same phone number
PAIR-000056,BBMP,BBMP-TL-YELA-2025-000115,M/S Aditya Meds Co,SHOP,KAR-SHOP-BLRU-2015-000190,Aditya Meds Co,560024|560064,96,AUTO_LINK,100.0,89.7,95,100,True,auto-link candidate: high name similarity (100.0); similar address/PIN (89.7); strong hashed PAN/GSTIN/Udyam match; same phone number
PAIR-000057,SHOP,KAR-SHOP-BLRU-2023-000179,Ananya Cafe Enterprises,GST,GST-KA-BLRU-2021-000213,M/S Ananya Cafe Entp,560058,95,AUTO_LINK,82.1,100,100,100,True,auto-link candidate: high name similarity (82.1); similar address/PIN (100); strong hashed PAN/GSTIN/Udyam match; same phone number
PAIR-000058,GST,GST-KA-BLRU-2018-000227,Ananya Chem Industries,UDYAM,UDYAM-KR-BLRU-2015-000140,Ananya Chem Inds,560059,95,AUTO_LINK,84.2,100,100,100,True,auto-link candidate: high name similarity (84.2); similar address/PIN (100); strong hashed PAN/GSTIN/Udyam match; same phone number
PAIR-000059,SHOP,KAR-SHOP-BLRU-2016-000215,Asha Packaging Enterprises,GST,GST-KA-BLRU-2025-000254,Asha Packaging Entp,560066,95,AUTO_LINK,84.4,100,100,100,True,auto-link candidate: high name similarity (84.4); similar address/PIN (100); strong hashed PAN/GSTIN/Udyam match; same phone number
PAIR-000060,UDYAM,UDYAM-KR-BLRU-2024-000147,Siddhi Works Entp,KSPCB,PCB/BLRU/CTO/2020/00131,Siddhi Works Enterprises,560076,94,AUTO_LINK,82.9,95.0,100,100,True,auto-link candidate: high name similarity (82.9); similar address/PIN (95.0); strong hashed PAN/GSTIN/Udyam match; same phone number
PAIR-000061,UDYAM,UDYAM-KR-TUM-2015-000022,Kaveri Press Enterprises,GST,GST-KA-TUM-2018-000033,Kaveri Press Entp,572101,93,AUTO_LINK,82.9,91.5,100,100,True,auto-link candidate: high name similarity (82.9); similar address/PIN (91.5); strong hashed PAN/GSTIN/Udyam match; same phone number
PAIR-000062,FACTORY,KFBIS-FAC-BLRU-2021-000070,Omkar Agro Company,UDYAM,UDYAM-KR-BLRU-2022-000067,Omkar Agro Company,560068,93,AUTO_LINK,100.0,100,80,100,True,auto-link candidate: high name similarity (100.0); similar address/PIN (100); strong hashed PAN/GSTIN/Udyam match; same phone number
PAIR-000063,UDYAM,UDYAM-KR-BLRU-2024-000091,Sahana Apparels Co,SHOP,KAR-SHOP-BLRU-2016-000127,Sahan Apparels Co,560037,92,AUTO_LINK,96.6,100,80,100,True,auto-link candidate: high name similarity (96.6); similar address/PIN (100); strong hashed PAN/GSTIN/Udyam match; same phone number
PAIR-000064,UDYAM,UDYAM-KR-BLRU-2017-000154,Omkar Health Enterprises,GST,GST-KA-BLRU-2024-000243,M/S Omkar Healt Entp,560064,92,AUTO_LINK,80.0,100,95,100,True,auto-link candidate: high name similarity (80.0); similar address/PIN (100); strong hashed PAN/GSTIN/Udyam match; same phone number
PAIR-000065,SHOP,KAR-SHOP-BLRU-2015-000012,Mysore Mold Solutions,GST,GST-KA-BLRU-2022-000013,MYSORE MOLD SOLUTIONS,560066,90,AUTO_LINK,100.0,100,100,0,True,auto-link candidate: high name similarity (100.0); similar address/PIN (100); strong hashed PAN/GSTIN/Udyam match
PAIR-000066,BBMP,BBMP-TL-MAHA-2015-000007,Mysore Mold Solutions,UDYAM,UDYAM-KR-BLRU-2018-000010,MYSORE MOLD SOLUTIONS,560066,90,AUTO_LINK,100.0,100,100,0,True,auto-link candidate: high name similarity (100.0); similar address/PIN (100); strong hashed PAN/GSTIN/Udyam match
PAIR-000067,LABOUR,LAB-KA-MYS-2024-000010,Ravi Plastics Works,FACTORY,KFBIS-FAC-MYS-2023-000010,Ravi Plastics Works,570016,90,AUTO_LINK,100.0,100,100,0,True,auto-link candidate: high name similarity (100.0); similar address/PIN (100); strong hashed PAN/GSTIN/Udyam match
PAIR-000068,GST,GST-KA-BLRU-2017-000017,Sri Devices Solutions,UDYAM,UDYAM-KR-BLRU-2025-000012,Sri Devices Solutions,560102,90,AUTO_LINK,100.0,100,100,0,True,auto-link candidate: high name similarity (100.0); similar address/PIN (100); strong hashed PAN/GSTIN/Udyam match
PAIR-000069,SHOP,KAR-SHOP-BLRU-2025-000015,Sri Devices Solutions,LABOUR,LAB-KA-BLRU-2024-000011,Sri Devices Solutions,560102,90,AUTO_LINK,100.0,100,100,0,True,auto-link candidate: high name similarity (100.0); similar address/PIN (100); strong hashed PAN/GSTIN/Udyam match
PAIR-000070,SHOP,KAR-SHOP-BLRR-2022-000022,Omkar LLP,GST,GST-KA-BLRR-2019-000024,OMKAR LLP,561203,90,AUTO_LINK,100.0,100,100,0,True,auto-link candidate: high name similarity (100.0); similar address/PIN (100); strong hashed PAN/GSTIN/Udyam match
PAIR-000071,KSPCB,PCB/BLRU/CTO/2020/00015,Nisarga Industrial Co,FACTORY,KFBIS-FAC-BLRU-2022-000019,Nisarga Industrial Co,560024,90,AUTO_LINK,100.0,100,100,0,True,auto-link candidate: high name similarity (100.0); similar address/PIN (100); strong hashed PAN/GSTIN/Udyam match
PAIR-000072,GST,GST-KA-BLRU-2025-000039,Ananya Print Works,SHOP,KAR-SHOP-BLRU-2025-000035,Ananya Print Works,560102,90,AUTO_LINK,100.0,100,100,0,True,auto-link candidate: high name similarity (100.0); similar address/PIN (100); strong hashed PAN/GSTIN/Udyam match
PAIR-000073,LABOUR,LAB-KA-BLRU-2024-000027,Harsha Packaging Enterprises,KSPCB,PCB/BLRU/CTO/2017/00020,Harsha Packaging Enterprises,560059,90,AUTO_LINK,100.0,100,100,0,True,auto-link candidate: high name similarity (100.0); similar address/PIN (100); strong hashed PAN/GSTIN/Udyam match
PAIR-000074,UDYAM,UDYAM-KR-BLRU-2017-000036,VEDA DEVICES CO,GST,GST-KA-BLRU-2021-000051,M/S Veda Devices Co,560034,90,AUTO_LINK,100.0,100,100,0,True,auto-link candidate: high name similarity (100.0); similar address/PIN (100); strong hashed PAN/GSTIN/Udyam match
PAIR-000075,KSPCB,PCB/TUM/CTE/2023/00033,Bangalore Coatings Co,FACTORY,KFBIS-FAC-TUM-2016-000036,M/S Bangalore Coatings Co,572106,90,AUTO_LINK,100.0,98.4,100,0,True,auto-link candidate: high name similarity (100.0); similar address/PIN (98.4); strong hashed PAN/GSTIN/Udyam match
PAIR-000076,GST,GST-KA-BLRR-2017-000059,Aditya Medical Pvt. Ltd.,BBMP,BBMP-TL-BENG-2023-000025,M/S Aditya Medical Pvt Ltd,562114,90,AUTO_LINK,100.0,100,100,0,True,auto-link candidate: high name similarity (100.0); similar address/PIN (100); strong hashed PAN/GSTIN/Udyam match
PAIR-000077,GST,GST-KA-MYS-2019-000066,Bangalore Works,FACTORY,KFBIS-FAC-MYS-2023-000043,M/S Bangalore Works,570016,90,AUTO_LINK,100.0,100,100,0,True,auto-link candidate: high name similarity (100.0); similar address/PIN (100); strong hashed PAN/GSTIN/Udyam match
PAIR-000078,FACTORY,KFBIS-FAC-MYS-2024-000048,Ananya Devices Solutions,GST,GST-KA-MYS-2017-000072,M/S Ananya Devices Solutions,570016,90,AUTO_LINK,100.0,100,100,0,True,auto-link candidate: high name similarity (100.0); similar address/PIN (100); strong hashed PAN/GSTIN/Udyam match
PAIR-000079,BBMP,BBMP-TL-SOUT-2024-000035,M/S Ananya Labs Pvt Ltd,FACTORY,KFBIS-FAC-BLRU-2017-000049,M/S Ananya Labs Pvt Ltd,560085,90,AUTO_LINK,100.0,100,100,0,True,auto-link candidate: high name similarity (100.0); similar address/PIN (100); strong hashed PAN/GSTIN/Udyam match
PAIR-000080,GST,GST-KA-BLRR-2018-000073,Mysore Cargo Solutions,SHOP,KAR-SHOP-BLRR-2019-000069,Mysore Cargo Solutions,562114,90,AUTO_LINK,100.0,99.7,100,0,True,auto-link candidate: high name similarity (100.0); similar address/PIN (99.7); strong hashed PAN/GSTIN/Udyam match
PAIR-000081,LABOUR,LAB-KA-BLRU-2018-000048,Aditya Garments Industries,GST,GST-KA-BLRU-2024-000077,ADITYA GARMENTS INDUSTRIES,560064,90,AUTO_LINK,100.0,100,100,0,True,auto-link candidate: high name similarity (100.0); similar address/PIN (100); strong hashed PAN/GSTIN/Udyam match
PAIR-000082,LABOUR,LAB-KA-BLRU-2020-000066,M/S Aarohi Bakery Industries,GST,GST-KA-BLRU-2015-000102,Aarohi Bakery Industries,560064,90,AUTO_LINK,100.0,100,100,0,True,auto-link candidate: high name similarity (100.0); similar address/PIN (100); strong hashed PAN/GSTIN/Udyam match
PAIR-000083,UDYAM,UDYAM-KR-MYS-2016-000068,M/S NISARGA PACKAGING TRADERS,KSPCB,PCB/MYS/CTE/2025/00063,Nisarga Packaging Traders,570001,90,AUTO_LINK,100.0,100,100,0,True,auto-link candidate: high name similarity (100.0); similar address/PIN (100); strong hashed PAN/GSTIN/Udyam match
PAIR-000084,KSPCB,PCB/MYS/CTE/2025/00063,Nisarga Packaging Traders,FACTORY,KFBIS-FAC-MYS-2025-000071,Nisarga Packaging Traders,570001,90,AUTO_LINK,100.0,100,100,0,True,auto-link candidate: high name similarity (100.0); similar address/PIN (100); strong hashed PAN/GSTIN/Udyam match
PAIR-000085,FACTORY,KFBIS-FAC-MYS-2025-000071,Nisarga Packaging Traders,LABOUR,LAB-KA-MYS-2022-000067,Nisarga Packaging Traders,570001,90,AUTO_LINK,100.0,100,100,0,True,auto-link candidate: high name similarity (100.0); similar address/PIN (100); strong hashed PAN/GSTIN/Udyam match
PAIR-000086,GST,GST-KA-BLRU-2016-000115,Meghana Machining Works,KSPCB,PCB/BLRU/CTO/2025/00067,Meghana Machining Works,560066,90,AUTO_LINK,100.0,99.7,100,0,True,auto-link candidate: high name similarity (100.0); similar address/PIN (99.7); strong hashed PAN/GSTIN/Udyam match
PAIR-000087,SHOP,KAR-SHOP-BLRU-2023-000102,Sahana Kitchen Solutions,LABOUR,LAB-KA-BLRU-2018-000073,Sahana Kitchen Solutions,560058,90,AUTO_LINK,100.0,100,100,0,True,auto-link candidate: high name similarity (100.0); similar address/PIN (100); strong hashed PAN/GSTIN/Udyam match
PAIR-000088,LABOUR,LAB-KA-BLRR-2017-000074,Aditya Chem Co,GST,GST-KA-BLRR-2025-000118,Aditya Chem Co,561203,90,AUTO_LINK,100.0,100,100,0,True,auto-link candidate: high name similarity (100.0); similar address/PIN (100); strong hashed PAN/GSTIN/Udyam match
PAIR-000089,UDYAM,UDYAM-KR-BLRU-2025-000077,M/S Ananya CNC LLP,GST,GST-KA-BLRU-2018-000125,M/S Ananya CNC LLP,560037,90,AUTO_LINK,100.0,100,100,0,True,auto-link candidate: high name similarity (100.0); similar address/PIN (100); strong hashed PAN/GSTIN/Udyam match
PAIR-000090,GST,GST-KA-MYS-2025-000131,Asha Bakery Co,KSPCB,PCB/MYS/CTE/2021/00076,Asha Bakery Co,570001,90,AUTO_LINK,100.0,100,100,0,True,auto-link candidate: high name similarity (100.0); similar address/PIN (100); strong hashed PAN/GSTIN/Udyam match
PAIR-000091,GST,GST-KA-BLRU-2020-000151,PRAKRUTHI BITES COMPANY,BBMP,BBMP-TL-SOUT-2016-000076,Prakruthi Bites Company,560068,90,AUTO_LINK,100.0,100,100,0,True,auto-link candidate: high name similarity (100.0); similar address/PIN (100); strong hashed PAN/GSTIN/Udyam match
PAIR-000092,GST,GST-KA-BLRR-2022-000154,M/S SRI MOULDING WORKS,KSPCB,PCB/BLRR/CTE/2025/00088,Sri Moulding Works,562157,90,AUTO_LINK,100.0,100,100,0,True,auto-link candidate: high name similarity (100.0); similar address/PIN (100); strong hashed PAN/GSTIN/Udyam match
PAIR-000093,SHOP,KAR-SHOP-BLRU-2024-000136,Nisarga Clinic LLP,GST,GST-KA-BLRU-2022-000157,Nisarga Clinic LLP,560068,90,AUTO_LINK,100.0,100,100,0,True,auto-link candidate: high name similarity (100.0); similar address/PIN (100); strong hashed PAN/GSTIN/Udyam match
PAIR-000094,GST,GST-KA-BLRU-2015-000165,M/S Srinidhi Works,LABOUR,LAB-KA-BLRU-2021-000105,Srinidhi Works,560043,90,AUTO_LINK,100.0,100,100,0,True,auto-link candidate: high name similarity (100.0); similar address/PIN (100); strong hashed PAN/GSTIN/Udyam match
PAIR-000095,FACTORY,KFBIS-FAC-BLRU-2025-000099,Ananya Resins Industries,LABOUR,LAB-KA-BLRU-2021-000106,M/S Ananya Resins Industries,560064,90,AUTO_LINK,100.0,100,100,0,True,auto-link candidate: high name similarity (100.0); similar address/PIN (100); strong hashed PAN/GSTIN/Udyam match
PAIR-000096,GST,GST-KA-BLRU-2024-000166,Ananya Resins Industries,LABOUR,LAB-KA-BLRU-2021-000106,M/S Ananya Resins Industries,560064,90,AUTO_LINK,100.0,100,100,0,True,auto-link candidate: high name similarity (100.0); similar address/PIN (100); strong hashed PAN/GSTIN/Udyam match
PAIR-000097,GST,GST-KA-BLRU-2015-000168,Siddhi Industries,KSPCB,PCB/BLRU/CTO/2019/00093,M/S Siddhi Industries,560029,90,AUTO_LINK,100.0,100,100,0,True,auto-link candidate: high name similarity (100.0); similar address/PIN (100); strong hashed PAN/GSTIN/Udyam match
PAIR-000098,GST,GST-KA-BLRU-2024-000172,Lakshmi Works,FACTORY,KFBIS-FAC-BLRU-2018-000102,Lakshmi Works,560085,90,AUTO_LINK,100.0,100,100,0,True,auto-link candidate: high name similarity (100.0); similar address/PIN (100); strong hashed PAN/GSTIN/Udyam match
PAIR-000099,GST,GST-KA-BLRU-2025-000182,M/S Prakruthi Biryani Solutions,BBMP,BBMP-TL-YELA-2022-000089,M/S Prakruthi Biryani Solutions,560064,90,AUTO_LINK,100.0,100,100,0,True,auto-link candidate: high name similarity (100.0); similar address/PIN (100); strong hashed PAN/GSTIN/Udyam match
PAIR-000100,GST,GST-KA-BLRU-2025-000189,M/S Mysore Biryani Associates,SHOP,KAR-SHOP-BLRU-2023-000160,Mysore Biryani Associates,560066,90,AUTO_LINK,100.0,100,100,0,True,auto-link candidate: high name similarity (100.0); similar address/PIN (100); strong hashed PAN/GSTIN/Udyam match
PAIR-000101,GST,GST-KA-BLRU-2020-000196,Veda Precision Company,UDYAM,UDYAM-KR-BLRU-2015-000122,Veda Precision Company,560058,90,AUTO_LINK,100.0,100,100,0,True,auto-link candidate: high name similarity (100.0); similar address/PIN (100); strong hashed PAN/GSTIN/Udyam match
PAIR-000102,FACTORY,KFBIS-FAC-BLRU-2024-000117,Veda Print Enterprises,GST,GST-KA-BLRU-2018-000206,M/S Veda Print Enterprises,560029,90,AUTO_LINK,100.0,100,100,0,True,auto-link candidate: high name similarity (100.0); similar address/PIN (100); strong hashed PAN/GSTIN/Udyam match
PAIR-000103,GST,GST-KA-MYS-2021-000207,Aditya Polymers Associates,LABOUR,LAB-KA-MYS-2020-000128,Aditya Polymers Associates,570001,90,AUTO_LINK,100.0,100,100,0,True,auto-link candidate: high name similarity (100.0); similar address/PIN (100); strong hashed PAN/GSTIN/Udyam match
PAIR-000104,LABOUR,LAB-KA-MYS-2020-000128,Aditya Polymers Associates,FACTORY,KFBIS-FAC-MYS-2017-000118,M/S Aditya Polymers Associates,570001,90,AUTO_LINK,100.0,100,100,0,True,auto-link candidate: high name similarity (100.0); similar address/PIN (100); strong hashed PAN/GSTIN/Udyam match
PAIR-000105,GST,GST-KA-BLRU-2019-000215,M/S Ganesh Care Company,SHOP,KAR-SHOP-BLRU-2018-000181,Ganesh Care Company,560034,90,AUTO_LINK,100.0,100,100,0,True,auto-link candidate: high name similarity (100.0); similar address/PIN (100); strong hashed PAN/GSTIN/Udyam match
PAIR-000106,BBMP,BBMP-TL-MAHA-2017-000112,Bharath Clinic Associates,SHOP,KAR-SHOP-BLRU-2017-000186,Bharath Clinic Associates,560037,90,AUTO_LINK,100.0,100,100,0,True,auto-link candidate: high name similarity (100.0); similar address/PIN (100); strong hashed PAN/GSTIN/Udyam match
PAIR-000107,FACTORY,KFBIS-FAC-MYS-2018-000125,Prakruthi Packaging Eterprises,GST,GST-KA-MYS-2020-000226,Prakruthi Packaging Enterprises,570001,90,AUTO_LINK,98.4,100,100,0,True,auto-link candidate: high name similarity (98.4); similar address/PIN (100); strong hashed PAN/GSTIN/Udyam match
PAIR-000108,GST,GST-KA-BLRU-2020-000239,Srinidhi Press Works,FACTORY,KFBIS-FAC-BLRU-2016-000131,M/S Srinidhi Press Works,560078,90,AUTO_LINK,100.0,100,100,0,True,auto-link candidate: high name similarity (100.0); similar address/PIN (100); strong hashed PAN/GSTIN/Udyam match
PAIR-000109,GST,GST-KA-BLRU-2024-000243,M/S Omkar Healt Entp,SHOP,KAR-SHOP-BLRU-2021-000207,M/S Omkar Health Enterprises,560064,90,AUTO_LINK,80.0,92.9,95,100,True,auto-link candidate: high name similarity (80.0); similar address/PIN (92.9); strong hashed PAN/GSTIN/Udyam match; same phone number
PAIR-000110,KSPCB,PCB/BLRU/CTE/2018/00007,Siddhi Industrial Inds,UDYAM,UDYAM-KR-BLRU-2016-000008,Siddhi Industrial Industries,560100,89,AUTO_LINK,88.0,96.4,80,100,True,auto-link candidate: high name similarity (88.0); similar address/PIN (96.4); strong hashed PAN/GSTIN/Udyam match; same phone number
PAIR-000111,FACTORY,KFBIS-FAC-MYS-2023-000010,Ravi Plastics Works,SHOP,KAR-SHOP-MYS-2015-000014,Ravi lastics Works,570016,89,AUTO_LINK,97.3,98.9,100,0,True,auto-link candidate: high name similarity (97.3); similar address/PIN (98.9); strong hashed PAN/GSTIN/Udyam match
PAIR-000112,SHOP,KAR-SHOP-BLRU-2025-000015,Sri Devices Solutions,GST,GST-KA-BLRU-2017-000017,Sri Devices Solutions,560102,89,AUTO_LINK,100.0,94.0,100,0,True,auto-link candidate: high name similarity (100.0); similar address/PIN (94.0); strong hashed PAN/GSTIN/Udyam match
PAIR-000113,SHOP,KAR-SHOP-MYS-2016-000042,M/S Prakruthi Electronics Industries,UDYAM,UDYAM-KR-MYS-2024-000032,M/S Prakruthi Electronics Industries,570016,89,AUTO_LINK,100.0,96.9,100,0,True,auto-link candidate: high name similarity (100.0); similar address/PIN (96.9); strong hashed PAN/GSTIN/Udyam match
PAIR-000114,GST,GST-KA-BLRU-2015-000046,Siddhi Systems LLP,KSPCB,PCB/BLRU/CTO/2017/00023,Siddhi Systems LLP,560059|560043,89,AUTO_LINK,100.0,94.2,100,0,True,auto-link candidate: high name similarity (100.0); similar address/PIN (94.2); strong hashed PAN/GSTIN/Udyam match
PAIR-000115,FACTORY,KFBIS-FAC-BLRU-2015-000035,Rai Tech Associates,GST,GST-KA-BLRU-2016-000058,Ravi Tech Associates,560066,89,AUTO_LINK,97.4,100,100,0,True,auto-link candidate: high name similarity (97.4); similar address/PIN (100); strong hashed PAN/GSTIN/Udyam match
PAIR-000116,GST,GST-KA-BLRU-2016-000058,Ravi Tech Associates,KSPCB,PCB/BLRU/CTE/2019/00032,Ravi Tech Associates,560066,89,AUTO_LINK,100.0,96.4,100,0,True,auto-link candidate: high name similarity (100.0); similar address/PIN (96.4); strong hashed PAN/GSTIN/Udyam match
PAIR-000117,GST,GST-KA-BLRU-2024-000103,OMKAR AGRO CO,KSPCB,PCB/BLRU/CTE/2019/00060,Omkar Agro Co,560100,89,AUTO_LINK,100.0,95.5,100,0,True,auto-link candidate: high name similarity (100.0); similar address/PIN (95.5); strong hashed PAN/GSTIN/Udyam match
PAIR-000118,GST,GST-KA-MYS-2018-000105,M/S NISARGA PCKAGING TRADERS,UDYAM,UDYAM-KR-MYS-2016-000068,M/S NISARGA PACKAGING TRADERS,570001,89,AUTO_LINK,98.0,100,100,0,True,auto-link candidate: high name similarity (98.0); similar address/PIN (100); strong hashed PAN/GSTIN/Udyam match
PAIR-000119,GST,GST-KA-MYS-2018-000105,M/S NISARGA PCKAGING TRADERS,LABOUR,LAB-KA-MYS-2022-000067,Nisarga Packaging Traders,570001,89,AUTO_LINK,98.0,100,100,0,True,auto-link candidate: high name similarity (98.0); similar address/PIN (100); strong hashed PAN/GSTIN/Udyam match
PAIR-000120,LABOUR,LAB-KA-BLRR-2017-000074,Aditya Chem Co,FACTORY,KFBIS-FAC-BLRR-2024-000076,M/S Aditya Chem Co,561203,89,AUTO_LINK,100.0,96.7,100,0,True,auto-link candidate: high name similarity (100.0); similar address/PIN (96.7); strong hashed PAN/GSTIN/Udyam match
PAIR-000121,FACTORY,KFBIS-FAC-TUM-2025-000079,Bangalore Machining Co,LABOUR,LAB-KA-TUM-2024-000076,Bangalore Machining Co,572106,89,AUTO_LINK,100.0,97.4,100,0,True,auto-link candidate: high name similarity (100.0); similar address/PIN (97.4); strong hashed PAN/GSTIN/Udyam match
PAIR-000122,GST,GST-KA-BLRU-2018-000125,M/S Ananya CNC LLP,KSPCB,PCB/BLRU/CTO/2020/00073,Ananya CNC LLP,560037,89,AUTO_LINK,100.0,96.8,100,0,True,auto-link candidate: high name similarity (100.0); similar address/PIN (96.8); strong hashed PAN/GSTIN/Udyam match
PAIR-000123,KSPCB,PCB/BLRU/CTE/2022/00085,Navya Solvents Pvt Ltd,GST,GST-KA-BLRU-2020-000146,Navya Solvents Pvt Ltd,560059,89,AUTO_LINK,100.0,96.1,100,0,True,auto-link candidate: high name similarity (100.0); similar address/PIN (96.1); strong hashed PAN/GSTIN/Udyam match
PAIR-000124,KSPCB,PCB/BLRU/CTO/2019/00093,M/S Siddhi Industries,UDYAM,UDYAM-KR-BLRU-2017-000107,Siddhi Industries,560029,89,AUTO_LINK,100.0,95.7,100,0,True,auto-link candidate: high name similarity (100.0); similar address/PIN (95.7); strong hashed PAN/GSTIN/Udyam match
PAIR-000125,UDYAM,UDYAM-KR-BLRU-2017-000001,M/S Vijaya Associates,GST,GST-KA-BLRU-2015-000001,Vijaya Associates,560068,88,AUTO_LINK,100.0,100,95,0,True,auto-link candidate: high name similarity (100.0); similar address/PIN (100); strong hashed PAN/GSTIN/Udyam match
PAIR-000126,GST,GST-KA-BLRU-2025-000007,Ganesh Dine LLP,UDYAM,UDYAM-KR-BLRU-2015-000005,Ganesh Dine LLP,560085,88,AUTO_LINK,100.0,100,95,0,True,auto-link candidate: high name similarity (100.0); similar address/PIN (100); strong hashed PAN/GSTIN/Udyam match
PAIR-000127,UDYAM,UDYAM-KR-MYS-2020-000007,Naveen Systems Pvt. Ltd.,KSPCB,PCB/MYS/CTO/2023/00006,Naveen Systems Pvt Ltd,570001,88,AUTO_LINK,100.0,100,95,0,True,auto-link candidate: high name similarity (100.0); similar address/PIN (100); strong hashed PAN/GSTIN/Udyam match
PAIR-000128,GST,GST-KA-BLRR-2023-000010,MEGHANA WAREHOUSE TRADERS,UDYAM,UDYAM-KR-BLRR-2023-000009,MEGHANA WAREHOUSE TRADERS,562110,88,AUTO_LINK,100.0,98.9,95,0,True,auto-link candidate: high name similarity (100.0); similar address/PIN (98.9); strong hashed PAN/GSTIN/Udyam match
PAIR-000129,UDYAM,UDYAM-KR-BLRR-2023-000009,MEGHANA WAREHOUSE TRADERS,BBMP,BBMP-TL-BENG-2020-000005,Meghana Warehouse Traders,562110,88,AUTO_LINK,100.0,100,95,0,True,auto-link candidate: high name similarity (100.0); similar address/PIN (100); strong hashed PAN/GSTIN/Udyam match
PAIR-000130,BBMP,BBMP-TL-BENG-2020-000005,Meghana Warehouse Traders,LABOUR,LAB-KA-BLRR-2022-000006,M/S Meghana Warehouse Traders,562110,88,AUTO_LINK,100.0,100,95,0,True,auto-link candidate: high name similarity (100.0); similar address/PIN (100); strong hashed PAN/GSTIN/Udyam match
PAIR-000131,GST,GST-KA-MYS-2022-000016,Prakruthi Packaging Solutions,LABOUR,LAB-KA-MYS-2015-000009,M/S Praruthi Packaging Solutions,570016,88,AUTO_LINK,98.2,100,95,0,True,auto-link candidate: high name similarity (98.2); similar address/PIN (100); strong hashed PAN/GSTIN/Udyam match
PAIR-000132,UDYAM,UDYAM-KR-BLRU-2025-000012,Sri Devices Solutions,BBMP,BBMP-TL-BOMM-2019-000008,Sri Devices Slutions,560102,88,AUTO_LINK,97.6,100,95,0,True,auto-link candidate: high name similarity (97.6); similar address/PIN (100); strong hashed PAN/GSTIN/Udyam match
PAIR-000133,LABOUR,LAB-KA-BLRU-2015-000012,M/S Sree Solutions,GST,GST-KA-BLRU-2018-000018,SREE SOLUTIONS,560085,88,AUTO_LINK,100.0,100,95,0,True,auto-link candidate: high name similarity (100.0); similar address/PIN (100); strong hashed PAN/GSTIN/Udyam match
PAIR-000134,SHOP,KAR-SHOP-BLRR-2017-000020,Bharath Garments Traders,UDYAM,UDYAM-KR-BLRR-2019-000015,M/S Bharath Garments Traders,562110,88,AUTO_LINK,100.0,100,95,0,True,auto-link candidate: high name similarity (100.0); similar address/PIN (100); strong hashed PAN/GSTIN/Udyam match
PAIR-000135,UDYAM,UDYAM-KR-BLRR-2019-000015,M/S Bharath Garments Traders,FACTORY,KFBIS-FAC-BLRR-2022-000016,Bharath Garments Traders,562110,88,AUTO_LINK,100.0,100,95,0,True,auto-link candidate: high name similarity (100.0); similar address/PIN (100); strong hashed PAN/GSTIN/Udyam match
PAIR-000136,FACTORY,KFBIS-FAC-BLRR-2022-000016,Bharath Garments Traders,GST,GST-KA-BLRR-2020-000022,BHARATH GARMENTS TRADERS,562110,88,AUTO_LINK,100.0,100,95,0,True,auto-link candidate: high name similarity (100.0); similar address/PIN (100); strong hashed PAN/GSTIN/Udyam match
PAIR-000137,GST,GST-KA-BLRR-2020-000022,BHARATH GARMENTS TRADERS,LABOUR,LAB-KA-BLRR-2018-000015,M/S Bharath Garments Traders,562110,88,AUTO_LINK,100.0,100,95,0,True,auto-link candidate: high name similarity (100.0); similar address/PIN (100); strong hashed PAN/GSTIN/Udyam match
PAIR-000138,GST,GST-KA-BLRU-2016-000023,M/S Mysore Enterprises,LABOUR,LAB-KA-BLRU-2025-000016,Mysore Enterprises,560102,88,AUTO_LINK,100.0,100,95,0,True,auto-link candidate: high name similarity (100.0); similar address/PIN (100); strong hashed PAN/GSTIN/Udyam match
PAIR-000139,SHOP,KAR-SHOP-BLRR-2024-000025,Kaveri Cafe LLP,GST,GST-KA-BLRR-2024-000029,M/S Kaveri Cafe LLP,562114,88,AUTO_LINK,100.0,100,95,0,True,auto-link candidate: high name similarity (100.0); similar address/PIN (100); strong hashed PAN/GSTIN/Udyam match
PAIR-000140,UDYAM,UDYAM-KR-MYS-2021-000021,Aditya Circuits Works,LABOUR,LAB-KA-MYS-2015-000021,Aditya Circuits Works,570016,88,AUTO_LINK,100.0,100,95,0,True,auto-link candidate: high name similarity (100.0); similar address/PIN (100); strong hashed PAN/GSTIN/Udyam match
PAIR-000141,LABOUR,LAB-KA-MYS-2015-000021,Aditya Circuits Works,GST,GST-KA-MYS-2023-000032,ADITYA CIRCUITS WORKS,570016,88,AUTO_LINK,100.0,100,95,0,True,auto-link candidate: high name similarity (100.0); similar address/PIN (100); strong hashed PAN/GSTIN/Udyam match
PAIR-000142,SHOP,KAR-SHOP-BLRU-2023-000032,Ravi LLP,GST,GST-KA-BLRU-2018-000036,Ravi LLP,560043,88,AUTO_LINK,100.0,100,95,0,True,auto-link candidate: high name similarity (100.0); similar address/PIN (100); strong hashed PAN/GSTIN/Udyam match
PAIR-000143,GST,GST-KA-BLRU-2018-000036,Ravi LLP,UDYAM,UDYAM-KR-BLRU-2018-000025,Ravi LLP,560043,88,AUTO_LINK,100.0,100,95,0,True,auto-link candidate: high name similarity (100.0); similar address/PIN (100); strong hashed PAN/GSTIN/Udyam match
PAIR-000144,FACTORY,KFBIS-FAC-BLRU-2016-000022,M/S Omkar Pvt Ltd,KSPCB,PCB/BLRU/CTE/2024/00018,Omkar Pvt Ltd,560043,88,AUTO_LINK,100.0,100,95,0,True,auto-link candidate: high name similarity (100.0); similar address/PIN (100); strong hashed PAN/GSTIN/Udyam match
PAIR-000145,FACTORY,KFBIS-FAC-BLRU-2015-000023,M/S Harsha Packaging Enterprises,UDYAM,UDYAM-KR-BLRU-2016-000030,Harsha Packaging Enterprises,560059,88,AUTO_LINK,100.0,100,95,0,True,auto-link candidate: high name similarity (100.0); similar address/PIN (100); strong hashed PAN/GSTIN/Udyam match
PAIR-000146,UDYAM,UDYAM-KR-BLRU-2016-000030,Harsha Packaging Enterprises,LABOUR,LAB-KA-BLRU-2024-000027,Harsha Packaging Enterprises,560059,88,AUTO_LINK,100.0,99.4,95,0,True,auto-link candidate: high name similarity (100.0); similar address/PIN (99.4); strong hashed PAN/GSTIN/Udyam match
PAIR-000147,LABOUR,LAB-KA-BLRU-2021-000029,Siddhi Systems LLP,GST,GST-KA-BLRU-2015-000046,Siddhi Systems LLP,560043|560059,88,AUTO_LINK,100.0,91.5,100,0,True,auto-link candidate: high name similarity (100.0); similar address/PIN (91.5); strong hashed PAN/GSTIN/Udyam match
PAIR-000148,KSPCB,PCB/BLRU/CTO/2025/00027,Veda Devices Co,SHOP,KAR-SHOP-BLRU-2017-000045,Veda Devices Co,560034,88,AUTO_LINK,100.0,100,95,0,True,auto-link candidate: high name similarity (100.0); similar address/PIN (100); strong hashed PAN/GSTIN/Udyam match
PAIR-000149,SHOP,KAR-SHOP-BLRU-2017-000045,Veda Devices Co,GST,GST-KA-BLRU-2021-000051,M/S Veda Devices Co,560034,88,AUTO_LINK,100.0,100,95,0,True,auto-link candidate: high name similarity (100.0); similar address/PIN (100); strong hashed PAN/GSTIN/Udyam match
PAIR-000150,GST,GST-KA-BLRU-2020-000052,M/S Sri Agro Industries,SHOP,KAR-SHOP-BLRU-2018-000046,M/S Sri Agro Industries,560076,88,AUTO_LINK,100.0,100,95,0,True,auto-link candidate: high name similarity (100.0); similar address/PIN (100); strong hashed PAN/GSTIN/Udyam match
PAIR-000151,KSPCB,PCB/BLRU/CTE/2023/00030,M/S Srinidhi Co,UDYAM,UDYAM-KR-BLRU-2024-000040,SRINIDHI COMPANY,560037,88,AUTO_LINK,100.0,98.9,95,0,True,auto-link candidate: high name similarity (100.0); similar address/PIN (98.9); strong hashed PAN/GSTIN/Udyam match
PAIR-000152,FACTORY,KFBIS-FAC-BLRU-2017-000037,Meghana Coatings Traders,KSPCB,PCB/BLRU/CTO/2016/00034,Meghana Coatings Traders,560068,88,AUTO_LINK,100.0,100,95,0,True,auto-link candidate: high name similarity (100.0); similar address/PIN (100); strong hashed PAN/GSTIN/Udyam match
PAIR-000153,KSPCB,PCB/BLRU/CTO/2016/00034,Meghana Coatings Traders,GST,GST-KA-BLRU-2020-000061,MEGHANA COATINGS TRADERS,560068,88,AUTO_LINK,100.0,100,95,0,True,auto-link candidate: high name similarity (100.0); similar address/PIN (100); strong hashed PAN/GSTIN/Udyam match
PAIR-000154,SHOP,KAR-SHOP-BLRR-2019-000069,Mysore Cargo Solutions,BBMP,BBMP-TL-BENG-2020-000036,Mysore Cargo Solutions,562114,88,AUTO_LINK,100.0,91.6,100,0,True,auto-link candidate: high name similarity (100.0); similar address/PIN (91.6); strong hashed PAN/GSTIN/Udyam match
PAIR-000155,UDYAM,UDYAM-KR-TUM-2024-000050,Sharma CNC Enterprises,LABOUR,LAB-KA-TUM-2016-000047,Sharma CNC Enterprises,572106,88,AUTO_LINK,100.0,98.9,95,0,True,auto-link candidate: high name similarity (100.0); similar address/PIN (98.9); strong hashed PAN/GSTIN/Udyam match
PAIR-000156,LABOUR,LAB-KA-TUM-2016-000047,Sharma CNC Enterprises,GST,GST-KA-TUM-2020-000076,SHARMA CNC ENTERPRISES,572106,88,AUTO_LINK,100.0,100,95,0,True,auto-link candidate: high name similarity (100.0); similar address/PIN (100); strong hashed PAN/GSTIN/Udyam match
PAIR-000157,UDYAM,UDYAM-KR-TUM-2024-000050,Sharma CNC Enterprises,KSPCB,PCB/TUM/CTE/2023/00044,M/S Sharma CNC Enterprises,572106,88,AUTO_LINK,100.0,100,95,0,True,auto-link candidate: high name similarity (100.0); similar address/PIN (100); strong hashed PAN/GSTIN/Udyam match
PAIR-000158,BBMP,BBMP-TL-YELA-2017-000038,Aditya Garments Industries,LABOUR,LAB-KA-BLRU-2018-000048,Aditya Garments Industries,560064,88,AUTO_LINK,100.0,100,95,0,True,auto-link candidate: high name similarity (100.0); similar address/PIN (100); strong hashed PAN/GSTIN/Udyam match
PAIR-000159,FACTORY,KFBIS-FAC-BLRU-2015-000051,Navya Printers Traders,GST,GST-KA-BLRU-2020-000078,M/S Navya Printers Traders,560100,88,AUTO_LINK,100.0,100,95,0,True,auto-link candidate: high name similarity (100.0); similar address/PIN (100); strong hashed PAN/GSTIN/Udyam match
PAIR-000160,FACTORY,KFBIS-FAC-BLRU-2022-000052,Kaveri Pvt Ltd,GST,GST-KA-BLRU-2021-000079,Kaveri Pvt Ltd,560029,88,AUTO_LINK,100.0,100,95,0,True,auto-link candidate: high name similarity (100.0); similar address/PIN (100); strong hashed PAN/GSTIN/Udyam match
PAIR-000161,UDYAM,UDYAM-KR-BLRU-2023-000053,Mysore Fashions Enterprises,GST,GST-KA-BLRU-2019-000080,M/S Mysore Fashions Enterprises,560064,88,AUTO_LINK,100.0,98.1,95,0,True,auto-link candidate: high name similarity (100.0); similar address/PIN (98.1); strong hashed PAN/GSTIN/Udyam match
PAIR-000162,FACTORY,KFBIS-FAC-BLRU-2022-000058,Harsha Tools Associates,SHOP,KAR-SHOP-BLRU-2024-000074,Harsha Tools Associates,560001,88,AUTO_LINK,100.0,100,95,0,True,auto-link candidate: high name similarity (100.0); similar address/PIN (100); strong hashed PAN/GSTIN/Udyam match
PAIR-000163,GST,GST-KA-BLRU-2025-000086,PRAKRUTHI PACKAGING INDUSTRIES,KSPCB,PCB/BLRU/CTE/2022/00052,Prakruthi Packaging Industries,560043,88,AUTO_LINK,100.0,100,95,0,True,auto-link candidate: high name similarity (100.0); similar address/PIN (100); strong hashed PAN/GSTIN/Udyam match
PAIR-000164,KSPCB,PCB/BLRU/CTE/2022/00052,Prakruthi Packaging Industries,SHOP,KAR-SHOP-BLRU-2025-000077,M/S Prakruthi Packaging Industries,560043,88,AUTO_LINK,100.0,100,95,0,True,auto-link candidate: high name similarity (100.0); similar address/PIN (100); strong hashed PAN/GSTIN/Udyam match
PAIR-000165,SHOP,KAR-SHOP-BLRR-2016-000079,M/S Aarohi Medical Works,BBMP,BBMP-TL-BENG-2016-000042,M/S Aarohi Medical Works,562110,88,AUTO_LINK,100.0,99.7,95,0,True,auto-link candidate: high name similarity (100.0); similar address/PIN (99.7); strong hashed PAN/GSTIN/Udyam match
PAIR-000166,BBMP,BBMP-TL-BENG-2016-000042,M/S Aarohi Medical Works,GST,GST-KA-BLRR-2022-000089,Aarohi Medical Works,562110,88,AUTO_LINK,100.0,100,95,0,True,auto-link candidate: high name similarity (100.0); similar address/PIN (100); strong hashed PAN/GSTIN/Udyam match
PAIR-000167,LABOUR,LAB-KA-BLRU-2019-000058,Aarohi Apparels Company,UDYAM,UDYAM-KR-BLRU-2024-000059,Aarohi Apparels Company,560076,88,AUTO_LINK,100.0,100,95,0,True,auto-link candidate: high name similarity (100.0); similar address/PIN (100); strong hashed PAN/GSTIN/Udyam match
PAIR-000168,KSPCB,PCB/MYS/CTO/2020/00056,Omkar Graphics Indstries,GST,GST-KA-MYS-2025-000094,Omkar Graphics Industries,570016,88,AUTO_LINK,98.0,100,95,0,True,auto-link candidate: high name similarity (98.0); similar address/PIN (100); strong hashed PAN/GSTIN/Udyam match
PAIR-000169,UDYAM,UDYAM-KR-MYS-2018-000064,ADITYA SYSTEMS LLP,KSPCB,PCB/MYS/CTO/2021/00058,Aditya Systems LLP,570001,88,AUTO_LINK,100.0,100,95,0,True,auto-link candidate: high name similarity (100.0); similar address/PIN (100); strong hashed PAN/GSTIN/Udyam match
PAIR-000170,GST,GST-KA-BLRR-2017-000101,M/S Kaveri Textiles Enterprises,FACTORY,KFBIS-FAC-BLRR-2021-000068,Kaveri Textiles Enterprises,562110,88,AUTO_LINK,100.0,100,95,0,True,auto-link candidate: high name similarity (100.0); similar address/PIN (100); strong hashed PAN/GSTIN/Udyam match
PAIR-000171,FACTORY,KFBIS-FAC-BLRU-2017-000069,Aarohi Bakery Industries,LABOUR,LAB-KA-BLRU-2020-000066,M/S Aarohi Bakery Industries,560064,88,AUTO_LINK,100.0,100,95,0,True,auto-link candidate: high name similarity (100.0); similar address/PIN (100); strong hashed PAN/GSTIN/Udyam match
PAIR-000172,GST,GST-KA-BLRU-2017-000106,Siddhi Pvt.Ltd.,FACTORY,KFBIS-FAC-BLRU-2024-000072,Siddhi Pvt Ltd,560078,88,AUTO_LINK,100.0,100,95,0,True,auto-link candidate: high name similarity (100.0); similar address/PIN (100); strong hashed PAN/GSTIN/Udyam match
PAIR-000173,SHOP,KAR-SHOP-BLRU-2022-000096,Siddhi Pvt Ltd,FACTORY,KFBIS-FAC-BLRU-2024-000072,Siddhi Pvt Ltd,560078,88,AUTO_LINK,100.0,100,95,0,True,auto-link candidate: high name similarity (100.0); similar address/PIN (100); strong hashed PAN/GSTIN/Udyam match
PAIR-000174,SHOP,KAR-SHOP-BLRU-2021-000101,Meghana Machining Works,GST,GST-KA-BLRU-2016-000115,Meghana Machining Works,560066,88,AUTO_LINK,100.0,100,95,0,True,auto-link candidate: high name similarity (100.0); similar address/PIN (100); strong hashed PAN/GSTIN/Udyam match
PAIR-000175,UDYAM,UDYAM-KR-BLRU-2016-000076,Bangalore Apparels Enterprises,GST,GST-KA-BLRU-2019-000124,BANGALORE APPARELS ENTERPRISES,560064,88,AUTO_LINK,100.0,100,95,0,True,auto-link candidate: high name similarity (100.0); similar address/PIN (100); strong hashed PAN/GSTIN/Udyam match
PAIR-000176,GST,GST-KA-BLRR-2020-000126,Asha Clinic Solutions,UDYAM,UDYAM-KR-BLRR-2017-000078,Asha Clinic Solutions,562114,88,AUTO_LINK,100.0,98.9,95,0,True,auto-link candidate: high name similarity (100.0); similar address/PIN (98.9); strong hashed PAN/GSTIN/Udyam match
PAIR-000177,KSPCB,PCB/BLRU/CTO/2025/00075,M/S Asha Labs Solutions,GST,GST-KA-BLRU-2021-000129,Asha Labs Solutions,560024,88,AUTO_LINK,100.0,100,95,0,True,auto-link candidate: high name similarity (100.0); similar address/PIN (100); strong hashed PAN/GSTIN/Udyam match
PAIR-000178,GST,GST-KA-BLRR-2023-000130,Ganesh Kitchen LLP,SHOP,KAR-SHOP-BLRR-2020-000113,Ganesh Kitchen LLP,562110,88,AUTO_LINK,100.0,100,95,0,True,auto-link candidate: high name similarity (100.0); similar address/PIN (100); strong hashed PAN/GSTIN/Udyam match
PAIR-000179,KSPCB,PCB/MYS/CTE/2021/00076,Asha Bakery Co,UDYAM,UDYAM-KR-MYS-2021-000081,M/S Asha Bakery Co,570001,88,AUTO_LINK,100.0,100,95,0,True,auto-link candidate: high name similarity (100.0); similar address/PIN (100); strong hashed PAN/GSTIN/Udyam match
PAIR-000180,UDYAM,UDYAM-KR-TUM-2021-000082,M/S VIJAYA FASHIONS WORKS,GST,GST-KA-TUM-2018-000133,Vijaya Fashions Works,572106,88,AUTO_LINK,100.0,100,95,0,True,auto-link candidate: high name similarity (100.0); similar address/PIN (100); strong hashed PAN/GSTIN/Udyam match
PAIR-000181,GST,GST-KA-TUM-2018-000133,Vijaya Fashions Works,FACTORY,KFBIS-FAC-TUM-2021-000082,Vijaya Fashions Works,572106,88,AUTO_LINK,100.0,100,95,0,True,auto-link candidate: high name similarity (100.0); similar address/PIN (100); strong hashed PAN/GSTIN/Udyam match
PAIR-000182,FACTORY,KFBIS-FAC-TUM-2021-000082,Vijaya Fashions Works,LABOUR,LAB-KA-TUM-2025-000081,Vijaya Fashions Works,572106,88,AUTO_LINK,100.0,100,95,0,True,auto-link candidate: high name similarity (100.0); similar address/PIN (100); strong hashed PAN/GSTIN/Udyam match
PAIR-000183,KSPCB,PCB/BLRU/CTE/2018/00078,Asha Solutions,GST,GST-KA-BLRU-2021-000134,M/S Asha Solutions,560024,88,AUTO_LINK,100.0,100,95,0,True,auto-link candidate: high name similarity (100.0); similar address/PIN (100); strong hashed PAN/GSTIN/Udyam match
PAIR-000184,GST,GST-KA-MYS-2022-000138,SRINIDHI HEALTH TRADERS,SHOP,KAR-SHOP-MYS-2017-000119,Srinidhi Health Traders,570001,88,AUTO_LINK,100.0,100,95,0,True,auto-link candidate: high name similarity (100.0); similar address/PIN (100); strong hashed PAN/GSTIN/Udyam match
PAIR-000185,SHOP,KAR-SHOP-BLRR-2022-000122,Ravi Agro Associates,KSPCB,PCB/BLRR/CTO/2021/00083,Rav Agro Associates,562114,88,AUTO_LINK,97.4,96.3,100,0,True,auto-link candidate: high name similarity (97.4); similar address/PIN (96.3); strong hashed PAN/GSTIN/Udyam match
PAIR-000186,GST,GST-KA-BLRU-2021-000143,Varun Components LLP,UDYAM,UDYAM-KR-BLRU-2017-000087,Varun Components LLP,560066,88,AUTO_LINK,100.0,100,95,0,True,auto-link candidate: high name similarity (100.0); similar address/PIN (100); strong hashed PAN/GSTIN/Udyam match
PAIR-000187,SHOP,KAR-SHOP-MYS-2021-000124,Sharma Pvt. Ltd.,UDYAM,UDYAM-KR-MYS-2015-000088,SHARMA PVT LTD,570018,88,AUTO_LINK,100.0,100,95,0,True,auto-link candidate: high name similarity (100.0); similar address/PIN (100); strong hashed PAN/GSTIN/Udyam match
PAIR-000188,UDYAM,UDYAM-KR-BLRU-2017-000090,Lakshmi Solvents Company,FACTORY,KFBIS-FAC-BLRU-2025-000090,Lakshmi Solvents Company,560029,88,AUTO_LINK,100.0,100,95,0,True,auto-link candidate: high name similarity (100.0); similar address/PIN (100); strong hashed PAN/GSTIN/Udyam match
PAIR-000189,FACTORY,KFBIS-FAC-BLRU-2025-000090,Lakshmi Solvents Company,GST,GST-KA-BLRU-2025-000144,LAKSHMI SOLVENTS COMPANY,560029,88,AUTO_LINK,100.0,100,95,0,True,auto-link candidate: high name similarity (100.0); similar address/PIN (100); strong hashed PAN/GSTIN/Udyam match
PAIR-000190,GST,GST-KA-BLRU-2020-000146,Navya Solvents Pvt Ltd,BBMP,BBMP-TL-WEST-2022-000075,M/S Navya Solvents Pvt Ltd,560059,88,AUTO_LINK,100.0,100,95,0,True,auto-link candidate: high name similarity (100.0); similar address/PIN (100); strong hashed PAN/GSTIN/Udyam match
PAIR-000191,BBMP,BBMP-TL-WEST-2022-000075,M/S Navya Solvents Pvt Ltd,SHOP,KAR-SHOP-BLRU-2024-000129,M/S Navya Solvents Pvt Ltd,560059,88,AUTO_LINK,100.0,98.1,95,0,True,auto-link candidate: high name similarity (100.0); similar address/PIN (98.1); strong hashed PAN/GSTIN/Udyam match
PAIR-000192,GST,GST-KA-BLRU-2020-000152,Kaveri Bakery LLP,BBMP,BBMP-TL-WEST-2018-000077,Kaveri Bakery LLP,560059,88,AUTO_LINK,100.0,100,95,0,True,auto-link candidate: high name similarity (100.0); similar address/PIN (100); strong hashed PAN/GSTIN/Udyam match
PAIR-000193,UDYAM,UDYAM-KR-BLRR-2018-000096,M/S Sri Moulding Works,SHOP,KAR-SHOP-BLRR-2018-000133,Sri Moulding Works,562110|562157,88,AUTO_LINK,100.0,90.7,100,0,True,auto-link candidate: high name similarity (100.0); similar address/PIN (90.7); strong hashed PAN/GSTIN/Udyam match
PAIR-000194,FACTORY,KFBIS-FAC-BLRR-2017-000096,Sri Moulding Works,KSPCB,PCB/BLRR/CTE/2025/00088,Sri Moulding Works,562157,88,AUTO_LINK,100.0,100,95,0,True,auto-link candidate: high name similarity (100.0); similar address/PIN (100); strong hashed PAN/GSTIN/Udyam match
PAIR-000195,GST,GST-KA-BLRU-2020-000156,M/S Veda Agro Co,SHOP,KAR-SHOP-BLRU-2022-000135,M/S Veda Agro Co,560059,88,AUTO_LINK,100.0,100,95,0,True,auto-link candidate: high name similarity (100.0); similar address/PIN (100); strong hashed PAN/GSTIN/Udyam match
PAIR-000196,SHOP,KAR-SHOP-BLRU-2020-000139,Ananya Circuits Enterprises,UDYAM,UDYAM-KR-BLRU-2024-000103,Ananya Circuits Enterprises,560085,88,AUTO_LINK,100.0,100,95,0,True,auto-link candidate: high name similarity (100.0); similar address/PIN (100); strong hashed PAN/GSTIN/Udyam match
PAIR-000197,GST,GST-KA-TUM-2025-000162,M/S Udupi Systems Traders,LABOUR,LAB-KA-TUM-2016-000103,Udupi Sstems Traders,572101,88,AUTO_LINK,97.6,100,95,0,True,auto-link candidate: high name similarity (97.6); similar address/PIN (100); strong hashed PAN/GSTIN/Udyam match
PAIR-000198,GST,GST-KA-BLRU-2024-000166,Ananya Resins Industries,KSPCB,PCB/BLRU/CTE/2023/00092,Ananya Resins Industries,560064,88,AUTO_LINK,100.0,100,95,0,True,auto-link candidate: high name similarity (100.0); similar address/PIN (100); strong hashed PAN/GSTIN/Udyam match
PAIR-000199,KSPCB,PCB/BLRU/CTE/2023/00092,Ananya Resins Industries,FACTORY,KFBIS-FAC-BLRU-2025-000099,Ananya Resins Industries,560064,88,AUTO_LINK,100.0,100,95,0,True,auto-link candidate: high name similarity (100.0); similar address/PIN (100); strong hashed PAN/GSTIN/Udyam match
PAIR-000200,GST,GST-KA-MYS-2024-000167,Veda Cafe Industries,SHOP,KAR-SHOP-MYS-2023-000142,Veda Cafe Industries,570016,88,AUTO_LINK,100.0,100,95,0,True,auto-link candidate: high name similarity (100.0); similar address/PIN (100); strong hashed PAN/GSTIN/Udyam match
PAIR-000201,FACTORY,KFBIS-FAC-BLRU-2018-000102,Lakshmi Works,UDYAM,UDYAM-KR-BLRU-2020-000108,Lakshmi Works,560085,88,AUTO_LINK,100.0,91.6,100,0,True,auto-link candidate: high name similarity (100.0); similar address/PIN (91.6); strong hashed PAN/GSTIN/Udyam match
PAIR-000202,FACTORY,KFBIS-FAC-BLRU-2025-000104,Kaveri Print Company,UDYAM,UDYAM-KR-BLRU-2023-000111,Kaveri Print Company,560059,88,AUTO_LINK,100.0,99.1,95,0,True,auto-link candidate: high name similarity (100.0); similar address/PIN (99.1); strong hashed PAN/GSTIN/Udyam match
PAIR-000203,GST,GST-KA-BLRU-2020-000178,Kaveri Print Company,UDYAM,UDYAM-KR-BLRU-2023-000111,Kaveri Print Company,560059,88,AUTO_LINK,100.0,100,95,0,True,auto-link candidate: high name similarity (100.0); similar address/PIN (100); strong hashed PAN/GSTIN/Udyam match
PAIR-000204,BBMP,BBMP-TL-TUMA-2023-000087,Lakshmi Medical LLP,UDYAM,UDYAM-KR-TUM-2021-000112,Lakshmi Medical LLP,572101,88,AUTO_LINK,100.0,100,95,0,True,auto-link candidate: high name similarity (100.0); similar address/PIN (100); strong hashed PAN/GSTIN/Udyam match
PAIR-000205,LABOUR,LAB-KA-TUM-2019-000117,Veda LLP,GST,GST-KA-TUM-2017-000179,Veda LLP,572106|572101,88,AUTO_LINK,100.0,92.5,100,0,True,auto-link candidate: high name similarity (100.0); similar address/PIN (92.5); strong hashed PAN/GSTIN/Udyam match
PAIR-000206,GST,GST-KA-TUM-2017-000179,Veda LLP,SHOP,KAR-SHOP-TUM-2025-000152,M/S Veda LLP,572101,88,AUTO_LINK,100.0,100,95,0,True,auto-link candidate: high name similarity (100.0); similar address/PIN (100); strong hashed PAN/GSTIN/Udyam match
PAIR-000207,GST,GST-KA-BLRU-2024-000183,Sahana Industries,UDYAM,UDYAM-KR-BLRU-2024-000115,Sahana Industries,560076,88,AUTO_LINK,100.0,100,95,0,True,auto-link candidate: high name similarity (100.0); similar address/PIN (100); strong hashed PAN/GSTIN/Udyam match
PAIR-000208,LABOUR,LAB-KA-BLRU-2021-000120,Mysore Biryani Associates,GST,GST-KA-BLRU-2025-000189,M/S Mysore Biryani Associates,560066,88,AUTO_LINK,100.0,100,95,0,True,auto-link candidate: high name similarity (100.0); similar address/PIN (100); strong hashed PAN/GSTIN/Udyam match
PAIR-000209,FACTORY,KFBIS-FAC-BLRU-2024-000108,Sharma Moulding ndustries,UDYAM,UDYAM-KR-BLRU-2017-000119,Sharma Moulding Industries,560001,88,AUTO_LINK,98.0,100,95,0,True,auto-link candidate: high name similarity (98.0); similar address/PIN (100); strong hashed PAN/GSTIN/Udyam match
PAIR-000210,GST,GST-KA-BLRR-2025-000195,Kaveri Associates,UDYAM,UDYAM-KR-BLRR-2017-000121,M/S Kaveri Associates,562110,88,AUTO_LINK,100.0,97.5,95,0,True,auto-link candidate: high name similarity (100.0); similar address/PIN (97.5); strong hashed PAN/GSTIN/Udyam match
PAIR-000211,FACTORY,KFBIS-FAC-BLRU-2017-000111,M/S Veda Precision Company,GST,GST-KA-BLRU-2020-000196,Veda Precision Company,560058,88,AUTO_LINK,100.0,93.8,100,0,True,auto-link candidate: high name similarity (100.0); similar address/PIN (93.8); strong hashed PAN/GSTIN/Udyam match
PAIR-000212,UDYAM,UDYAM-KR-BLRU-2015-000122,Veda Precision Company,KSPCB,PCB/BLRU/CTE/2020/00109,M/S Veda Precision Company,560058,88,AUTO_LINK,100.0,100,95,0,True,auto-link candidate: high name similarity (100.0); similar address/PIN (100); strong hashed PAN/GSTIN/Udyam match
PAIR-000213,GST,GST-KA-BLRU-2019-000198,Aarohi Graphics Solutions,SHOP,KAR-SHOP-BLRU-2019-000164,Aarohi Graphics Solutions,560064,88,AUTO_LINK,100.0,100,95,0,True,auto-link candidate: high name similarity (100.0); similar address/PIN (100); strong hashed PAN/GSTIN/Udyam match
PAIR-000214,SHOP,KAR-SHOP-BLRU-2019-000164,Aarohi Graphics Solutions,LABOUR,LAB-KA-BLRU-2020-000122,M/S Aarohi Graphics Solutions,560064,88,AUTO_LINK,100.0,100,95,0,True,auto-link candidate: high name similarity (100.0); similar address/PIN (100); strong hashed PAN/GSTIN/Udyam match
PAIR-000215,LABOUR,LAB-KA-BLRU-2015-000126,Vijaya Industries Works,UDYAM,UDYAM-KR-BLRU-2017-000127,VIJAYA INDUSTRIES WORKS,560078,88,AUTO_LINK,100.0,100,95,0,True,auto-link candidate: high name similarity (100.0); similar address/PIN (100); strong hashed PAN/GSTIN/Udyam match
PAIR-000216,FACTORY,KFBIS-FAC-BLRU-2020-000116,Vijaya Industries Works,GST,GST-KA-BLRU-2024-000204,Vijaya Industries Works,560078,88,AUTO_LINK,100.0,100,95,0,True,auto-link candidate: high name similarity (100.0); similar address/PIN (100); strong hashed PAN/GSTIN/Udyam match
PAIR-000217,UDYAM,UDYAM-KR-BLRU-2023-000136,Omkar Mold Traders,KSPCB,PCB/BLRU/CTE/2022/00123,Omkar Mold Traders,560029,88,AUTO_LINK,100.0,100,95,0,True,auto-link candidate: high name similarity (100.0); similar address/PIN (100); strong hashed PAN/GSTIN/Udyam match
PAIR-000218,KSPCB,PCB/MYS/CTE/2023/00125,Omkar Coatings Pvt Ltd,UDYAM,UDYAM-KR-MYS-2018-000139,Omkar Coatings Pvt Ltd,570016,88,AUTO_LINK,100.0,98.7,95,0,True,auto-link candidate: high name similarity (100.0); similar address/PIN (98.7); strong hashed PAN/GSTIN/Udyam match
PAIR-000219,LABOUR,LAB-KA-MYS-2021-000137,M/S Prakruthi Packaging Enterprises,SHOP,KAR-SHOP-MYS-2024-000191,M/S Prakruthi Packaging Enterprises,570001,88,AUTO_LINK,100.0,100,95,0,True,auto-link candidate: high name similarity (100.0); similar address/PIN (100); strong hashed PAN/GSTIN/Udyam match
PAIR-000220,SHOP,KAR-SHOP-BLRR-2020-000197,Lakshmi Meds Pvt Ltd,UDYAM,UDYAM-KR-BLRR-2020-000146,M/S LAKSHMI MEDS PVT LTD,562110,88,AUTO_LINK,100.0,100,95,0,True,auto-link candidate: high name similarity (100.0); similar address/PIN (100); strong hashed PAN/GSTIN/Udyam match
PAIR-000221,UDYAM,UDYAM-KR-BLRR-2020-000146,M/S LAKSHMI MEDS PVT LTD,GST,GST-KA-BLRR-2019-000233,Lakshmi Meds Pvt. Ltd.,562110,88,AUTO_LINK,100.0,100,95,0,True,auto-link candidate: high name similarity (100.0); similar address/PIN (100); strong hashed PAN/GSTIN/Udyam match
PAIR-000222,GST,GST-KA-BLRU-2021-000241,Vijaya Fashions Pvt Ltd,SHOP,KAR-SHOP-BLRU-2020-000205,Vijaya Fashions Pvt Ltd,560064,88,AUTO_LINK,100.0,100,95,0,True,auto-link candidate: high name similarity (100.0); similar address/PIN (100); strong hashed PAN/GSTIN/Udyam match
PAIR-000223,LABOUR,LAB-KA-BLRU-2019-000147,M/S Kaveri Wear Works,UDYAM,UDYAM-KR-BLRU-2022-000152,Kaveri Wear Works,560059,88,AUTO_LINK,100.0,100,95,0,True,auto-link candidate: high name similarity (100.0); similar address/PIN (100); strong hashed PAN/GSTIN/Udyam match
PAIR-000224,GST,GST-KA-BLRU-2021-000244,Nandi Moulding Company,LABOUR,LAB-KA-BLRU-2019-000149,Nandi MouldingCo,560001,88,AUTO_LINK,93.3,100,100,0,True,auto-link candidate: high name similarity (93.3); similar address/PIN (100); strong hashed PAN/GSTIN/Udyam match
PAIR-000225,KSPCB,PCB/BLRU/CTE/2019/00137,Udupi Cafe Pvt Ltd,SHOP,KAR-SHOP-BLRU-2025-000208,M/S Udupi Cafe Pvt Ltd,560085|560102,88,AUTO_LINK,100.0,97.2,95,0,True,auto-link candidate: high name similarity (100.0); similar address/PIN (97.2); strong hashed PAN/GSTIN/Udyam match
PAIR-000226,GST,GST-KA-TUM-2024-000248,Sree Tech Associates,FACTORY,KFBIS-FAC-TUM-2021-000135,M/S Sree Tech Associates,572106,88,AUTO_LINK,100.0,100,95,0,True,auto-link candidate: high name similarity (100.0); similar address/PIN (100); strong hashed PAN/GSTIN/Udyam match
PAIR-000227,GST,GST-KA-BLRU-2017-000249,BANGALORE INDUSTRIES LLP,FACTORY,KFBIS-FAC-BLRU-2015-000136,Bangalore Industries LLP,560066,88,AUTO_LINK,100.0,99.4,95,0,True,auto-link candidate: high name similarity (100.0); similar address/PIN (99.4); strong hashed PAN/GSTIN/Udyam match
PAIR-000228,UDYAM,UDYAM-KR-BLRU-2021-000159,Kaveri Catings Solutions,KSPCB,PCB/BLRU/CTE/2020/00142,Kaveri Coatings Solutions,560064,88,AUTO_LINK,98.0,100,95,0,True,auto-link candidate: high name similarity (98.0); similar address/PIN (100); strong hashed PAN/GSTIN/Udyam match
PAIR-000229,SHOP,KAR-SHOP-BLRU-2017-000214,Ganesh Medical Solutions,UDYAM,UDYAM-KR-BLRU-2022-000162,Ganesh Medical Solutions,560085,88,AUTO_LINK,100.0,100,95,0,True,auto-link candidate: high name similarity (100.0); similar address/PIN (100); strong hashed PAN/GSTIN/Udyam match
PAIR-000230,LABOUR,LAB-KA-BLRU-2016-000013,M/S Harsha Biryni Works,SHOP,KAR-SHOP-BLRU-2022-000017,Harsha Biryani Works,560059,87,AUTO_LINK,97.4,100,95,0,True,auto-link candidate: high name similarity (97.4); similar address/PIN (100); strong hashed PAN/GSTIN/Udyam match
PAIR-000231,UDYAM,UDYAM-KR-BLRU-2022-000026,M/S Omkar Pvt Ltd,SHOP,KAR-SHOP-BLRU-2021-000034,Omkar Pvt Ltd,560043,87,AUTO_LINK,100.0,93.5,95,0,True,auto-link candidate: high name similarity (100.0); similar address/PIN (93.5); strong hashed PAN/GSTIN/Udyam match
PAIR-000232,GST,GST-KA-BLRU-2016-000043,Bharath Machining Company,SHOP,KAR-SHOP-BLRU-2022-000040,Bharath Machining Company,560059,87,AUTO_LINK,100.0,95.0,95,0,True,auto-link candidate: high name similarity (100.0); similar address/PIN (95.0); strong hashed PAN/GSTIN/Udyam match
PAIR-000233,SHOP,KAR-SHOP-BLRU-2018-000046,M/S Sri Agro Industries,UDYAM,UDYAM-KR-BLRU-2016-000037,Sri Agro Industries,560076,87,AUTO_LINK,100.0,95.5,95,0,True,auto-link candidate: high name similarity (100.0); similar address/PIN (95.5); strong hashed PAN/GSTIN/Udyam match
PAIR-000234,GST,GST-KA-BLRU-2024-000069,Kaveri Systems Pvt Ltd,UDYAM,UDYAM-KR-BLRU-2020-000047,M/S Kavei Systems Pvt Ltd,560102,87,AUTO_LINK,96.3,100,95,0,True,auto-link candidate: high name similarity (96.3); similar address/PIN (100); strong hashed PAN/GSTIN/Udyam match
PAIR-000235,GST,GST-KA-BLRR-2018-000073,Mysore Cargo Solutions,UDYAM,UDYAM-KR-BLRR-2022-000049,Mysore Cargo olutions,562114,87,AUTO_LINK,97.7,98.2,95,0,True,auto-link candidate: high name similarity (97.7); similar address/PIN (98.2); strong hashed PAN/GSTIN/Udyam match
PAIR-000236,SHOP,KAR-SHOP-BLRU-2022-000098,Veda Wors,GST,GST-KA-BLRU-2019-000108,VEDA WORKS,560076,87,AUTO_LINK,94.7,100,95,0,True,auto-link candidate: high name similarity (94.7); similar address/PIN (100); strong hashed PAN/GSTIN/Udyam match
PAIR-000237,GST,GST-KA-BLRU-2024-000111,M/S Vijya Tools Solutions,SHOP,KAR-SHOP-BLRU-2020-000099,M/S Vijaya Tools Solutions,560085,87,AUTO_LINK,97.7,96.2,95,0,True,auto-link candidate: high name similarity (97.7); similar address/PIN (96.2); strong hashed PAN/GSTIN/Udyam match
PAIR-000238,LABOUR,LAB-KA-BLRU-2021-000070,Udupi PharmaWorks,GST,GST-KA-BLRU-2023-000112,M/S UDUPI PHARMA WORKS,560066,87,AUTO_LINK,97.1,100,95,0,True,auto-link candidate: high name similarity (97.1); similar address/PIN (100); strong hashed PAN/GSTIN/Udyam match
PAIR-000239,LABOUR,LAB-KA-BLRU-2023-000072,Meghana Machining Works,SHOP,KAR-SHOP-BLRU-2021-000101,Meghana Machining Works,560066,87,AUTO_LINK,100.0,93.5,95,0,True,auto-link candidate: high name similarity (100.0); similar address/PIN (93.5); strong hashed PAN/GSTIN/Udyam match
PAIR-000240,GST,GST-KA-BLRU-2023-000121,Omkar LabsCo,FACTORY,KFBIS-FAC-BLRU-2020-000078,Omkar Labs Co,560068,87,AUTO_LINK,90.9,100,100,0,True,auto-link candidate: high name similarity (90.9); similar address/PIN (100); strong hashed PAN/GSTIN/Udyam match
PAIR-000241,GST,GST-KA-BLRR-2022-000154,M/S SRI MOULDING WORKS,UDYAM,UDYAM-KR-BLRR-2018-000096,M/S Sri Moulding Works,562157|562110,87,AUTO_LINK,100.0,88.3,100,0,True,auto-link candidate: high name similarity (100.0); similar address/PIN (88.3); strong hashed PAN/GSTIN/Udyam match
PAIR-000242,UDYAM,UDYAM-KR-BLRR-2015-000098,M/S Siddhi Industries,BBMP,BBMP-TL-BENG-2018-000080,Siddhi Industries,562114,87,AUTO_LINK,100.0,95.2,95,0,True,auto-link candidate: high name similarity (100.0); similar address/PIN (95.2); strong hashed PAN/GSTIN/Udyam match
PAIR-000243,UDYAM,UDYAM-KR-BLRU-2017-000107,Siddhi Industries,FACTORY,KFBIS-FAC-BLRU-2018-000100,M/S Siddhi Industries,560029|560043,87,AUTO_LINK,100.0,93.6,95,0,True,auto-link candidate: high name similarity (100.0); similar address/PIN (93.6); strong hashed PAN/GSTIN/Udyam match
PAIR-000244,LABOUR,LAB-KA-BLRU-2023-000108,Ananya Electronics Co,GST,GST-KA-BLRU-2016-000169,ANANYA ELECTRONICS CO,560029,87,AUTO_LINK,100.0,93.3,95,0,True,auto-link candidate: high name similarity (100.0); similar address/PIN (93.3); strong hashed PAN/GSTIN/Udyam match
PAIR-000245,UDYAM,UDYAM-KR-BLRU-2019-000114,Prakruthi Biryani Solutions,SHOP,KAR-SHOP-BLRU-2021-000153,M/S Prakrthi Biryani Solutions,560064|560001,87,AUTO_LINK,98.1,91.1,100,0,True,auto-link candidate: high name similarity (98.1); similar address/PIN (91.1); strong hashed PAN/GSTIN/Udyam match
PAIR-000246,SHOP,KAR-SHOP-BLRU-2021-000153,M/S Prakrthi Biryani Solutions,GST,GST-KA-BLRU-2025-000182,M/S Prakruthi Biryani Solutions,560001|560064,87,AUTO_LINK,98.1,88.9,100,0,True,auto-link candidate: high name similarity (98.1); similar address/PIN (88.9); strong hashed PAN/GSTIN/Udyam match
PAIR-000247,FACTORY,KFBIS-FAC-BLRU-2020-000116,Vijaya Industries Works,LABOUR,LAB-KA-BLRU-2015-000126,Vijaya Industries Works,560078,87,AUTO_LINK,100.0,95.5,95,0,True,auto-link candidate: high name similarity (100.0); similar address/PIN (95.5); strong hashed PAN/GSTIN/Udyam match
PAIR-000248,KSPCB,PCB/BLRU/CTO/2022/00118,Veda Coatings Solutions,GST,GST-KA-BLRU-2017-000208,Veda Coatings Solutions,560066,87,AUTO_LINK,100.0,93.5,95,0,True,auto-link candidate: high name similarity (100.0); similar address/PIN (93.5); strong hashed PAN/GSTIN/Udyam match
PAIR-000249,KSPCB,PCB/BLRU/CTE/2022/00119,M/S Sree Print Co,FACTORY,KFBIS-FAC-BLRU-2021-000120,Sree Prin Co,560102,87,AUTO_LINK,94.7,100,95,0,True,auto-link candidate: high name similarity (94.7); similar address/PIN (100); strong hashed PAN/GSTIN/Udyam match
PAIR-000250,GST,GST-KA-BLRU-2017-000211,VIJAYA MOULDING SOLUTIONS,UDYAM,UDYAM-KR-BLRU-2023-000132,M/S Vijaya Moulding Solutions,560066,87,AUTO_LINK,100.0,93.2,95,0,True,auto-link candidate: high name similarity (100.0); similar address/PIN (93.2); strong hashed PAN/GSTIN/Udyam match
PAIR-000251,SHOP,KAR-SHOP-BLRU-2025-000185,Omkar Mold Taders,GST,GST-KA-BLRU-2017-000219,Omkar Mold Traders,560029,87,AUTO_LINK,97.1,100,95,0,True,auto-link candidate: high name similarity (97.1); similar address/PIN (100); strong hashed PAN/GSTIN/Udyam match
PAIR-000252,UDYAM,UDYAM-KR-BLRU-2019-000137,ASHA CNC LLP,GST,GST-KA-BLRU-2022-000220,ASHA CNC LLP,560001|560043,87,AUTO_LINK,100.0,93.9,95,0,True,auto-link candidate: high name similarity (100.0); similar address/PIN (93.9); strong hashed PAN/GSTIN/Udyam match
PAIR-000253,GST,GST-KA-BLRR-2025-000223,NAVYA GARMENTS WORKS,UDYAM,UDYAM-KR-BLRR-2016-000138,M/S Navya Garments Works,562157,87,AUTO_LINK,100.0,96.5,95,0,True,auto-link candidate: high name similarity (100.0); similar address/PIN (96.5); strong hashed PAN/GSTIN/Udyam match
PAIR-000254,KSPCB,PCB/MYS/CTE/2023/00125,Omkar Coatings Pvt Ltd,GST,GST-KA-MYS-2019-000224,M/S Omkar Coatings Pvt Ltd,570016,87,AUTO_LINK,100.0,95.7,95,0,True,auto-link candidate: high name similarity (100.0); similar address/PIN (95.7); strong hashed PAN/GSTIN/Udyam match
PAIR-000255,GST,GST-KA-MYS-2019-000224,M/S Omkar Coatings Pvt Ltd,LABOUR,LAB-KA-MYS-2023-000135,Omkar Coatings Pvt. Ltd.,570016,87,AUTO_LINK,100.0,93.1,95,0,True,auto-link candidate: high name similarity (100.0); similar address/PIN (93.1); strong hashed PAN/GSTIN/Udyam match
PAIR-000256,LABOUR,LAB-KA-MYS-2023-000135,Omkar Coatings Pvt. Ltd.,UDYAM,UDYAM-KR-MYS-2018-000139,Omkar Coatings Pvt Ltd,570016,87,AUTO_LINK,100.0,96.3,95,0,True,auto-link candidate: high name similarity (100.0); similar address/PIN (96.3); strong hashed PAN/GSTIN/Udyam match
PAIR-000257,GST,GST-KA-BLRU-2025-000007,Ganesh Dine LLP,SHOP,KAR-SHOP-BLRU-2022-000007,Ganesh Dine LLP,560085,86,AUTO_LINK,100.0,92.2,95,0,True,auto-link candidate: high name similarity (100.0); similar address/PIN (92.2); strong hashed PAN/GSTIN/Udyam match
PAIR-000258,BBMP,BBMP-TL-BOMM-2021-000004,Siddhi Industrial Inds,SHOP,KAR-SHOP-BLRU-2017-000010,Siddhi Industrial Industries,560100,86,AUTO_LINK,88.0,100,100,0,True,auto-link candidate: high name similarity (88.0); similar address/PIN (100); strong hashed PAN/GSTIN/Udyam match
PAIR-000259,GST,GST-KA-MYS-2015-000025,Deccan Industries,UDYAM,UDYAM-KR-MYS-2017-000017,M/S Deccan Industries,570001|570018,86,AUTO_LINK,100.0,84.8,100,0,True,auto-link candidate: high name similarity (100.0); similar address/PIN (84.8); strong hashed PAN/GSTIN/Udyam match
PAIR-000260,SHOP,KAR-SHOP-BLRU-2021-000052,M/S Srinidhi Co,KSPCB,PCB/BLRU/CTE/2023/00030,M/S Srinidhi Co,560037,86,AUTO_LINK,100.0,89.2,95,0,True,auto-link candidate: high name similarity (100.0); similar address/PIN (89.2); strong hashed PAN/GSTIN/Udyam match
PAIR-000261,GST,GST-KA-BLRU-2021-000079,Kaveri Pvt Ltd,UDYAM,UDYAM-KR-BLRU-2017-000051,M/S Kaveri Pvt Ltd,560029,86,AUTO_LINK,100.0,90.4,95,0,True,auto-link candidate: high name similarity (100.0); similar address/PIN (90.4); strong hashed PAN/GSTIN/Udyam match
PAIR-000262,KSPCB,PCB/BLRU/CTE/2018/00050,Ananya Solutions,UDYAM,UDYAM-KR-BLRU-2018-000056,M/SAnanya Solutions,560024,86,AUTO_LINK,91.4,100,95,0,True,auto-link candidate: high name similarity (91.4); similar address/PIN (100); strong hashed PAN/GSTIN/Udyam match
PAIR-000263,GST,GST-KA-BLRR-2025-000118,Aditya Chem Co,KSPCB,PCB/BLRR/CTE/2015/00068,M/S Aditya Chem Co,561203,86,AUTO_LINK,100.0,90.8,95,0,True,auto-link candidate: high name similarity (100.0); similar address/PIN (90.8); strong hashed PAN/GSTIN/Udyam match
PAIR-000264,GST,GST-KA-BLRU-2015-000148,Nisarga Trans Works,SHOP,KAR-SHOP-BLRU-2015-000130,Nisarga Trans Works,560029|560066,86,AUTO_LINK,100.0,89.4,95,0,True,auto-link candidate: high name similarity (100.0); similar address/PIN (89.4); strong hashed PAN/GSTIN/Udyam match
PAIR-000265,GST,GST-KA-BLRU-2017-000191,SHARMA MOULDING INDUSTRIES,FACTORY,KFBIS-FAC-BLRU-2024-000108,Sharma Moulding ndustries,560029|560001,86,AUTO_LINK,98.0,93.1,95,0,True,auto-link candidate: high name similarity (98.0); similar address/PIN (93.1); strong hashed PAN/GSTIN/Udyam match
PAIR-000266,KSPCB,PCB/BLRU/CTE/2025/00105,Sharma Moulding Inds,UDYAM,UDYAM-KR-BLRU-2017-000119,Sharma Moulding Industries,560001,86,AUTO_LINK,87.0,100,100,0,True,auto-link candidate: high name similarity (87.0); similar address/PIN (100); strong hashed PAN/GSTIN/Udyam match
PAIR-000267,KSPCB,PCB/BLRR/CTO/2021/00112,Navya Mold LLP,UDYAM,UDYAM-KR-BLRR-2020-000126,Navya Mol LLP,562114,86,AUTO_LINK,94.7,96.3,95,0,True,auto-link candidate: high name similarity (94.7); similar address/PIN (96.3); strong hashed PAN/GSTIN/Udyam match
PAIR-000268,UDYAM,UDYAM-KR-BLRR-2016-000148,Nandi Tools Co,FACTORY,KFBIS-FAC-BLRR-2020-000130,Nandi Tools Co,561203|562114,86,AUTO_LINK,100.0,86.0,100,0,True,auto-link candidate: high name similarity (100.0); similar address/PIN (86.0); strong hashed PAN/GSTIN/Udyam match
PAIR-000269,SHOP,KAR-SHOP-BLRU-2015-000200,Lakshmi Kitchen Pvt Ltd,GST,GST-KA-BLRU-2025-000236,Lakshmi Kitchen Pvt Ltd,560024|560058,86,AUTO_LINK,100.0,85.4,100,0,True,auto-link candidate: high name similarity (100.0); similar address/PIN (85.4); strong hashed PAN/GSTIN/Udyam match
PAIR-000270,SHOP,KAR-SHOP-BLRU-2025-000208,M/S Udupi Cafe Pvt Ltd,LABOUR,LAB-KA-BLRU-2020-000150,Udupi Cafe Pvt Ltd,560102,86,AUTO_LINK,100.0,91.9,95,0,True,auto-link candidate: high name similarity (100.0); similar address/PIN (91.9); strong hashed PAN/GSTIN/Udyam match
PAIR-000271,KSPCB,PCB/BLRU/CTE/2019/00137,Udupi Cafe Pvt Ltd,UDYAM,UDYAM-KR-BLRU-2016-000156,Udupi Cafe Pvt Ltd,560085|560102,86,AUTO_LINK,100.0,92.9,95,0,True,auto-link candidate: high name similarity (100.0); similar address/PIN (92.9); strong hashed PAN/GSTIN/Udyam match
PAIR-000272,GST,GST-KA-MYS-2024-000251,Lakshm LLP,SHOP,KAR-SHOP-MYS-2024-000213,Lakshmi LLP,570016,86,AUTO_LINK,92.3,100,95,0,True,auto-link candidate: high name similarity (92.3); similar address/PIN (100); strong hashed PAN/GSTIN/Udyam match
PAIR-000273,GST,GST-KA-BLRU-2025-000021,Asha Co,UDYAM,UDYAM-KR-BLRU-2019-000014,Asha Co,560064,85,AUTO_LINK,100.0,88.7,95,0,True,auto-link candidate: high name similarity (100.0); similar address/PIN (88.7); strong hashed PAN/GSTIN/Udyam match
PAIR-000274,FACTORY,KFBIS-FAC-BLRU-2015-000035,Rai Tech Associates,SHOP,KAR-SHOP-BLRU-2015-000053,M/S Ravi Tech Associates,560066|560058,85,AUTO_LINK,97.4,89.7,95,0,True,auto-link candidate: high name similarity (97.4); similar address/PIN (89.7); strong hashed PAN/GSTIN/Udyam match
PAIR-000275,SHOP,KAR-SHOP-BLRU-2019-000062,Bharath Tech Associats,GST,GST-KA-BLRU-2017-000067,Bharath Tech Asociates,560029,85,AUTO_LINK,95.5,87.4,100,0,True,auto-link candidate: high name similarity (95.5); similar address/PIN (87.4); strong hashed PAN/GSTIN/Udyam match
PAIR-000276,FACTORY,KFBIS-FAC-BLRU-2018-000055,M/S Sharma Chem LP,KSPCB,PCB/BLRU/CTE/2021/00048,Sharma Chem LLP,560085,85,AUTO_LINK,88.0,100,95,0,True,auto-link candidate: high name similarity (88.0); similar address/PIN (100); strong hashed PAN/GSTIN/Udyam match
PAIR-000277,LABOUR,LAB-KA-MYS-2020-000062,M/S Omkar Graphics Inds,KSPCB,PCB/MYS/CTO/2020/00056,Omkar Graphics Indstries,570016,85,AUTO_LINK,88.4,100,95,0,True,auto-link candidate: high name similarity (88.4); similar address/PIN (100); strong hashed PAN/GSTIN/Udyam match
PAIR-000278,GST,GST-KA-MYS-2023-000110,Siddhi Supply LLP,LABOUR,LAB-KA-MYS-2024-000069,Siddhi Supply LLP,570016,85,AUTO_LINK,100.0,85.9,95,0,True,auto-link candidate: high name similarity (100.0); similar address/PIN (85.9); strong hashed PAN/GSTIN/Udyam match
PAIR-000279,SHOP,KAR-SHOP-BLRU-2023-000102,Sahana Kitchen Solutions,GST,GST-KA-BLRU-2016-000116,Sahana Kitchen Solutions,560058|560043,85,AUTO_LINK,100.0,80.3,100,0,True,auto-link candidate: high name similarity (100.0); similar address/PIN (80.3); strong hashed PAN/GSTIN/Udyam match
PAIR-000280,KSPCB,PCB/BLRU/CTE/2025/00105,Sharma Moulding Inds,GST,GST-KA-BLRU-2017-000191,SHARMA MOULDING INDUSTRIES,560001|560029,85,AUTO_LINK,87.0,96.9,100,0,True,auto-link candidate: high name similarity (87.0); similar address/PIN (96.9); strong hashed PAN/GSTIN/Udyam match
PAIR-000281,GST,GST-KA-BLRU-2025-000194,M/S Ananya Labs Enterprises,FACTORY,KFBIS-FAC-BLRU-2021-000110,Ananya Labs Entp,560085,85,AUTO_LINK,82.1,100,100,0,True,auto-link candidate: high name similarity (82.1); similar address/PIN (100); strong hashed PAN/GSTIN/Udyam match
PAIR-000282,BBMP,BBMP-TL-SOUT-2021-000097,M/S Sree Pharma Pv Ltd,GST,GST-KA-BLRU-2025-000200,M/S Sree Pharma Pvt Ltd,560068,85,AUTO_LINK,88.0,100,95,0,True,auto-link candidate: high name similarity (88.0); similar address/PIN (100); strong hashed PAN/GSTIN/Udyam match
PAIR-000283,BBMP,BBMP-TL-MAHA-2018-000107,Nisarga Printers Pvt Ltd,SHOP,KAR-SHOP-BLRU-2018-000178,Nisarga Printers Pvt Ltd,560066,85,AUTO_LINK,100.0,86.8,95,0,True,auto-link candidate: high name similarity (100.0); similar address/PIN (86.8); strong hashed PAN/GSTIN/Udyam match
PAIR-000284,GST,GST-KA-BLRU-2025-000254,Asha Packaging Entp,FACTORY,KFBIS-FAC-BLRU-2018-000141,M/S Asha Packaging Enterprises,560066,85,AUTO_LINK,84.4,100,100,0,True,auto-link candidate: high name similarity (84.4); similar address/PIN (100); strong hashed PAN/GSTIN/Udyam match
