ubid,canonical_business_name,canonical_address,district,pin_code,business_type,business_category,activity_status,confidence,source_record_count,linked_departments,created_at,last_activity_date,audit_policy,entity_id_ground_truth
KA-BLRU-560037-000001,Omkar Works,"No 16, C Extension, Whitefield, Bengaluru Urban, Karnataka - 560037",Bengaluru Urban,560037,Restaurant / Cafe,Service,DORMANT,67,1,SHOP,2026-05-02,2024-11-10,append_only; raw identifiers hashed; human-review for score 60-84,ENT-00001
KA-BLRU-560068-000002,Vijaya Associates,"No 91, B 3rd Phase, Bommanahalli, Bengaluru Urban, Karnataka - 560068",Bengaluru Urban,560068,Plastic Moulding,Manufacturing,ACTIVE,99,3,FACTORY|GST|UDYAM,2026-05-02,2025-11-05,append_only; raw identifiers hashed; human-review for score 60-84,ENT-00002
KA-BLRR-561203-000003,Veda Devices Works,"No 264, B 1st Cross, Doddaballapura, Bengaluru Rural, Karnataka - 561203",Bengaluru Rural,561203,Electronics Assembly,Manufacturing,DORMANT,89,3,FACTORY|GST|KSPCB,2026-04-26,2025-02-17,append_only; raw identifiers hashed; human-review for score 60-84,ENT-00003
KA-BLRU-560085-000004,Asha Trans LLP,"No 7, B 1st Cross, Banashankari, Bengaluru Urban, Karnataka - 560085",Bengaluru Urban,560085,Logistics / Warehouse,Service,CLOSED,91,1,GST,2026-04-01,2021-11-19,append_only; raw identifiers hashed; human-review for score 60-84,ENT-00004
KA-BLRU-560059-000005,Sharma Coatings Co,"No 7, Plot Service Road, Rajajinagar Industrial Suburb, Bengaluru Urban, Karnataka - 560059",Bengaluru Urban,560059,Chemical Blending,Manufacturing,ACTIVE,87,5,GST|KSPCB|LABOUR|SHOP|UDYAM,2026-04-12,2026-01-15,append_only; raw identifiers hashed; human-review for score 60-84,ENT-00005
KA-MYS-570001-000006,Deccan Industries,"No 151, C 2nd Main, Devaraja Mohalla, Mysuru, Karnataka - 570001",Mysuru,570001,Plastic Moulding,Manufacturing,ACTIVE,99,6,FACTORY|GST|KSPCB|LABOUR|SHOP|UDYAM,2026-04-03,2025-08-16,append_only; raw identifiers hashed; human-review for score 60-84,ENT-00006
KA-BLRU-560102-000007,Sree Logistics Pvt Ltd,"No 105, B 2nd Main, HSR Layout, Bengaluru Urban, Karnataka - 560102",Bengaluru Urban,560102,Logistics / Warehouse,Service,ACTIVE,67,1,SHOP,2026-03-07,2026-01-04,append_only; raw identifiers hashed; human-review for score 60-84,ENT-00007
KA-BLRU-560100-000008,Siddhi Cafe Industries,"No 181, A Near Bus Stop, Electronic City, Bengaluru Urban, Karnataka - 560100",Bengaluru Urban,560100,Restaurant / Cafe,Service,ACTIVE,99,5,BBMP|KSPCB|LABOUR|SHOP|UDYAM,2026-03-10,2025-12-12,append_only; raw identifiers hashed; human-review for score 60-84,ENT-00008
KA-BLRR-562114-000009,Srinidhi Trans Works,"No 284, Shed 1st Cross, Hoskote, Bengaluru Rural, Karnataka - 562114",Bengaluru Rural,562114,Logistics / Warehouse,Service,ACTIVE,77,3,GST|KSPCB|SHOP,2026-04-13,2025-10-24,append_only; raw identifiers hashed; human-review for score 60-84,ENT-00009
KA-BLRU-560085-000010,Ganesh Dine LLP,"No 149, B Main Road, Banashankari, Bengaluru Urban, Karnataka - 560085",Bengaluru Urban,560085,Restaurant / Cafe,Service,ACTIVE,99,4,BBMP|GST|SHOP|UDYAM,2026-04-18,2025-09-20,append_only; raw identifiers hashed; human-review for score 60-84,ENT-00010
KA-BLRU-560076-000011,Naveen Fashions Traders,"No 34, B Main Road, Bannerghatta Road, Bengaluru Urban, Karnataka - 560076",Bengaluru Urban,560076,Textile / Garments,Manufacturing,ACTIVE,99,5,FACTORY|GST|LABOUR|SHOP|UDYAM,2026-03-06,2025-11-06,append_only; raw identifiers hashed; human-review for score 60-84,ENT-00011
KA-MYS-570001-000012,Naveen Systems Pvt Ltd,"No 291, D Sector, Devaraja Mohalla, Mysuru, Karnataka - 570001",Mysuru,570001,Electronics Assembly,Manufacturing,DORMANT,99,3,FACTORY|KSPCB|UDYAM,2026-04-24,2024-02-21,append_only; raw identifiers hashed; human-review for score 60-84,ENT-00012
KA-MYS-570001-000013,Mysore Bites Works,"No 4, D 2nd Main, Devaraja Mohalla, Mysuru, Karnataka - 570001",Mysuru,570001,Restaurant / Cafe,Service,ACTIVE,99,3,BBMP|GST|SHOP,2026-04-14,2025-06-04,append_only; raw identifiers hashed; human-review for score 60-84,ENT-00013
KA-BLRU-560100-000014,Siddhi Industrial Industries,"No 243, B Extension, Electronic City, Bengaluru Urban, Karnataka - 560100",Bengaluru Urban,560100,Chemical Blending,Manufacturing,ACTIVE,99,6,BBMP|FACTORY|KSPCB|LABOUR|SHOP|UDYAM,2026-04-13,2025-07-18,append_only; raw identifiers hashed; human-review for score 60-84,ENT-00014
KA-BLRR-562110-000015,Meghana Warehouse Traders,"No 57, D Near Bus Stop, Devanahalli, Bengaluru Rural, Karnataka - 562110",Bengaluru Rural,562110,Logistics / Warehouse,Service,DORMANT,94,4,BBMP|GST|LABOUR|UDYAM,2026-05-03,2024-12-06,append_only; raw identifiers hashed; human-review for score 60-84,ENT-00015
KA-BLRR-561203-000016,Nandi Trans Solutions,"No 162, Sector, Doddaballapura, Bengaluru Rural, Karnataka - 561203",Bengaluru Rural,561203,Logistics / Warehouse,Service,ACTIVE,89,3,GST|LABOUR|SHOP,2026-03-21,2026-05-03,append_only; raw identifiers hashed; human-review for score 60-84,ENT-00016
KA-BLRR-562110-000017,Mysore Cafe Traders,"No 202, D Service Road, Devanahalli, Bengaluru Rural, Karnataka - 562110",Bengaluru Rural,562110,Restaurant / Cafe,Service,ACTIVE,77,3,BBMP|GST|LABOUR,2026-03-15,2025-10-04,append_only; raw identifiers hashed; human-review for score 60-84,ENT-00017
KA-BLRU-560066-000018,Mysore Mold Solutions,"No 215, A Main Road, Whitefield Main Road, Bengaluru Urban, Karnataka - 560066",Bengaluru Urban,560066,Plastic Moulding,Manufacturing,ACTIVE,99,6,BBMP|FACTORY|GST|KSPCB|SHOP|UDYAM,2026-03-05,2026-02-16,append_only; raw identifiers hashed; human-review for score 60-84,ENT-00018
KA-BLRR-562110-000019,Veda Coatings Works,"No 201, B Service Road, Devanahalli, Bengaluru Rural, Karnataka - 562110",Bengaluru Rural,562110,Chemical Blending,Manufacturing,ACTIVE,82,4,FACTORY|GST|KSPCB|SHOP,2026-03-20,2026-02-20,append_only; raw identifiers hashed; human-review for score 60-84,ENT-00019
KA-BLRU-560068-000020,Navya Devices Co,"No 51, A Behind Metro, Bommanahalli, Bengaluru Urban, Karnataka - 560068",Bengaluru Urban,560068,Electronics Assembly,Manufacturing,DORMANT,99,3,FACTORY|GST|UDYAM,2026-04-15,2024-09-22,append_only; raw identifiers hashed; human-review for score 60-84,ENT-00020
KA-MYS-570016-000021,Prakruthi Packaging Solutions,"No 45, A Service Road, Hebbal Industrial Area, Mysuru, Karnataka - 570016",Mysuru,570016,Printing / Packaging,Manufacturing,DORMANT,89,3,GST|KSPCB|LABOUR,2026-03-09,2024-08-04,append_only; raw identifiers hashed; human-review for score 60-84,ENT-00021
KA-MYS-570016-000022,Ravi Plastics Works,"No 65, B Near Bus Stop, Hebbal Industrial Area, Mysuru, Karnataka - 570016",Mysuru,570016,Plastic Moulding,Manufacturing,DORMANT,99,4,FACTORY|KSPCB|LABOUR|SHOP,2026-03-24,2025-03-07,append_only; raw identifiers hashed; human-review for score 60-84,ENT-00022
KA-BLRU-560102-000023,Sri Devices Solutions,"No 104, Shed Industrial Layout, HSR Layout, Bengaluru Urban, Karnataka - 560102",Bengaluru Urban,560102,Electronics Assembly,Manufacturing,ACTIVE,99,6,BBMP|FACTORY|GST|LABOUR|SHOP|UDYAM,2026-04-26,2026-03-21,append_only; raw identifiers hashed; human-review for score 60-84,ENT-00023
KA-BLRU-560085-000024,Sree Solutions,"No 101, A Extension, Banashankari, Bengaluru Urban, Karnataka - 560085",Bengaluru Urban,560085,Food Processing,Manufacturing,ACTIVE,89,3,GST|LABOUR|SHOP,2026-03-27,2025-11-12,append_only; raw identifiers hashed; human-review for score 60-84,ENT-00024
KA-BLRU-560059-000025,Harsha Biryani Works,"No 136, C 1st Cross, Rajajinagar Industrial Suburb, Bengaluru Urban, Karnataka - 560059",Bengaluru Urban,560059,Restaurant / Cafe,Service,ACTIVE,99,4,BBMP|FACTORY|LABOUR|SHOP,2026-04-13,2026-02-12,append_only; raw identifiers hashed; human-review for score 60-84,ENT-00025
KA-BLRU-560068-000026,Bangalore Moulding Associates,"No 266, Shed Sector, Bommanahalli, Bengaluru Urban, Karnataka - 560068",Bengaluru Urban,560068,Plastic Moulding,Manufacturing,ACTIVE,99,6,FACTORY|GST|KSPCB|LABOUR|SHOP|UDYAM,2026-03-31,2026-04-26,append_only; raw identifiers hashed; human-review for score 60-84,ENT-00026
KA-BLRU-560059-000027,Sree Electronics Industries,"No 50, B Industrial Layout, Rajajinagar Industrial Suburb, Bengaluru Urban, Karnataka - 560059",Bengaluru Urban,560059,Electronics Assembly,Manufacturing,CLOSED,84,2,FACTORY|GST,2026-03-19,2021-04-19,append_only; raw identifiers hashed; human-review for score 60-84,ENT-00027
KA-MYS-570016-000028,Bangalore Solutions,"No 108, B Near Bus Stop, Hebbal Industrial Area, Mysuru, Karnataka - 570016",Mysuru,570016,Pharmacy / Medical Retail,Retail,ACTIVE,72,2,BBMP|SHOP,2026-04-23,2025-12-25,append_only; raw identifiers hashed; human-review for score 60-84,ENT-00028
KA-BLRU-560064-000029,Asha Co,"No 177, C 2nd Main, Yelahanka, Bengaluru Urban, Karnataka - 560064",Bengaluru Urban,560064,Textile / Garments,Manufacturing,ACTIVE,99,3,FACTORY|GST|UDYAM,2026-03-05,2026-01-06,append_only; raw identifiers hashed; human-review for score 60-84,ENT-00029
KA-BLRR-562110-000030,Bharath Garments Traders,"No 18, Plot Extension, Devanahalli, Bengaluru Rural, Karnataka - 562110",Bengaluru Rural,562110,Textile / Garments,Manufacturing,ACTIVE,99,5,FACTORY|GST|LABOUR|SHOP|UDYAM,2026-03-10,2025-05-04,append_only; raw identifiers hashed; human-review for score 60-84,ENT-00030
KA-BLRU-560102-000031,Mysore Enterprises,"No 256, B Main Road, HSR Layout, Bengaluru Urban, Karnataka - 560102",Bengaluru Urban,560102,Machine Tools,Manufacturing,ACTIVE,99,6,FACTORY|GST|KSPCB|LABOUR|SHOP|UDYAM,2026-04-16,2026-02-03,append_only; raw identifiers hashed; human-review for score 60-84,ENT-00031
KA-BLRR-561203-000032,Omkar LLP,"No 161, Shed Near Bus Stop, Doddaballapura, Bengaluru Rural, Karnataka - 561203",Bengaluru Rural,561203,Pharmacy / Medical Retail,Retail,ACTIVE,99,3,GST|LABOUR|SHOP,2026-03-13,2025-09-19,append_only; raw identifiers hashed; human-review for score 60-84,ENT-00032
KA-MYS-570018-000033,Deccan Industries,"No 125, D Industrial Layout, Nanjangud Road, Mysuru, Karnataka - 570018",Mysuru,570018,Textile / Garments,Manufacturing,ACTIVE,99,4,GST|LABOUR|SHOP|UDYAM,2026-04-09,2026-01-23,append_only; raw identifiers hashed; human-review for score 60-84,ENT-00033
KA-BLRU-560085-000034,Nandi Cargo Company,"No 2, A Near Bus Stop, Banashankari, Bengaluru Urban, Karnataka - 560085",Bengaluru Urban,560085,Logistics / Warehouse,Service,CLOSED,96,2,GST|UDYAM,2026-03-23,2025-02-03,append_only; raw identifiers hashed; human-review for score 60-84,ENT-00034
KA-BLRU-560102-000035,Kaveri Components Pvt Ltd,"No 106, Plot Behind Metro, HSR Layout, Bengaluru Urban, Karnataka - 560102",Bengaluru Urban,560102,Electronics Assembly,Manufacturing,ACTIVE,82,4,GST|KSPCB|SHOP|UDYAM,2026-04-28,2025-07-30,append_only; raw identifiers hashed; human-review for score 60-84,ENT-00035
KA-TUM-572101-000036,Nandi Stores LLP,"No 4, Main Road, BH Road, Tumakuru, Karnataka - 572101",Tumakuru,572101,Logistics / Warehouse,Service,CLOSED,96,2,GST|LABOUR,2026-04-10,2020-06-07,append_only; raw identifiers hashed; human-review for score 60-84,ENT-00036
KA-BLRR-562114-000037,Kaveri Cafe LLP,"No 144, Main Road, Hoskote, Bengaluru Rural, Karnataka - 562114",Bengaluru Rural,562114,Restaurant / Cafe,Service,ACTIVE,99,3,FACTORY|GST|SHOP,2026-04-19,2025-12-30,append_only; raw identifiers hashed; human-review for score 60-84,ENT-00037
KA-BLRU-560085-000038,Meghana Bites Associates,"No 2, D Sector, Banashankari, Bengaluru Urban, Karnataka - 560085",Bengaluru Urban,560085,Restaurant / Cafe,Service,ACTIVE,99,3,GST|SHOP|UDYAM,2026-03-05,2025-12-11,append_only; raw identifiers hashed; human-review for score 60-84,ENT-00038
KA-BLRU-560024-000039,Nisarga Industrial Co,"No 203, C Service Road, Hebbal, Bengaluru Urban, Karnataka - 560024",Bengaluru Urban,560024,Chemical Blending,Manufacturing,ACTIVE,96,2,FACTORY|KSPCB,2026-03-25,2025-08-11,append_only; raw identifiers hashed; human-review for score 60-84,ENT-00039
KA-BLRU-560068-000040,Varun Textiles Industries,"No 252, B Near Bus Stop, Bommanahalli, Bengaluru Urban, Karnataka - 560068",Bengaluru Urban,560068,Textile / Garments,Manufacturing,CLOSED,82,4,BBMP|GST|LABOUR|SHOP,2026-04-27,2021-11-01,append_only; raw identifiers hashed; human-review for score 60-84,ENT-00040
KA-BLRU-560085-000041,Meghana Bites Associates,"No 283, A 1st Cross, Banashankari, Bengaluru Urban, Karnataka - 560085",Bengaluru Urban,560085,Pharmacy / Medical Retail,Retail,DORMANT,84,2,BBMP|SHOP,2026-04-26,2024-11-16,append_only; raw identifiers hashed; human-review for score 60-84,ENT-00041
KA-MYS-570016-000042,Aditya Circuits Works,"No 157, B Extension, Hebbal Industrial Area, Mysuru, Karnataka - 570016",Mysuru,570016,Electronics Assembly,Manufacturing,ACTIVE,99,5,BBMP|GST|LABOUR|SHOP|UDYAM,2026-04-27,2026-04-15,append_only; raw identifiers hashed; human-review for score 60-84,ENT-00042
KA-TUM-572101-000043,Kaveri Press Enterprises,"No 151, D 2nd Main, BH Road, Tumakuru, Karnataka - 572101",Tumakuru,572101,Printing / Packaging,Manufacturing,ACTIVE,99,3,GST|SHOP|UDYAM,2026-03-19,2026-01-01,append_only; raw identifiers hashed; human-review for score 60-84,ENT-00043
KA-MYS-570016-000044,Aarohi Solutions,"No 37, Behind Metro, Hebbal Industrial Area, Mysuru, Karnataka - 570016",Mysuru,570016,Pharmacy / Medical Retail,Retail,ACTIVE,77,3,BBMP|GST|UDYAM,2026-04-17,2025-11-03,append_only; raw identifiers hashed; human-review for score 60-84,ENT-00044
KA-TUM-572106-000045,Bangalore Garments Solutions,"No 232, A Behind Metro, Antharasanahalli Industrial Area, Tumakuru, Karnataka - 572106",Tumakuru,572106,Textile / Garments,Manufacturing,ACTIVE,97,7,BBMP|FACTORY|GST|KSPCB|LABOUR|SHOP|UDYAM,2026-03-17,2026-01-30,append_only; raw identifiers hashed; human-review for score 60-84,ENT-00045
KA-BLRU-560043-000046,Ravi LLP,"No 232, Shed Industrial Layout, Kalyan Nagar, Bengaluru Urban, Karnataka - 560043",Bengaluru Urban,560043,Pharmacy / Medical Retail,Retail,DORMANT,99,3,GST|SHOP|UDYAM,2026-03-06,2024-02-26,append_only; raw identifiers hashed; human-review for score 60-84,ENT-00046
KA-BLRU-560100-000047,Nandi Solvents LLP,"No 219, B 3rd Phase, Electronic City, Bengaluru Urban, Karnataka - 560100",Bengaluru Urban,560100,Chemical Blending,Manufacturing,ACTIVE,99,4,FACTORY|GST|KSPCB|LABOUR,2026-03-16,2025-12-25,append_only; raw identifiers hashed; human-review for score 60-84,ENT-00047
KA-TUM-572106-000048,Bangalore Dine Associates,"No 65, A Near Bus Stop, Antharasanahalli Industrial Area, Tumakuru, Karnataka - 572106",Tumakuru,572106,Restaurant / Cafe,Service,DORMANT,84,2,BBMP|SHOP,2026-04-06,2025-04-10,append_only; raw identifiers hashed; human-review for score 60-84,ENT-00048
KA-BLRU-560043-000049,Omkar Pvt Ltd,"No 146, D 3rd Phase, Kalyan Nagar, Bengaluru Urban, Karnataka - 560043",Bengaluru Urban,560043,Plastic Moulding,Manufacturing,ACTIVE,99,6,FACTORY|GST|KSPCB|LABOUR|SHOP|UDYAM,2026-03-20,2025-11-14,append_only; raw identifiers hashed; human-review for score 60-84,ENT-00049
KA-BLRU-560102-000050,Ananya Print Works,"No 259, Plot Sector, HSR Layout, Bengaluru Urban, Karnataka - 560102",Bengaluru Urban,560102,Printing / Packaging,Manufacturing,ACTIVE,99,3,GST|SHOP|UDYAM,2026-03-12,2026-04-14,append_only; raw identifiers hashed; human-review for score 60-84,ENT-00050
KA-BLRU-560076-000051,Varun Enterprises,"No 144, Plot Service Road, Bannerghatta Road, Bengaluru Urban, Karnataka - 560076",Bengaluru Urban,560076,Electronics Assembly,Manufacturing,ACTIVE,87,5,GST|KSPCB|LABOUR|SHOP|UDYAM,2026-04-24,2026-02-25,append_only; raw identifiers hashed; human-review for score 60-84,ENT-00051
KA-BLRU-560043-000052,Naveen Company,"No 150, Shed Service Road, Kalyan Nagar, Bengaluru Urban, Karnataka - 560043",Bengaluru Urban,560043,Textile / Garments,Manufacturing,ACTIVE,94,4,GST|LABOUR|SHOP|UDYAM,2026-03-07,2025-07-24,append_only; raw identifiers hashed; human-review for score 60-84,ENT-00052
KA-BLRU-560059-000053,Harsha Packaging Enterprises,"No 28, Plot 1st Cross, Rajajinagar Industrial Suburb, Bengaluru Urban, Karnataka - 560059",Bengaluru Urban,560059,Plastic Moulding,Manufacturing,ACTIVE,99,5,FACTORY|KSPCB|LABOUR|SHOP|UDYAM,2026-03-14,2026-01-10,append_only; raw identifiers hashed; human-review for score 60-84,ENT-00053
KA-BLRU-560037-000054,Srinidhi Milling Traders,"No 224, Shed Behind Metro, Whitefield, Bengaluru Urban, Karnataka - 560037",Bengaluru Urban,560037,Food Processing,Manufacturing,ACTIVE,94,4,GST|KSPCB|SHOP|UDYAM,2026-04-23,2025-09-07,append_only; raw identifiers hashed; human-review for score 60-84,ENT-00054
KA-BLRU-560059-000055,Bharath Machining Company,"No 114, Plot Extension, Rajajinagar Industrial Suburb, Bengaluru Urban, Karnataka - 560059",Bengaluru Urban,560059,Machine Tools,Manufacturing,ACTIVE,99,5,FACTORY|GST|KSPCB|LABOUR|SHOP,2026-03-07,2026-04-18,append_only; raw identifiers hashed; human-review for score 60-84,ENT-00055
KA-BLRU-560078-000056,Bharath Graphics Solutions,"No 262, Sector, Jayanagar, Bengaluru Urban, Karnataka - 560078",Bengaluru Urban,560078,Printing / Packaging,Manufacturing,ACTIVE,89,3,BBMP|GST|SHOP,2026-04-03,2025-12-09,append_only; raw identifiers hashed; human-review for score 60-84,ENT-00056
KA-MYS-570016-000057,Prakruthi Electronics Industries,"No 8, Plot Main Road, Hebbal Industrial Area, Mysuru, Karnataka - 570016",Mysuru,570016,Electronics Assembly,Manufacturing,ACTIVE,99,4,FACTORY|GST|SHOP|UDYAM,2026-03-22,2025-12-09,append_only; raw identifiers hashed; human-review for score 60-84,ENT-00057
KA-BLRU-560043-000058,Siddhi Systems LLP,"No 285, D Extension, Kalyan Nagar, Bengaluru Urban, Karnataka - 560043",Bengaluru Urban,560043,Electronics Assembly,Manufacturing,ACTIVE,99,5,GST|KSPCB|LABOUR|SHOP|UDYAM,2026-05-02,2026-04-06,append_only; raw identifiers hashed; human-review for score 60-84,ENT-00058
KA-MYS-570018-000059,Bangalore Apparels Company,"No 249, D 3rd Phase, Nanjangud Road, Mysuru, Karnataka - 570018",Mysuru,570018,Textile / Garments,Manufacturing,ACTIVE,77,3,BBMP|FACTORY|GST,2026-03-15,2025-05-10,append_only; raw identifiers hashed; human-review for score 60-84,ENT-00059
KA-BLRR-562114-000060,Veda Stitch LLP,"No 147, A Main Road, Hoskote, Bengaluru Rural, Karnataka - 562114",Bengaluru Rural,562114,Textile / Garments,Manufacturing,ACTIVE,99,7,BBMP|FACTORY|GST|KSPCB|LABOUR|SHOP|UDYAM,2026-05-04,2026-04-11,append_only; raw identifiers hashed; human-review for score 60-84,ENT-00060
KA-BLRR-562114-000061,Srinidhi Labs Industries,"No 287, A Main Road, Hoskote, Bengaluru Rural, Karnataka - 562114",Bengaluru Rural,562114,Chemical Blending,Manufacturing,ACTIVE,94,4,FACTORY|GST|KSPCB|LABOUR,2026-03-06,2026-02-26,append_only; raw identifiers hashed; human-review for score 60-84,ENT-00061
KA-BLRU-560058-000062,Veda Pharma Associates,"No 152, Main Road, Peenya Industrial Area, Bengaluru Urban, Karnataka - 560058",Bengaluru Urban,560058,Pharmacy / Medical Retail,Retail,CLOSED,96,2,BBMP|UDYAM,2026-03-20,2023-01-19,append_only; raw identifiers hashed; human-review for score 60-84,ENT-00062
KA-TUM-572101-000063,Lakshmi Graphics Works,"No 278, Plot Near Bus Stop, BH Road, Tumakuru, Karnataka - 572101",Tumakuru,572101,Printing / Packaging,Manufacturing,ACTIVE,77,3,FACTORY|GST|KSPCB,2026-03-08,2026-02-11,append_only; raw identifiers hashed; human-review for score 60-84,ENT-00063
KA-BLRU-560034-000064,Veda Devices Co,"No 236, B Industrial Layout, Koramangala, Bengaluru Urban, Karnataka - 560034",Bengaluru Urban,560034,Electronics Assembly,Manufacturing,ACTIVE,99,6,FACTORY|GST|KSPCB|LABOUR|SHOP|UDYAM,2026-04-01,2025-10-05,append_only; raw identifiers hashed; human-review for score 60-84,ENT-00064
KA-BLRU-560076-000065,Sri Agro Industries,"No 275, 1st Cross, Bannerghatta Road, Bengaluru Urban, Karnataka - 560076",Bengaluru Urban,560076,Food Processing,Manufacturing,DORMANT,99,3,GST|SHOP|UDYAM,2026-03-11,2024-08-22,append_only; raw identifiers hashed; human-review for score 60-84,ENT-00065
KA-BLRU-560102-000066,Sree Dine Co,"No 152, B Main Road, HSR Layout, Bengaluru Urban, Karnataka - 560102",Bengaluru Urban,560102,Restaurant / Cafe,Service,CLOSED,77,3,BBMP|LABOUR|SHOP,2026-03-22,2023-02-04,append_only; raw identifiers hashed; human-review for score 60-84,ENT-00066
KA-BLRU-560029-000067,Sahana Meds Enterprises,"No 28, D 1st Cross, BTM Layout, Bengaluru Urban, Karnataka - 560029",Bengaluru Urban,560029,Pharmacy / Medical Retail,Retail,CLOSED,77,3,GST|SHOP|UDYAM,2026-03-20,2022-09-23,append_only; raw identifiers hashed; human-review for score 60-84,ENT-00067
KA-MYS-570001-000068,Vijaya Bites Industries,"No 100, Plot 1st Cross, Devaraja Mohalla, Mysuru, Karnataka - 570001",Mysuru,570001,Restaurant / Cafe,Service,DORMANT,72,2,BBMP|SHOP,2026-03-27,2025-04-28,append_only; raw identifiers hashed; human-review for score 60-84,ENT-00068
KA-BLRU-560059-000069,Ravi Health Traders,"No 85, Shed Main Road, Rajajinagar Industrial Suburb, Bengaluru Urban, Karnataka - 560059",Bengaluru Urban,560059,Pharmacy / Medical Retail,Retail,ACTIVE,67,1,BBMP,2026-03-05,2025-12-04,append_only; raw identifiers hashed; human-review for score 60-84,ENT-00069
KA-BLRU-560001-000070,Sri Spices Solutions,"No 22, Sector, MG Road, Bengaluru Urban, Karnataka - 560001",Bengaluru Urban,560001,Food Processing,Manufacturing,DORMANT,99,3,GST|KSPCB|SHOP,2026-05-01,2024-01-05,append_only; raw identifiers hashed; human-review for score 60-84,ENT-00070
KA-TUM-572106-000071,Prakruthi CNC LLP,"No 3, A Behind Metro, Antharasanahalli Industrial Area, Tumakuru, Karnataka - 572106",Tumakuru,572106,Machine Tools,Manufacturing,ACTIVE,99,6,FACTORY|GST|KSPCB|LABOUR|SHOP|UDYAM,2026-03-09,2026-04-27,append_only; raw identifiers hashed; human-review for score 60-84,ENT-00071
KA-BLRU-560076-000072,Siddhi Bakery LLP,"No 83, A Main Road, Bannerghatta Road, Bengaluru Urban, Karnataka - 560076",Bengaluru Urban,560076,Food Processing,Manufacturing,CLOSED,84,2,FACTORY|GST,2026-03-11,2022-08-16,append_only; raw identifiers hashed; human-review for score 60-84,ENT-00072
KA-BLRU-560037-000073,Srinidhi Company,"No 297, D 1st Cross, Whitefield, Bengaluru Urban, Karnataka - 560037",Bengaluru Urban,560037,Plastic Moulding,Manufacturing,ACTIVE,99,5,FACTORY|GST|KSPCB|SHOP|UDYAM,2026-03-31,2026-04-10,append_only; raw identifiers hashed; human-review for score 60-84,ENT-00073
KA-BLRU-560085-000074,Kaveri Labels Traders,"No 129, B Sector, Banashankari, Bengaluru Urban, Karnataka - 560085",Bengaluru Urban,560085,Printing / Packaging,Manufacturing,ACTIVE,89,3,BBMP|FACTORY|KSPCB,2026-03-13,2026-04-21,append_only; raw identifiers hashed; human-review for score 60-84,ENT-00074
KA-BLRU-560066-000075,Ravi Tech Associates,"No 84, A Sector, Whitefield Main Road, Bengaluru Urban, Karnataka - 560066",Bengaluru Urban,560066,Electronics Assembly,Manufacturing,CLOSED,99,4,FACTORY|GST|KSPCB|SHOP,2026-05-02,2022-12-21,append_only; raw identifiers hashed; human-review for score 60-84,ENT-00075
KA-TUM-572106-000076,Bangalore Coatings Co,"No 165, C Main Road, Antharasanahalli Industrial Area, Tumakuru, Karnataka - 572106",Tumakuru,572106,Chemical Blending,Manufacturing,ACTIVE,96,2,FACTORY|KSPCB,2026-04-12,2025-11-23,append_only; raw identifiers hashed; human-review for score 60-84,ENT-00076
KA-MYS-570001-000077,Ananya Pharma Traders,"No 262, A 1st Cross, Devaraja Mohalla, Mysuru, Karnataka - 570001",Mysuru,570001,Pharmacy / Medical Retail,Retail,DORMANT,67,1,SHOP,2026-03-12,2025-01-28,append_only; raw identifiers hashed; human-review for score 60-84,ENT-00077
KA-BLRR-562114-000078,Aditya Medical Pvt Ltd,"No 282, Extension, Hoskote, Bengaluru Rural, Karnataka - 562114",Bengaluru Rural,562114,Pharmacy / Medical Retail,Retail,DORMANT,99,4,BBMP|GST|LABOUR|SHOP,2026-03-29,2024-12-12,append_only; raw identifiers hashed; human-review for score 60-84,ENT-00078
KA-MYS-570016-000079,Ravi Co,"No 271, A 1st Cross, Hebbal Industrial Area, Mysuru, Karnataka - 570016",Mysuru,570016,Machine Tools,Manufacturing,ACTIVE,89,3,GST|LABOUR|SHOP,2026-03-19,2026-02-22,append_only; raw identifiers hashed; human-review for score 60-84,ENT-00079
KA-BLRU-560068-000080,Meghana Coatings Traders,"No 203, B Behind Metro, Bommanahalli, Bengaluru Urban, Karnataka - 560068",Bengaluru Urban,560068,Chemical Blending,Manufacturing,DORMANT,94,4,FACTORY|GST|KSPCB|LABOUR,2026-04-14,2023-07-22,append_only; raw identifiers hashed; human-review for score 60-84,ENT-00080
KA-BLRU-560058-000081,Meghana Wear Traders,"No 120, Plot Sector, Peenya Industrial Area, Bengaluru Urban, Karnataka - 560058",Bengaluru Urban,560058,Textile / Garments,Manufacturing,ACTIVE,92,6,BBMP|FACTORY|GST|LABOUR|SHOP|UDYAM,2026-04-01,2025-07-02,append_only; raw identifiers hashed; human-review for score 60-84,ENT-00081
KA-MYS-570016-000082,Prakruthi Packaging Solutions,"No 142, B Behind Metro, Hebbal Industrial Area, Mysuru, Karnataka - 570016",Mysuru,570016,Plastic Moulding,Manufacturing,DORMANT,99,4,FACTORY|KSPCB|LABOUR|UDYAM,2026-05-02,2024-12-31,append_only; raw identifiers hashed; human-review for score 60-84,ENT-00082
KA-BLRU-560100-000083,Nandi Electronics Solutions,"No 271, A Extension, Electronic City, Bengaluru Urban, Karnataka - 560100",Bengaluru Urban,560100,Electronics Assembly,Manufacturing,ACTIVE,82,4,FACTORY|GST|SHOP|UDYAM,2026-04-19,2026-02-20,append_only; raw identifiers hashed; human-review for score 60-84,ENT-00083
KA-BLRU-560064-000084,Veda Kitchen Industries,"No 275, Shed 1st Cross, Yelahanka, Bengaluru Urban, Karnataka - 560064",Bengaluru Urban,560064,Restaurant / Cafe,Service,ACTIVE,84,2,BBMP|SHOP,2026-04-08,2025-07-08,append_only; raw identifiers hashed; human-review for score 60-84,ENT-00084
KA-MYS-570018-000085,Mysore Works,"No 280, C Industrial Layout, Nanjangud Road, Mysuru, Karnataka - 570018",Mysuru,570018,Electronics Assembly,Manufacturing,CLOSED,82,4,FACTORY|GST|SHOP|UDYAM,2026-04-11,2023-03-20,append_only; raw identifiers hashed; human-review for score 60-84,ENT-00085
KA-BLRU-560037-000086,Kaveri Labs Pvt Ltd,"No 71, A Near Bus Stop, Whitefield, Bengaluru Urban, Karnataka - 560037",Bengaluru Urban,560037,Chemical Blending,Manufacturing,CLOSED,89,3,FACTORY|KSPCB|LABOUR,2026-03-10,2025-11-21,append_only; raw identifiers hashed; human-review for score 60-84,ENT-00086
KA-TUM-572106-000087,Bangalore Co,"No 217, Near Bus Stop, Antharasanahalli Industrial Area, Tumakuru, Karnataka - 572106",Tumakuru,572106,Restaurant / Cafe,Service,ACTIVE,96,2,BBMP|GST,2026-03-31,2025-10-28,append_only; raw identifiers hashed; human-review for score 60-84,ENT-00087
KA-BLRU-560076-000088,Bharath Biryani Pvt Ltd,"No 94, D Industrial Layout, Bannerghatta Road, Bengaluru Urban, Karnataka - 560076",Bengaluru Urban,560076,Restaurant / Cafe,Service,ACTIVE,89,3,BBMP|KSPCB|SHOP,2026-04-15,2025-08-28,append_only; raw identifiers hashed; human-review for score 60-84,ENT-00088
KA-MYS-570016-000089,Bangalore Works,"No 139, D 2nd Main, Hebbal Industrial Area, Mysuru, Karnataka - 570016",Mysuru,570016,Printing / Packaging,Manufacturing,ACTIVE,99,3,FACTORY|GST|LABOUR,2026-03-12,2026-01-09,append_only; raw identifiers hashed; human-review for score 60-84,ENT-00089
KA-BLRU-560029-000090,Bharath Tech Associates,"No 54, D 3rd Phase, BTM Layout, Bengaluru Urban, Karnataka - 560029",Bengaluru Urban,560029,Electronics Assembly,Manufacturing,ACTIVE,99,5,FACTORY|GST|LABOUR|SHOP|UDYAM,2026-03-17,2025-10-07,append_only; raw identifiers hashed; human-review for score 60-84,ENT-00090
KA-BLRU-560058-000091,Sharma Stitch Enterprises,"No 142, D 3rd Phase, Peenya Industrial Area, Bengaluru Urban, Karnataka - 560058",Bengaluru Urban,560058,Textile / Garments,Manufacturing,ACTIVE,87,5,BBMP|FACTORY|GST|SHOP|UDYAM,2026-03-20,2026-03-16,append_only; raw identifiers hashed; human-review for score 60-84,ENT-00091
KA-BLRU-560059-000092,Prakruthi Care Industries,"No 42, C Behind Metro, Rajajinagar Industrial Suburb, Bengaluru Urban, Karnataka - 560059",Bengaluru Urban,560059,Pharmacy / Medical Retail,Retail,DORMANT,84,2,BBMP|SHOP,2026-03-29,2025-02-23,append_only; raw identifiers hashed; human-review for score 60-84,ENT-00092
KA-BLRU-560102-000093,Kaveri Systems Pvt Ltd,"No 51, B 3rd Phase, HSR Layout, Bengaluru Urban, Karnataka - 560102",Bengaluru Urban,560102,Electronics Assembly,Manufacturing,ACTIVE,99,6,BBMP|FACTORY|GST|KSPCB|LABOUR|UDYAM,2026-04-19,2026-04-13,append_only; raw identifiers hashed; human-review for score 60-84,ENT-00093
KA-BLRU-560068-000094,Sharma Biryani Pvt Ltd,"No 52, Plot 2nd Main, Bommanahalli, Bengaluru Urban, Karnataka - 560068",Bengaluru Urban,560068,Restaurant / Cafe,Service,DORMANT,87,5,BBMP|GST|LABOUR|SHOP|UDYAM,2026-03-19,2025-03-22,append_only; raw identifiers hashed; human-review for score 60-84,ENT-00094
KA-BLRU-560029-000095,Deccan Packaging Traders,"No 211, C 1st Cross, BTM Layout, Bengaluru Urban, Karnataka - 560029",Bengaluru Urban,560029,Printing / Packaging,Manufacturing,ACTIVE,82,4,FACTORY|GST|KSPCB|SHOP,2026-04-17,2025-09-09,append_only; raw identifiers hashed; human-review for score 60-84,ENT-00095
KA-MYS-570016-000096,Ananya Devices Solutions,"No 250, D Extension, Hebbal Industrial Area, Mysuru, Karnataka - 570016",Mysuru,570016,Electronics Assembly,Manufacturing,ACTIVE,94,4,BBMP|FACTORY|GST|SHOP,2026-04-01,2025-09-28,append_only; raw identifiers hashed; human-review for score 60-84,ENT-00096
KA-BLRU-560085-000097,Ananya Labs Pvt Ltd,"No 216, Shed Behind Metro, Banashankari, Bengaluru Urban, Karnataka - 560085",Bengaluru Urban,560085,Chemical Blending,Manufacturing,DORMANT,99,3,BBMP|FACTORY|KSPCB,2026-04-10,2024-05-12,append_only; raw identifiers hashed; human-review for score 60-84,ENT-00097
KA-BLRU-560029-000098,Ganesh Works,"No 76, B Industrial Layout, BTM Layout, Bengaluru Urban, Karnataka - 560029",Bengaluru Urban,560029,Printing / Packaging,Manufacturing,ACTIVE,96,2,KSPCB|SHOP,2026-03-15,2025-11-08,append_only; raw identifiers hashed; human-review for score 60-84,ENT-00098
KA-BLRR-562114-000099,Mysore Cargo Solutions,"No 62, Shed 1st Cross, Hoskote, Bengaluru Rural, Karnataka - 562114",Bengaluru Rural,562114,Logistics / Warehouse,Service,ACTIVE,99,5,BBMP|GST|LABOUR|SHOP|UDYAM,2026-03-16,2026-04-29,append_only; raw identifiers hashed; human-review for score 60-84,ENT-00099
KA-BLRU-560043-000100,Srinidhi Traders,"No 235, D Extension, Kalyan Nagar, Bengaluru Urban, Karnataka - 560043",Bengaluru Urban,560043,Food Processing,Manufacturing,ACTIVE,77,3,BBMP|GST|KSPCB,2026-03-16,2026-04-24,append_only; raw identifiers hashed; human-review for score 60-84,ENT-00100
KA-BLRU-560085-000101,Srinidhi Enterprises,"No 195, B Behind Metro, Banashankari, Bengaluru Urban, Karnataka - 560085",Bengaluru Urban,560085,Machine Tools,Manufacturing,DORMANT,87,5,FACTORY|GST|KSPCB|LABOUR|SHOP,2026-03-18,2024-07-18,append_only; raw identifiers hashed; human-review for score 60-84,ENT-00101
KA-TUM-572106-000102,Sharma CNC Enterprises,"No 68, A Main Road, Antharasanahalli Industrial Area, Tumakuru, Karnataka - 572106",Tumakuru,572106,Machine Tools,Manufacturing,DORMANT,99,5,GST|KSPCB|LABOUR|SHOP|UDYAM,2026-04-03,2025-04-21,append_only; raw identifiers hashed; human-review for score 60-84,ENT-00102
KA-BLRU-560064-000103,Aditya Garments Industries,"No 90, Plot Main Road, Yelahanka, Bengaluru Urban, Karnataka - 560064",Bengaluru Urban,560064,Textile / Garments,Manufacturing,ACTIVE,99,3,BBMP|GST|LABOUR,2026-04-10,2025-08-18,append_only; raw identifiers hashed; human-review for score 60-84,ENT-00103
KA-BLRU-560100-000104,Navya Printers Traders,"No 18, Shed Main Road, Electronic City, Bengaluru Urban, Karnataka - 560100",Bengaluru Urban,560100,Printing / Packaging,Manufacturing,ACTIVE,99,6,BBMP|FACTORY|GST|KSPCB|LABOUR|SHOP,2026-05-01,2025-08-12,append_only; raw identifiers hashed; human-review for score 60-84,ENT-00104
KA-BLRU-560029-000105,Kaveri Pvt Ltd,"No 86, Behind Metro, BTM Layout, Bengaluru Urban, Karnataka - 560029",Bengaluru Urban,560029,Plastic Moulding,Manufacturing,DORMANT,99,4,FACTORY|GST|KSPCB|UDYAM,2026-04-29,2024-12-15,append_only; raw identifiers hashed; human-review for score 60-84,ENT-00105
KA-BLRR-562114-000106,Naveen Stores LLP,"No 237, A Service Road, Hoskote, Bengaluru Rural, Karnataka - 562114",Bengaluru Rural,562114,Logistics / Warehouse,Service,DORMANT,84,2,BBMP|LABOUR,2026-03-26,2024-11-21,append_only; raw identifiers hashed; human-review for score 60-84,ENT-00106
KA-MYS-570001-000107,Harsha Industries,"No 45, Extension, Devaraja Mohalla, Mysuru, Karnataka - 570001",Mysuru,570001,Printing / Packaging,Manufacturing,DORMANT,99,3,LABOUR|SHOP|UDYAM,2026-03-10,2025-04-11,append_only; raw identifiers hashed; human-review for score 60-84,ENT-00107
KA-BLRU-560064-000108,Mysore Fashions Enterprises,"No 287, D Service Road, Yelahanka, Bengaluru Urban, Karnataka - 560064",Bengaluru Urban,560064,Textile / Garments,Manufacturing,ACTIVE,94,4,FACTORY|GST|LABOUR|UDYAM,2026-04-20,2026-04-15,append_only; raw identifiers hashed; human-review for score 60-84,ENT-00108
KA-TUM-572101-000109,Bangalore Packaging Works,"No 135, A 1st Cross, BH Road, Tumakuru, Karnataka - 572101",Tumakuru,572101,Plastic Moulding,Manufacturing,DORMANT,94,4,FACTORY|GST|KSPCB|LABOUR,2026-03-23,2025-03-16,append_only; raw identifiers hashed; human-review for score 60-84,ENT-00109
KA-BLRU-560085-000110,Sharma Chem LLP,"No 218, B Industrial Layout, Banashankari, Bengaluru Urban, Karnataka - 560085",Bengaluru Urban,560085,Chemical Blending,Manufacturing,ACTIVE,99,5,FACTORY|GST|KSPCB|LABOUR|UDYAM,2026-03-25,2026-03-04,append_only; raw identifiers hashed; human-review for score 60-84,ENT-00110
KA-BLRU-560102-000111,Naveen Polymers Solutions,"No 64, Shed Sector, HSR Layout, Bengaluru Urban, Karnataka - 560102",Bengaluru Urban,560102,Plastic Moulding,Manufacturing,ACTIVE,99,5,FACTORY|GST|KSPCB|LABOUR|UDYAM,2026-04-20,2025-11-02,append_only; raw identifiers hashed; human-review for score 60-84,ENT-00111
KA-BLRU-560024-000112,Ananya Solutions,"No 218, B Industrial Layout, Hebbal, Bengaluru Urban, Karnataka - 560024",Bengaluru Urban,560024,Chemical Blending,Manufacturing,CLOSED,99,3,FACTORY|KSPCB|UDYAM,2026-04-12,2023-04-01,append_only; raw identifiers hashed; human-review for score 60-84,ENT-00112
KA-BLRU-560001-000113,Harsha Tools Associates,"No 299, C Industrial Layout, MG Road, Bengaluru Urban, Karnataka - 560001",Bengaluru Urban,560001,Machine Tools,Manufacturing,ACTIVE,94,4,FACTORY|KSPCB|LABOUR|SHOP,2026-03-14,2026-03-20,append_only; raw identifiers hashed; human-review for score 60-84,ENT-00113
KA-BLRU-560058-000114,Nandi Bakery Pvt Ltd,"No 99, A 3rd Phase, Peenya Industrial Area, Bengaluru Urban, Karnataka - 560058",Bengaluru Urban,560058,Food Processing,Manufacturing,ACTIVE,82,4,BBMP|FACTORY|GST|SHOP,2026-03-19,2026-03-27,append_only; raw identifiers hashed; human-review for score 60-84,ENT-00114
KA-BLRU-560076-000115,Bangalore Care Works,"No 185, C Service Road, Bannerghatta Road, Bengaluru Urban, Karnataka - 560076",Bengaluru Urban,560076,Pharmacy / Medical Retail,Retail,DORMANT,72,2,GST|SHOP,2026-03-28,2024-05-01,append_only; raw identifiers hashed; human-review for score 60-84,ENT-00115
KA-BLRU-560043-000116,Prakruthi Packaging Industries,"No 259, Industrial Layout, Kalyan Nagar, Bengaluru Urban, Karnataka - 560043",Bengaluru Urban,560043,Printing / Packaging,Manufacturing,ACTIVE,99,5,GST|KSPCB|LABOUR|SHOP|UDYAM,2026-04-11,2026-01-07,append_only; raw identifiers hashed; human-review for score 60-84,ENT-00116
KA-TUM-572106-000117,Mysore Printers Company,"No 229, Industrial Layout, Antharasanahalli Industrial Area, Tumakuru, Karnataka - 572106",Tumakuru,572106,Printing / Packaging,Manufacturing,CLOSED,67,1,FACTORY,2026-05-04,2020-11-12,append_only; raw identifiers hashed; human-review for score 60-84,ENT-00117
KA-BLRU-560076-000118,Prakruthi Electronics Industries,"No 121, Shed 3rd Phase, Bannerghatta Road, Bengaluru Urban, Karnataka - 560076",Bengaluru Urban,560076,Electronics Assembly,Manufacturing,ACTIVE,82,4,FACTORY|GST|SHOP|UDYAM,2026-03-23,2026-03-16,append_only; raw identifiers hashed; human-review for score 60-84,ENT-00118
KA-BLRU-560034-000119,Ravi Solutions,"No 122, 1st Cross, Koramangala, Bengaluru Urban, Karnataka - 560034",Bengaluru Urban,560034,Food Processing,Manufacturing,ACTIVE,72,2,GST|KSPCB,2026-04-22,2026-03-12,append_only; raw identifiers hashed; human-review for score 60-84,ENT-00119
KA-BLRR-562110-000120,Aarohi Medical Works,"No 281, A 3rd Phase, Devanahalli, Bengaluru Rural, Karnataka - 562110",Bengaluru Rural,562110,Pharmacy / Medical Retail,Retail,DORMANT,94,4,BBMP|FACTORY|GST|SHOP,2026-03-16,2025-01-12,append_only; raw identifiers hashed; human-review for score 60-84,ENT-00120
KA-BLRU-560102-000121,Sree Clinic Industries,"No 36, Sector, HSR Layout, Bengaluru Urban, Karnataka - 560102",Bengaluru Urban,560102,Pharmacy / Medical Retail,Retail,ACTIVE,99,4,BBMP|FACTORY|GST|SHOP,2026-03-17,2025-10-17,append_only; raw identifiers hashed; human-review for score 60-84,ENT-00121
KA-BLRU-560076-000122,Aarohi Apparels Company,"No 136, D 3rd Phase, Bannerghatta Road, Bengaluru Urban, Karnataka - 560076",Bengaluru Urban,560076,Textile / Garments,Manufacturing,ACTIVE,99,4,FACTORY|LABOUR|SHOP|UDYAM,2026-03-06,2025-07-13,append_only; raw identifiers hashed; human-review for score 60-84,ENT-00122
KA-BLRU-560024-000123,Nisarga Industrial Co,"No 194, A Behind Metro, Hebbal, Bengaluru Urban, Karnataka - 560024",Bengaluru Urban,560024,Restaurant / Cafe,Service,ACTIVE,82,4,BBMP|GST|KSPCB|SHOP,2026-04-17,2026-02-02,append_only; raw identifiers hashed; human-review for score 60-84,ENT-00123
KA-BLRU-560059-000124,Sahana Works Company,"No 50, Sector, Rajajinagar Industrial Suburb, Bengaluru Urban, Karnataka - 560059",Bengaluru Urban,560059,Machine Tools,Manufacturing,ACTIVE,87,5,FACTORY|KSPCB|LABOUR|SHOP|UDYAM,2026-04-22,2025-11-12,append_only; raw identifiers hashed; human-review for score 60-84,ENT-00124
KA-BLRU-560100-000125,Navya Snacks Industries,"No 87, Plot 2nd Main, Electronic City, Bengaluru Urban, Karnataka - 560100",Bengaluru Urban,560100,Food Processing,Manufacturing,ACTIVE,99,5,FACTORY|GST|LABOUR|SHOP|UDYAM,2026-03-23,2026-03-05,append_only; raw identifiers hashed; human-review for score 60-84,ENT-00125
KA-MYS-570018-000126,Sahana Garments Company,"No 98, D Extension, Nanjangud Road, Mysuru, Karnataka - 570018",Mysuru,570018,Textile / Garments,Manufacturing,DORMANT,77,3,GST|LABOUR|SHOP,2026-03-31,2025-03-04,append_only; raw identifiers hashed; human-review for score 60-84,ENT-00126
KA-MYS-570016-000127,Omkar Graphics Industries,"No 160, A Extension, Hebbal Industrial Area, Mysuru, Karnataka - 570016",Mysuru,570016,Printing / Packaging,Manufacturing,ACTIVE,89,3,GST|KSPCB|LABOUR,2026-05-01,2026-04-08,append_only; raw identifiers hashed; human-review for score 60-84,ENT-00127
KA-BLRR-562110-000128,Srinidhi Co,"No 144, 3rd Phase, Devanahalli, Bengaluru Rural, Karnataka - 562110",Bengaluru Rural,562110,Pharmacy / Medical Retail,Retail,ACTIVE,99,4,BBMP|GST|LABOUR|SHOP,2026-04-14,2026-03-07,append_only; raw identifiers hashed; human-review for score 60-84,ENT-00128
KA-BLRU-560043-000129,Sri Devices LLP,"No 2, A Sector, Kalyan Nagar, Bengaluru Urban, Karnataka - 560043",Bengaluru Urban,560043,Electronics Assembly,Manufacturing,ACTIVE,82,4,BBMP|GST|KSPCB|UDYAM,2026-03-26,2025-10-28,append_only; raw identifiers hashed; human-review for score 60-84,ENT-00129
KA-BLRU-560058-000130,Kaveri Cargo Solutions,"No 1, 2nd Main, Peenya Industrial Area, Bengaluru Urban, Karnataka - 560058",Bengaluru Urban,560058,Logistics / Warehouse,Service,ACTIVE,77,3,GST|SHOP|UDYAM,2026-04-09,2026-04-07,append_only; raw identifiers hashed; human-review for score 60-84,ENT-00130
KA-MYS-570001-000131,Aditya Systems LLP,"No 181, Shed Extension, Devaraja Mohalla, Mysuru, Karnataka - 570001",Mysuru,570001,Electronics Assembly,Manufacturing,ACTIVE,96,2,KSPCB|UDYAM,2026-04-23,2025-07-25,append_only; raw identifiers hashed; human-review for score 60-84,ENT-00131
KA-BLRR-562114-000132,Sri Kitchen Enterprises,"No 128, A Extension, Hoskote, Bengaluru Rural, Karnataka - 562114",Bengaluru Rural,562114,Restaurant / Cafe,Service,DORMANT,77,3,BBMP|GST|SHOP,2026-03-14,2023-08-22,append_only; raw identifiers hashed; human-review for score 60-84,ENT-00132
KA-MYS-570001-000133,Sri Moulding Works,"No 257, B Service Road, Devaraja Mohalla, Mysuru, Karnataka - 570001",Mysuru,570001,Plastic Moulding,Manufacturing,ACTIVE,82,4,FACTORY|GST|KSPCB|SHOP,2026-05-04,2025-11-11,append_only; raw identifiers hashed; human-review for score 60-84,ENT-00133
KA-BLRU-560043-000134,Udupi Logistics Company,"No 271, Near Bus Stop, Kalyan Nagar, Bengaluru Urban, Karnataka - 560043",Bengaluru Urban,560043,Logistics / Warehouse,Service,ACTIVE,99,3,GST|LABOUR|UDYAM,2026-03-12,2025-07-08,append_only; raw identifiers hashed; human-review for score 60-84,ENT-00134
KA-BLRR-562110-000135,Kaveri Textiles Enterprises,"No 282, D 3rd Phase, Devanahalli, Bengaluru Rural, Karnataka - 562110",Bengaluru Rural,562110,Textile / Garments,Manufacturing,ACTIVE,94,4,FACTORY|GST|LABOUR|SHOP,2026-04-13,2026-02-13,append_only; raw identifiers hashed; human-review for score 60-84,ENT-00135
KA-BLRU-560064-000136,Aarohi Bakery Industries,"No 294, D Extension, Yelahanka, Bengaluru Urban, Karnataka - 560064",Bengaluru Urban,560064,Food Processing,Manufacturing,ACTIVE,99,4,BBMP|FACTORY|GST|LABOUR,2026-05-01,2025-07-07,append_only; raw identifiers hashed; human-review for score 60-84,ENT-00136
KA-BLRU-560100-000137,Omkar Agro Co,"No 138, 1st Cross, Electronic City, Bengaluru Urban, Karnataka - 560100",Bengaluru Urban,560100,Food Processing,Manufacturing,ACTIVE,99,4,GST|KSPCB|SHOP|UDYAM,2026-05-04,2025-07-26,append_only; raw identifiers hashed; human-review for score 60-84,ENT-00137
KA-MYS-570001-000138,Meghana Meals Industries,"No 244, B 1st Cross, Devaraja Mohalla, Mysuru, Karnataka - 570001",Mysuru,570001,Restaurant / Cafe,Service,DORMANT,77,3,BBMP|GST|SHOP,2026-03-15,2024-11-23,append_only; raw identifiers hashed; human-review for score 60-84,ENT-00138
KA-BLRU-560037-000139,Harsha Works Co,"No 1, D 2nd Main, Whitefield, Bengaluru Urban, Karnataka - 560037",Bengaluru Urban,560037,Machine Tools,Manufacturing,ACTIVE,77,3,BBMP|KSPCB|SHOP,2026-05-03,2025-07-27,append_only; raw identifiers hashed; human-review for score 60-84,ENT-00139
KA-BLRU-560068-000140,Omkar Agro Company,"No 114, B Behind Metro, Bommanahalli, Bengaluru Urban, Karnataka - 560068",Bengaluru Urban,560068,Food Processing,Manufacturing,ACTIVE,82,4,FACTORY|KSPCB|SHOP|UDYAM,2026-04-12,2025-11-23,append_only; raw identifiers hashed; human-review for score 60-84,ENT-00140
KA-MYS-570001-000141,Nisarga Packaging Traders,"No 249, Shed Industrial Layout, Devaraja Mohalla, Mysuru, Karnataka - 570001",Mysuru,570001,Plastic Moulding,Manufacturing,ACTIVE,99,5,FACTORY|GST|KSPCB|LABOUR|UDYAM,2026-05-01,2026-03-13,append_only; raw identifiers hashed; human-review for score 60-84,ENT-00141
KA-BLRR-562157-000142,Lakshmi Pharma Works,"No 147, B Extension, Bagalur, Bengaluru Rural, Karnataka - 562157",Bengaluru Rural,562157,Pharmacy / Medical Retail,Retail,ACTIVE,72,2,BBMP|SHOP,2026-05-02,2025-06-25,append_only; raw identifiers hashed; human-review for score 60-84,ENT-00142
KA-BLRU-560078-000143,Siddhi Pvt Ltd,"No 57, Shed 1st Cross, Jayanagar, Bengaluru Urban, Karnataka - 560078",Bengaluru Urban,560078,Electronics Assembly,Manufacturing,ACTIVE,99,4,BBMP|FACTORY|GST|SHOP,2026-03-05,2025-11-01,append_only; raw identifiers hashed; human-review for score 60-84,ENT-00143
KA-BLRU-560064-000144,Varun Meals Solutions,"No 50, Plot Industrial Layout, Yelahanka, Bengaluru Urban, Karnataka - 560064",Bengaluru Urban,560064,Restaurant / Cafe,Service,ACTIVE,99,3,BBMP|GST|SHOP,2026-03-25,2025-12-27,append_only; raw identifiers hashed; human-review for score 60-84,ENT-00144
KA-BLRU-560076-000145,Veda Works,"No 37, C Sector, Bannerghatta Road, Bengaluru Urban, Karnataka - 560076",Bengaluru Urban,560076,Machine Tools,Manufacturing,ACTIVE,94,4,GST|KSPCB|LABOUR|SHOP,2026-03-21,2026-02-11,append_only; raw identifiers hashed; human-review for score 60-84,ENT-00145
KA-BLRU-560043-000146,Udupi Circuits LLP,"No 155, Behind Metro, Kalyan Nagar, Bengaluru Urban, Karnataka - 560043",Bengaluru Urban,560043,Electronics Assembly,Manufacturing,ACTIVE,77,3,FACTORY|GST|UDYAM,2026-03-28,2025-11-07,append_only; raw identifiers hashed; human-review for score 60-84,ENT-00146
KA-MYS-570016-000147,Siddhi Supply LLP,"No 21, 2nd Main, Hebbal Industrial Area, Mysuru, Karnataka - 570016",Mysuru,570016,Logistics / Warehouse,Service,ACTIVE,89,3,BBMP|GST|LABOUR,2026-04-20,2026-03-27,append_only; raw identifiers hashed; human-review for score 60-84,ENT-00147
KA-BLRU-560085-000148,Vijaya Tools Solutions,"No 219, Plot Sector, Banashankari, Bengaluru Urban, Karnataka - 560085",Bengaluru Urban,560085,Machine Tools,Manufacturing,DORMANT,89,3,FACTORY|GST|SHOP,2026-03-05,2024-09-10,append_only; raw identifiers hashed; human-review for score 60-84,ENT-00148
KA-BLRU-560066-000149,Udupi Pharma Works,"No 293, Plot Service Road, Whitefield Main Road, Bengaluru Urban, Karnataka - 560066",Bengaluru Urban,560066,Pharmacy / Medical Retail,Retail,ACTIVE,99,3,GST|LABOUR|SHOP,2026-04-04,2026-01-07,append_only; raw identifiers hashed; human-review for score 60-84,ENT-00149
KA-MYS-570001-000150,Bangalore Company,"No 129, C 1st Cross, Devaraja Mohalla, Mysuru, Karnataka - 570001",Mysuru,570001,Food Processing,Manufacturing,DORMANT,77,3,GST|KSPCB|UDYAM,2026-04-19,2024-03-02,append_only; raw identifiers hashed; human-review for score 60-84,ENT-00150
KA-BLRR-562114-000151,Lakshmi Graphics Solutions,"No 176, A Extension, Hoskote, Bengaluru Rural, Karnataka - 562114",Bengaluru Rural,562114,Printing / Packaging,Manufacturing,ACTIVE,99,5,FACTORY|GST|KSPCB|LABOUR|UDYAM,2026-03-12,2026-02-17,append_only; raw identifiers hashed; human-review for score 60-84,ENT-00151
KA-BLRU-560066-000152,Meghana Machining Works,"No 182, B Main Road, Whitefield Main Road, Bengaluru Urban, Karnataka - 560066",Bengaluru Urban,560066,Machine Tools,Manufacturing,ACTIVE,99,4,GST|KSPCB|LABOUR|SHOP,2026-03-21,2026-04-04,append_only; raw identifiers hashed; human-review for score 60-84,ENT-00152
KA-BLRU-560058-000153,Sahana Kitchen Solutions,"No 223, B Industrial Layout, Peenya Industrial Area, Bengaluru Urban, Karnataka - 560058",Bengaluru Urban,560058,Restaurant / Cafe,Service,DORMANT,99,4,BBMP|GST|LABOUR|SHOP,2026-04-11,2023-12-16,append_only; raw identifiers hashed; human-review for score 60-84,ENT-00153
KA-BLRU-560043-000154,Navya Trans Co,"No 106, A 1st Cross, Kalyan Nagar, Bengaluru Urban, Karnataka - 560043",Bengaluru Urban,560043,Logistics / Warehouse,Service,DORMANT,84,2,GST|SHOP,2026-04-10,2024-07-06,append_only; raw identifiers hashed; human-review for score 60-84,ENT-00154
KA-BLRR-561203-000155,Aditya Chem Co,"No 57, C 3rd Phase, Doddaballapura, Bengaluru Rural, Karnataka - 561203",Bengaluru Rural,561203,Chemical Blending,Manufacturing,ACTIVE,99,4,FACTORY|GST|KSPCB|LABOUR,2026-03-22,2025-10-17,append_only; raw identifiers hashed; human-review for score 60-84,ENT-00155
KA-BLRU-560085-000156,Mysore Industries,"No 23, Near Bus Stop, Banashankari, Bengaluru Urban, Karnataka - 560085",Bengaluru Urban,560085,Food Processing,Manufacturing,ACTIVE,99,5,GST|KSPCB|LABOUR|SHOP|UDYAM,2026-03-22,2025-06-20,append_only; raw identifiers hashed; human-review for score 60-84,ENT-00156
KA-BLRU-560059-000157,Naveen Coatings Co,"No 154, A Behind Metro, Rajajinagar Industrial Suburb, Bengaluru Urban, Karnataka - 560059",Bengaluru Urban,560059,Chemical Blending,Manufacturing,ACTIVE,99,5,FACTORY|GST|KSPCB|SHOP|UDYAM,2026-04-23,2026-02-25,append_only; raw identifiers hashed; human-review for score 60-84,ENT-00157
KA-BLRU-560068-000158,Omkar Labs Co,"No 94, Shed 3rd Phase, Bommanahalli, Bengaluru Urban, Karnataka - 560068",Bengaluru Urban,560068,Chemical Blending,Manufacturing,ACTIVE,99,4,BBMP|FACTORY|GST|KSPCB,2026-04-03,2026-02-28,append_only; raw identifiers hashed; human-review for score 60-84,ENT-00158
KA-TUM-572106-000159,Bangalore Machining Co,"No 257, D Industrial Layout, Antharasanahalli Industrial Area, Tumakuru, Karnataka - 572106",Tumakuru,572106,Machine Tools,Manufacturing,ACTIVE,99,5,FACTORY|GST|KSPCB|LABOUR|UDYAM,2026-03-24,2025-12-28,append_only; raw identifiers hashed; human-review for score 60-84,ENT-00159
KA-TUM-572106-000160,Srinidhi Bites Co,"No 250, Plot Main Road, Antharasanahalli Industrial Area, Tumakuru, Karnataka - 572106",Tumakuru,572106,Restaurant / Cafe,Service,ACTIVE,87,5,BBMP|GST|LABOUR|SHOP|UDYAM,2026-03-21,2025-06-22,append_only; raw identifiers hashed; human-review for score 60-84,ENT-00160
KA-BLRU-560064-000161,Bangalore Apparels Enterprises,"No 61, D Behind Metro, Yelahanka, Bengaluru Urban, Karnataka - 560064",Bengaluru Urban,560064,Textile / Garments,Manufacturing,CLOSED,94,4,BBMP|GST|SHOP|UDYAM,2026-03-25,2022-03-20,append_only; raw identifiers hashed; human-review for score 60-84,ENT-00161
KA-BLRU-560037-000162,Ananya CNC LLP,"No 279, Main Road, Whitefield, Bengaluru Urban, Karnataka - 560037",Bengaluru Urban,560037,Machine Tools,Manufacturing,ACTIVE,99,5,GST|KSPCB|LABOUR|SHOP|UDYAM,2026-04-24,2026-03-30,append_only; raw identifiers hashed; human-review for score 60-84,ENT-00162
KA-BLRR-562114-000163,Asha Clinic Solutions,"No 231, Shed Near Bus Stop, Hoskote, Bengaluru Rural, Karnataka - 562114",Bengaluru Rural,562114,Pharmacy / Medical Retail,Retail,DORMANT,99,4,BBMP|GST|SHOP|UDYAM,2026-04-30,2024-01-30,append_only; raw identifiers hashed; human-review for score 60-84,ENT-00163
KA-BLRU-560058-000164,Sahana Kitchen Solutions,"No 49, C 2nd Main, Peenya Industrial Area, Bengaluru Urban, Karnataka - 560058",Bengaluru Urban,560058,Electronics Assembly,Manufacturing,ACTIVE,94,4,BBMP|FACTORY|GST|SHOP,2026-03-26,2025-06-29,append_only; raw identifiers hashed; human-review for score 60-84,ENT-00164
KA-BLRR-562110-000165,Varun Dine Company,"No 101, A Service Road, Devanahalli, Bengaluru Rural, Karnataka - 562110",Bengaluru Rural,562110,Restaurant / Cafe,Service,CLOSED,89,3,GST|SHOP|UDYAM,2026-03-14,2025-02-02,append_only; raw identifiers hashed; human-review for score 60-84,ENT-00165
KA-BLRU-560001-000166,Sharma Electronics Solutions,"No 75, C Behind Metro, MG Road, Bengaluru Urban, Karnataka - 560001",Bengaluru Urban,560001,Electronics Assembly,Manufacturing,ACTIVE,99,5,BBMP|KSPCB|LABOUR|SHOP|UDYAM,2026-03-31,2026-01-12,append_only; raw identifiers hashed; human-review for score 60-84,ENT-00166
KA-BLRU-560024-000167,Asha Labs Solutions,"No 94, B 3rd Phase, Hebbal, Bengaluru Urban, Karnataka - 560024",Bengaluru Urban,560024,Chemical Blending,Manufacturing,ACTIVE,96,2,GST|KSPCB,2026-03-11,2026-03-23,append_only; raw identifiers hashed; human-review for score 60-84,ENT-00167
KA-BLRR-562110-000168,Ganesh Kitchen LLP,"No 166, A 3rd Phase, Devanahalli, Bengaluru Rural, Karnataka - 562110",Bengaluru Rural,562110,Restaurant / Cafe,Service,ACTIVE,99,3,BBMP|GST|SHOP,2026-03-27,2026-03-03,append_only; raw identifiers hashed; human-review for score 60-84,ENT-00168
KA-MYS-570001-000169,Asha Bakery Co,"No 164, Shed Near Bus Stop, Devaraja Mohalla, Mysuru, Karnataka - 570001",Mysuru,570001,Food Processing,Manufacturing,ACTIVE,99,3,GST|KSPCB|UDYAM,2026-03-24,2026-03-15,append_only; raw identifiers hashed; human-review for score 60-84,ENT-00169
KA-BLRU-560066-000170,Bharath Spices LLP,"No 172, D 2nd Main, Whitefield Main Road, Bengaluru Urban, Karnataka - 560066",Bengaluru Urban,560066,Food Processing,Manufacturing,ACTIVE,99,6,BBMP|FACTORY|GST|KSPCB|LABOUR|SHOP,2026-04-09,2026-02-10,append_only; raw identifiers hashed; human-review for score 60-84,ENT-00170
KA-TUM-572106-000171,Vijaya Fashions Works,"No 16, Shed Extension, Antharasanahalli Industrial Area, Tumakuru, Karnataka - 572106",Tumakuru,572106,Textile / Garments,Manufacturing,ACTIVE,99,6,BBMP|FACTORY|GST|LABOUR|SHOP|UDYAM,2026-03-26,2025-05-13,append_only; raw identifiers hashed; human-review for score 60-84,ENT-00171
KA-BLRU-560024-000172,Asha Solutions,"No 145, D Main Road, Hebbal, Bengaluru Urban, Karnataka - 560024",Bengaluru Urban,560024,Food Processing,Manufacturing,ACTIVE,99,4,GST|KSPCB|LABOUR|SHOP,2026-04-07,2026-02-08,append_only; raw identifiers hashed; human-review for score 60-84,ENT-00172
KA-BLRU-560024-000173,Nisarga Trans Enterprises,"No 28, D Main Road, Hebbal, Bengaluru Urban, Karnataka - 560024",Bengaluru Urban,560024,Logistics / Warehouse,Service,ACTIVE,99,5,BBMP|FACTORY|GST|KSPCB|LABOUR,2026-04-06,2025-12-19,append_only; raw identifiers hashed; human-review for score 60-84,ENT-00173
KA-BLRU-560068-000174,Bharath Medical Solutions,"No 154, Plot 2nd Main, Bommanahalli, Bengaluru Urban, Karnataka - 560068",Bengaluru Urban,560068,Pharmacy / Medical Retail,Retail,DORMANT,89,3,BBMP|LABOUR|SHOP,2026-03-25,2024-02-29,append_only; raw identifiers hashed; human-review for score 60-84,ENT-00174
KA-BLRU-560085-000175,Prakruthi LLP,"No 199, C Near Bus Stop, Banashankari, Bengaluru Urban, Karnataka - 560085",Bengaluru Urban,560085,Textile / Garments,Manufacturing,ACTIVE,94,4,GST|LABOUR|SHOP|UDYAM,2026-04-03,2026-03-05,append_only; raw identifiers hashed; human-review for score 60-84,ENT-00175
KA-BLRU-560102-000176,Siddhi Warehouse Solutions,"No 267, Shed 3rd Phase, HSR Layout, Bengaluru Urban, Karnataka - 560102",Bengaluru Urban,560102,Logistics / Warehouse,Service,ACTIVE,89,3,BBMP|GST|UDYAM,2026-03-30,2025-08-21,append_only; raw identifiers hashed; human-review for score 60-84,ENT-00176
KA-MYS-570001-000177,Srinidhi Health Traders,"No 246, A 3rd Phase, Devaraja Mohalla, Mysuru, Karnataka - 570001",Mysuru,570001,Pharmacy / Medical Retail,Retail,CLOSED,96,2,GST|SHOP,2026-03-17,2022-10-13,append_only; raw identifiers hashed; human-review for score 60-84,ENT-00177
KA-MYS-570018-000178,Kaveri Meds Associates,"No 263, C 2nd Main, Nanjangud Road, Mysuru, Karnataka - 570018",Mysuru,570018,Pharmacy / Medical Retail,Retail,ACTIVE,89,3,BBMP|GST|SHOP,2026-04-29,2026-03-18,append_only; raw identifiers hashed; human-review for score 60-84,ENT-00178
KA-MYS-570018-000179,Sree Associates,"No 100, D Behind Metro, Nanjangud Road, Mysuru, Karnataka - 570018",Mysuru,570018,Machine Tools,Manufacturing,ACTIVE,99,3,GST|KSPCB|UDYAM,2026-04-02,2025-10-24,append_only; raw identifiers hashed; human-review for score 60-84,ENT-00179
KA-MYS-570018-000180,Varun Industrial Associates,"No 6, Shed Sector, Nanjangud Road, Mysuru, Karnataka - 570018",Mysuru,570018,Chemical Blending,Manufacturing,ACTIVE,99,3,FACTORY|GST|KSPCB,2026-04-25,2025-07-17,append_only; raw identifiers hashed; human-review for score 60-84,ENT-00180
KA-BLRU-560076-000181,Srinidhi Injection Enterprises,"No 49, Service Road, Bannerghatta Road, Bengaluru Urban, Karnataka - 560076",Bengaluru Urban,560076,Plastic Moulding,Manufacturing,ACTIVE,99,3,BBMP|FACTORY|KSPCB,2026-04-19,2026-02-27,append_only; raw identifiers hashed; human-review for score 60-84,ENT-00181
KA-BLRU-560102-000182,Sri Pvt Ltd,"No 207, Plot 1st Cross, HSR Layout, Bengaluru Urban, Karnataka - 560102",Bengaluru Urban,560102,Printing / Packaging,Manufacturing,ACTIVE,99,5,FACTORY|GST|LABOUR|SHOP|UDYAM,2026-05-01,2026-04-10,append_only; raw identifiers hashed; human-review for score 60-84,ENT-00182
KA-BLRR-562114-000183,Ravi Agro Associates,"No 247, Shed Main Road, Hoskote, Bengaluru Rural, Karnataka - 562114",Bengaluru Rural,562114,Food Processing,Manufacturing,ACTIVE,96,2,KSPCB|SHOP,2026-03-19,2026-05-01,append_only; raw identifiers hashed; human-review for score 60-84,ENT-00183
KA-BLRU-560066-000184,Varun Components LLP,"No 221, B Behind Metro, Whitefield Main Road, Bengaluru Urban, Karnataka - 560066",Bengaluru Urban,560066,Electronics Assembly,Manufacturing,ACTIVE,99,5,FACTORY|GST|LABOUR|SHOP|UDYAM,2026-04-26,2026-04-03,append_only; raw identifiers hashed; human-review for score 60-84,ENT-00184
KA-MYS-570018-000185,Sharma Pvt Ltd,"No 117, C 2nd Main, Nanjangud Road, Mysuru, Karnataka - 570018",Mysuru,570018,Plastic Moulding,Manufacturing,DORMANT,99,5,BBMP|FACTORY|KSPCB|SHOP|UDYAM,2026-04-17,2025-02-17,append_only; raw identifiers hashed; human-review for score 60-84,ENT-00185
KA-BLRU-560001-000186,Nisarga Enterprises,"No 143, Main Road, MG Road, Bengaluru Urban, Karnataka - 560001",Bengaluru Urban,560001,Textile / Garments,Manufacturing,ACTIVE,99,5,BBMP|FACTORY|LABOUR|SHOP|UDYAM,2026-04-24,2025-08-12,append_only; raw identifiers hashed; human-review for score 60-84,ENT-00186
KA-BLRR-561203-000187,Varun Industries Industries,"No 155, Shed Near Bus Stop, Doddaballapura, Bengaluru Rural, Karnataka - 561203",Bengaluru Rural,561203,Machine Tools,Manufacturing,DORMANT,72,2,LABOUR|SHOP,2026-03-30,2025-03-05,append_only; raw identifiers hashed; human-review for score 60-84,ENT-00187
KA-BLRU-560029-000188,Lakshmi Solvents Company,"No 278, Extension, BTM Layout, Bengaluru Urban, Karnataka - 560029",Bengaluru Urban,560029,Chemical Blending,Manufacturing,ACTIVE,94,4,FACTORY|GST|LABOUR|UDYAM,2026-04-26,2026-01-26,append_only; raw identifiers hashed; human-review for score 60-84,ENT-00188
KA-BLRU-560037-000189,Sahana Apparels Co,"No 233, D Behind Metro, Whitefield, Bengaluru Urban, Karnataka - 560037",Bengaluru Urban,560037,Textile / Garments,Manufacturing,ACTIVE,99,6,BBMP|FACTORY|GST|LABOUR|SHOP|UDYAM,2026-03-07,2026-02-20,append_only; raw identifiers hashed; human-review for score 60-84,ENT-00189
KA-BLRU-560068-000190,Veda Meds Works,"No 163, C Near Bus Stop, Bommanahalli, Bengaluru Urban, Karnataka - 560068",Bengaluru Urban,560068,Pharmacy / Medical Retail,Retail,ACTIVE,77,3,BBMP|LABOUR|SHOP,2026-04-11,2026-03-12,append_only; raw identifiers hashed; human-review for score 60-84,ENT-00190
KA-BLRR-561203-000191,Siddhi Warehouse Industries,"No 164, A Industrial Layout, Doddaballapura, Bengaluru Rural, Karnataka - 561203",Bengaluru Rural,561203,Logistics / Warehouse,Service,CLOSED,84,2,BBMP|LABOUR,2026-04-19,2022-10-12,append_only; raw identifiers hashed; human-review for score 60-84,ENT-00191
KA-BLRU-560059-000192,Navya Solvents Pvt Ltd,"No 105, B Service Road, Rajajinagar Industrial Suburb, Bengaluru Urban, Karnataka - 560059",Bengaluru Urban,560059,Chemical Blending,Manufacturing,ACTIVE,99,6,BBMP|FACTORY|GST|KSPCB|LABOUR|SHOP,2026-03-24,2025-08-16,append_only; raw identifiers hashed; human-review for score 60-84,ENT-00192
KA-BLRU-560085-000193,Meghana Polymers Associates,"No 197, Shed Industrial Layout, Banashankari, Bengaluru Urban, Karnataka - 560085",Bengaluru Urban,560085,Plastic Moulding,Manufacturing,DORMANT,77,3,GST|LABOUR|UDYAM,2026-03-07,2025-03-07,append_only; raw identifiers hashed; human-review for score 60-84,ENT-00193
KA-BLRU-560066-000194,Nisarga Trans Works,"No 142, A Service Road, Whitefield Main Road, Bengaluru Urban, Karnataka - 560066",Bengaluru Urban,560066,Logistics / Warehouse,Service,DORMANT,96,2,GST|SHOP,2026-03-16,2023-06-29,append_only; raw identifiers hashed; human-review for score 60-84,ENT-00194
KA-BLRU-560058-000195,Meghana Moulding Industries,"No 26, B Extension, Peenya Industrial Area, Bengaluru Urban, Karnataka - 560058",Bengaluru Urban,560058,Plastic Moulding,Manufacturing,ACTIVE,92,6,FACTORY|GST|KSPCB|LABOUR|SHOP|UDYAM,2026-04-30,2026-04-15,append_only; raw identifiers hashed; human-review for score 60-84,ENT-00195
KA-BLRU-560100-000196,Sri Foods Company,"No 116, B Extension, Electronic City, Bengaluru Urban, Karnataka - 560100",Bengaluru Urban,560100,Food Processing,Manufacturing,DORMANT,99,4,FACTORY|GST|LABOUR|SHOP,2026-03-08,2025-02-21,append_only; raw identifiers hashed; human-review for score 60-84,ENT-00196
KA-BLRU-560068-000197,Prakruthi Bites Company,"No 31, A Behind Metro, Bommanahalli, Bengaluru Urban, Karnataka - 560068",Bengaluru Urban,560068,Restaurant / Cafe,Service,ACTIVE,96,2,BBMP|GST,2026-04-08,2025-11-13,append_only; raw identifiers hashed; human-review for score 60-84,ENT-00197
KA-BLRU-560059-000198,Kaveri Bakery LLP,"No 17, B Industrial Layout, Rajajinagar Industrial Suburb, Bengaluru Urban, Karnataka - 560059",Bengaluru Urban,560059,Food Processing,Manufacturing,DORMANT,99,3,BBMP|GST|UDYAM,2026-04-30,2024-08-09,append_only; raw identifiers hashed; human-review for score 60-84,ENT-00198
KA-BLRR-562110-000199,Udupi Electronics LLP,"No 192, C Industrial Layout, Devanahalli, Bengaluru Rural, Karnataka - 562110",Bengaluru Rural,562110,Electronics Assembly,Manufacturing,ACTIVE,99,5,FACTORY|GST|KSPCB|LABOUR|UDYAM,2026-03-09,2026-04-24,append_only; raw identifiers hashed; human-review for score 60-84,ENT-00199
KA-BLRR-562157-000200,Sri Moulding Works,"No 256, Plot Extension, Bagalur, Bengaluru Rural, Karnataka - 562157",Bengaluru Rural,562157,Plastic Moulding,Manufacturing,ACTIVE,99,5,FACTORY|GST|KSPCB|SHOP|UDYAM,2026-04-10,2026-02-23,append_only; raw identifiers hashed; human-review for score 60-84,ENT-00200
KA-MYS-570018-000201,Harsha Meals Associates,"No 175, B 3rd Phase, Nanjangud Road, Mysuru, Karnataka - 570018",Mysuru,570018,Restaurant / Cafe,Service,DORMANT,94,4,BBMP|GST|LABOUR|SHOP,2026-03-31,2024-04-08,append_only; raw identifiers hashed; human-review for score 60-84,ENT-00201
KA-BLRU-560059-000202,Veda Agro Co,"No 125, B Extension, Rajajinagar Industrial Suburb, Bengaluru Urban, Karnataka - 560059",Bengaluru Urban,560059,Food Processing,Manufacturing,DORMANT,99,4,BBMP|GST|SHOP|UDYAM,2026-04-12,2025-04-06,append_only; raw identifiers hashed; human-review for score 60-84,ENT-00202
KA-BLRR-562114-000203,Siddhi Industries,"No 48, Plot Service Road, Hoskote, Bengaluru Rural, Karnataka - 562114",Bengaluru Rural,562114,Pharmacy / Medical Retail,Retail,CLOSED,84,2,BBMP|UDYAM,2026-04-12,2022-06-28,append_only; raw identifiers hashed; human-review for score 60-84,ENT-00203
KA-BLRU-560068-000204,Nisarga Clinic LLP,"No 274, Shed Industrial Layout, Bommanahalli, Bengaluru Urban, Karnataka - 560068",Bengaluru Urban,560068,Pharmacy / Medical Retail,Retail,ACTIVE,99,3,BBMP|GST|SHOP,2026-03-05,2026-02-09,append_only; raw identifiers hashed; human-review for score 60-84,ENT-00204
KA-MYS-570016-000205,Aarohi Solutions,"No 17, A 1st Cross, Hebbal Industrial Area, Mysuru, Karnataka - 570016",Mysuru,570016,Food Processing,Manufacturing,ACTIVE,99,3,BBMP|FACTORY|UDYAM,2026-03-15,2025-10-24,append_only; raw identifiers hashed; human-review for score 60-84,ENT-00205
KA-BLRR-562157-000206,Veda Associates,"No 85, A Extension, Bagalur, Bengaluru Rural, Karnataka - 562157",Bengaluru Rural,562157,Machine Tools,Manufacturing,ACTIVE,87,5,FACTORY|GST|LABOUR|SHOP|UDYAM,2026-04-18,2025-10-22,append_only; raw identifiers hashed; human-review for score 60-84,ENT-00206
KA-BLRU-560102-000207,Deccan Coatings Associates,"No 59, Plot Behind Metro, HSR Layout, Bengaluru Urban, Karnataka - 560102",Bengaluru Urban,560102,Chemical Blending,Manufacturing,DORMANT,82,4,GST|KSPCB|LABOUR|UDYAM,2026-03-06,2024-05-07,append_only; raw identifiers hashed; human-review for score 60-84,ENT-00207
KA-MYS-570001-000208,Sahana Warehouse Traders,"No 88, Industrial Layout, Devaraja Mohalla, Mysuru, Karnataka - 570001",Mysuru,570001,Logistics / Warehouse,Service,DORMANT,89,3,GST|SHOP|UDYAM,2026-03-14,2024-11-11,append_only; raw identifiers hashed; human-review for score 60-84,ENT-00208
KA-BLRU-560085-000209,Ananya Circuits Enterprises,"No 235, 1st Cross, Banashankari, Bengaluru Urban, Karnataka - 560085",Bengaluru Urban,560085,Electronics Assembly,Manufacturing,DORMANT,99,3,LABOUR|SHOP|UDYAM,2026-03-05,2025-04-23,append_only; raw identifiers hashed; human-review for score 60-84,ENT-00209
KA-BLRU-560024-000210,Lakshmi Electronics LLP,"No 1, C Main Road, Hebbal, Bengaluru Urban, Karnataka - 560024",Bengaluru Urban,560024,Electronics Assembly,Manufacturing,ACTIVE,99,4,GST|KSPCB|SHOP|UDYAM,2026-03-26,2026-04-19,append_only; raw identifiers hashed; human-review for score 60-84,ENT-00210
KA-TUM-572101-000211,Udupi Systems Traders,"No 203, Main Road, BH Road, Tumakuru, Karnataka - 572101",Tumakuru,572101,Electronics Assembly,Manufacturing,ACTIVE,99,3,GST|LABOUR|UDYAM,2026-04-17,2025-12-07,append_only; raw identifiers hashed; human-review for score 60-84,ENT-00211
KA-BLRU-560024-000212,Ravi Textiles Company,"No 296, D 2nd Main, Hebbal, Bengaluru Urban, Karnataka - 560024",Bengaluru Urban,560024,Textile / Garments,Manufacturing,ACTIVE,89,3,BBMP|GST|SHOP,2026-04-02,2025-09-11,append_only; raw identifiers hashed; human-review for score 60-84,ENT-00212
KA-BLRU-560078-000213,Bangalore Snacks LLP,"No 244, B Main Road, Jayanagar, Bengaluru Urban, Karnataka - 560078",Bengaluru Urban,560078,Food Processing,Manufacturing,CLOSED,99,4,GST|KSPCB|LABOUR|UDYAM,2026-03-22,2022-09-05,append_only; raw identifiers hashed; human-review for score 60-84,ENT-00213
KA-BLRU-560043-000214,Srinidhi Works,"No 7, D Sector, Kalyan Nagar, Bengaluru Urban, Karnataka - 560043",Bengaluru Urban,560043,Restaurant / Cafe,Service,CLOSED,96,2,GST|LABOUR,2026-04-30,2021-08-12,append_only; raw identifiers hashed; human-review for score 60-84,ENT-00214
KA-BLRU-560064-000215,Ananya Resins Industries,"No 53, D Service Road, Yelahanka, Bengaluru Urban, Karnataka - 560064",Bengaluru Urban,560064,Chemical Blending,Manufacturing,ACTIVE,99,4,FACTORY|GST|KSPCB|LABOUR,2026-04-03,2026-03-30,append_only; raw identifiers hashed; human-review for score 60-84,ENT-00215
KA-MYS-570016-000216,Veda Cafe Industries,"No 284, Plot 3rd Phase, Hebbal Industrial Area, Mysuru, Karnataka - 570016",Mysuru,570016,Restaurant / Cafe,Service,ACTIVE,99,3,BBMP|GST|SHOP,2026-03-28,2025-05-04,append_only; raw identifiers hashed; human-review for score 60-84,ENT-00216
KA-BLRU-560029-000217,Siddhi Industries,"No 135, Near Bus Stop, BTM Layout, Bengaluru Urban, Karnataka - 560029",Bengaluru Urban,560029,Chemical Blending,Manufacturing,ACTIVE,99,5,FACTORY|GST|KSPCB|LABOUR|UDYAM,2026-05-03,2026-04-29,append_only; raw identifiers hashed; human-review for score 60-84,ENT-00217
KA-BLRU-560029-000218,Ananya Electronics Co,"No 292, Main Road, BTM Layout, Bengaluru Urban, Karnataka - 560029",Bengaluru Urban,560029,Electronics Assembly,Manufacturing,DORMANT,99,4,GST|KSPCB|LABOUR|SHOP,2026-03-13,2024-01-05,append_only; raw identifiers hashed; human-review for score 60-84,ENT-00218
KA-BLRR-562157-000219,Navya Precision Traders,"No 13, Plot Extension, Bagalur, Bengaluru Rural, Karnataka - 562157",Bengaluru Rural,562157,Machine Tools,Manufacturing,ACTIVE,87,5,FACTORY|GST|KSPCB|LABOUR|SHOP,2026-03-30,2025-09-03,append_only; raw identifiers hashed; human-review for score 60-84,ENT-00219
KA-BLRU-560024-000220,Ananya Associates,"No 171, Shed Industrial Layout, Hebbal, Bengaluru Urban, Karnataka - 560024",Bengaluru Urban,560024,Textile / Garments,Manufacturing,DORMANT,72,2,BBMP|GST,2026-03-08,2024-07-16,append_only; raw identifiers hashed; human-review for score 60-84,ENT-00220
KA-BLRU-560085-000221,Lakshmi Works,"No 72, 2nd Main, Banashankari, Bengaluru Urban, Karnataka - 560085",Bengaluru Urban,560085,Logistics / Warehouse,Service,ACTIVE,99,6,BBMP|FACTORY|GST|LABOUR|SHOP|UDYAM,2026-03-17,2025-12-25,append_only; raw identifiers hashed; human-review for score 60-84,ENT-00221
KA-BLRU-560024-000222,Ganesh Cafe Company,"No 104, Extension, Hebbal, Bengaluru Urban, Karnataka - 560024",Bengaluru Urban,560024,Restaurant / Cafe,Service,DORMANT,96,2,GST|SHOP,2026-04-13,2023-10-20,append_only; raw identifiers hashed; human-review for score 60-84,ENT-00222
KA-MYS-570016-000223,Varun Mold LLP,"No 19, B Industrial Layout, Hebbal Industrial Area, Mysuru, Karnataka - 570016",Mysuru,570016,Plastic Moulding,Manufacturing,ACTIVE,87,5,FACTORY|KSPCB|LABOUR|SHOP|UDYAM,2026-04-26,2025-06-13,append_only; raw identifiers hashed; human-review for score 60-84,ENT-00223
KA-BLRU-560076-000224,Ravi Logistics Solutions,"No 228, C Industrial Layout, Bannerghatta Road, Bengaluru Urban, Karnataka - 560076",Bengaluru Urban,560076,Logistics / Warehouse,Service,ACTIVE,77,3,GST|LABOUR|SHOP,2026-03-10,2026-03-22,append_only; raw identifiers hashed; human-review for score 60-84,ENT-00224
KA-BLRU-560037-000225,Asha Enterprises,"No 274, B 2nd Main, Whitefield, Bengaluru Urban, Karnataka - 560037",Bengaluru Urban,560037,Logistics / Warehouse,Service,CLOSED,89,3,GST|LABOUR|SHOP,2026-03-27,2021-07-28,append_only; raw identifiers hashed; human-review for score 60-84,ENT-00225
KA-BLRU-560066-000226,Sree Tools LLP,"No 245, Main Road, Whitefield Main Road, Bengaluru Urban, Karnataka - 560066",Bengaluru Urban,560066,Machine Tools,Manufacturing,ACTIVE,99,4,GST|KSPCB|LABOUR|UDYAM,2026-03-07,2025-07-17,append_only; raw identifiers hashed; human-review for score 60-84,ENT-00226
KA-BLRU-560034-000227,Harsha LLP,"No 77, Shed Industrial Layout, Koramangala, Bengaluru Urban, Karnataka - 560034",Bengaluru Urban,560034,Textile / Garments,Manufacturing,ACTIVE,89,3,GST|KSPCB|LABOUR,2026-03-28,2025-06-26,append_only; raw identifiers hashed; human-review for score 60-84,ENT-00227
KA-BLRU-560059-000228,Kaveri Print Company,"No 254, 1st Cross, Rajajinagar Industrial Suburb, Bengaluru Urban, Karnataka - 560059",Bengaluru Urban,560059,Printing / Packaging,Manufacturing,ACTIVE,94,4,FACTORY|GST|SHOP|UDYAM,2026-05-02,2026-04-22,append_only; raw identifiers hashed; human-review for score 60-84,ENT-00228
KA-TUM-572101-000229,Lakshmi Medical LLP,"No 257, A Near Bus Stop, BH Road, Tumakuru, Karnataka - 572101",Tumakuru,572101,Pharmacy / Medical Retail,Retail,ACTIVE,89,3,BBMP|LABOUR|UDYAM,2026-03-28,2025-08-28,append_only; raw identifiers hashed; human-review for score 60-84,ENT-00229
KA-BLRR-562157-000230,Kaveri Meds Pvt Ltd,"No 8, Plot Behind Metro, Bagalur, Bengaluru Rural, Karnataka - 562157",Bengaluru Rural,562157,Pharmacy / Medical Retail,Retail,CLOSED,96,2,BBMP|SHOP,2026-04-08,2022-04-13,append_only; raw identifiers hashed; human-review for score 60-84,ENT-00230
KA-TUM-572101-000231,Veda LLP,"No 243, Plot 3rd Phase, BH Road, Tumakuru, Karnataka - 572101",Tumakuru,572101,Restaurant / Cafe,Service,ACTIVE,99,3,GST|LABOUR|SHOP,2026-03-29,2026-04-25,append_only; raw identifiers hashed; human-review for score 60-84,ENT-00231
KA-BLRR-562157-000232,Aditya Tech Enterprises,"No 150, C 1st Cross, Bagalur, Bengaluru Rural, Karnataka - 562157",Bengaluru Rural,562157,Electronics Assembly,Manufacturing,ACTIVE,82,4,FACTORY|GST|KSPCB|LABOUR,2026-05-02,2025-06-05,append_only; raw identifiers hashed; human-review for score 60-84,ENT-00232
KA-MYS-570016-000233,Srinidhi Traders,"No 268, Shed Extension, Hebbal Industrial Area, Mysuru, Karnataka - 570016",Mysuru,570016,Machine Tools,Manufacturing,DORMANT,99,3,GST|KSPCB|UDYAM,2026-03-24,2023-10-26,append_only; raw identifiers hashed; human-review for score 60-84,ENT-00233
KA-BLRU-560064-000234,Prakruthi Biryani Solutions,"No 202, B Behind Metro, Yelahanka, Bengaluru Urban, Karnataka - 560064",Bengaluru Urban,560064,Restaurant / Cafe,Service,ACTIVE,99,4,BBMP|GST|SHOP|UDYAM,2026-04-02,2026-01-24,append_only; raw identifiers hashed; human-review for score 60-84,ENT-00234
KA-BLRU-560076-000235,Sahana Industries,"No 149, B Main Road, Bannerghatta Road, Bengaluru Urban, Karnataka - 560076",Bengaluru Urban,560076,Printing / Packaging,Manufacturing,ACTIVE,99,4,GST|LABOUR|SHOP|UDYAM,2026-04-15,2026-02-05,append_only; raw identifiers hashed; human-review for score 60-84,ENT-00235
KA-BLRU-560034-000236,Bharath Cargo Pvt Ltd,"No 196, B Service Road, Koramangala, Bengaluru Urban, Karnataka - 560034",Bengaluru Urban,560034,Logistics / Warehouse,Service,DORMANT,77,3,BBMP|GST|SHOP,2026-04-29,2023-11-19,append_only; raw identifiers hashed; human-review for score 60-84,ENT-00236
KA-BLRU-560085-000237,Sharma Print Enterprises,"No 221, B Near Bus Stop, Banashankari, Bengaluru Urban, Karnataka - 560085",Bengaluru Urban,560085,Printing / Packaging,Manufacturing,ACTIVE,82,4,GST|KSPCB|SHOP|UDYAM,2026-03-16,2026-02-10,append_only; raw identifiers hashed; human-review for score 60-84,ENT-00237
KA-BLRU-560078-000238,Kaveri Components Enterprises,"No 221, B Extension, Jayanagar, Bengaluru Urban, Karnataka - 560078",Bengaluru Urban,560078,Electronics Assembly,Manufacturing,ACTIVE,82,4,GST|KSPCB|SHOP|UDYAM,2026-04-14,2026-01-17,append_only; raw identifiers hashed; human-review for score 60-84,ENT-00238
KA-TUM-572101-000239,Aditya Labels Enterprises,"No 296, Shed Behind Metro, BH Road, Tumakuru, Karnataka - 572101",Tumakuru,572101,Printing / Packaging,Manufacturing,DORMANT,87,5,BBMP|FACTORY|GST|SHOP|UDYAM,2026-03-18,2024-08-11,append_only; raw identifiers hashed; human-review for score 60-84,ENT-00239
KA-MYS-570018-000240,Sahana Industries Co,"No 299, Main Road, Nanjangud Road, Mysuru, Karnataka - 570018",Mysuru,570018,Machine Tools,Manufacturing,ACTIVE,99,5,BBMP|FACTORY|GST|KSPCB|SHOP,2026-04-01,2026-01-30,append_only; raw identifiers hashed; human-review for score 60-84,ENT-00240
KA-BLRU-560066-000241,Mysore Biryani Associates,"No 96, D 2nd Main, Whitefield Main Road, Bengaluru Urban, Karnataka - 560066",Bengaluru Urban,560066,Restaurant / Cafe,Service,ACTIVE,99,4,GST|KSPCB|LABOUR|SHOP,2026-04-08,2026-01-20,append_only; raw identifiers hashed; human-review for score 60-84,ENT-00241
KA-BLRU-560029-000242,Nisarga Clinic Solutions,"No 136, A Main Road, BTM Layout, Bengaluru Urban, Karnataka - 560029",Bengaluru Urban,560029,Pharmacy / Medical Retail,Retail,CLOSED,72,2,BBMP|GST,2026-04-07,2021-10-23,append_only; raw identifiers hashed; human-review for score 60-84,ENT-00242
KA-BLRU-560001-000243,Sharma Moulding Industries,"No 106, C Extension, MG Road, Bengaluru Urban, Karnataka - 560001",Bengaluru Urban,560001,Plastic Moulding,Manufacturing,ACTIVE,99,4,FACTORY|GST|KSPCB|UDYAM,2026-03-08,2025-12-14,append_only; raw identifiers hashed; human-review for score 60-84,ENT-00243
KA-BLRU-560059-000244,Naveen LLP,"No 214, Plot 3rd Phase, Rajajinagar Industrial Suburb, Bengaluru Urban, Karnataka - 560059",Bengaluru Urban,560059,Textile / Garments,Manufacturing,DORMANT,77,3,BBMP|GST|SHOP,2026-03-06,2024-02-29,append_only; raw identifiers hashed; human-review for score 60-84,ENT-00244
KA-BLRR-562157-000245,Sharma Coatings Pvt Ltd,"No 200, D Behind Metro, Bagalur, Bengaluru Rural, Karnataka - 562157",Bengaluru Rural,562157,Chemical Blending,Manufacturing,ACTIVE,82,4,FACTORY|GST|KSPCB|UDYAM,2026-04-23,2025-10-08,append_only; raw identifiers hashed; human-review for score 60-84,ENT-00245
KA-BLRU-560085-000246,Ananya Labs Enterprises,"No 11, C Near Bus Stop, Banashankari, Bengaluru Urban, Karnataka - 560085",Bengaluru Urban,560085,Machine Tools,Manufacturing,ACTIVE,99,3,FACTORY|GST|KSPCB,2026-03-12,2026-04-10,append_only; raw identifiers hashed; human-review for score 60-84,ENT-00246
KA-BLRR-562110-000247,Kaveri Associates,"No 12, B Sector, Devanahalli, Bengaluru Rural, Karnataka - 562110",Bengaluru Rural,562110,Printing / Packaging,Manufacturing,ACTIVE,99,4,GST|KSPCB|SHOP|UDYAM,2026-03-28,2025-07-12,append_only; raw identifiers hashed; human-review for score 60-84,ENT-00247
KA-BLRU-560058-000248,Veda Precision Company,"No 268, D 1st Cross, Peenya Industrial Area, Bengaluru Urban, Karnataka - 560058",Bengaluru Urban,560058,Machine Tools,Manufacturing,ACTIVE,99,5,FACTORY|GST|KSPCB|LABOUR|UDYAM,2026-04-19,2025-12-19,append_only; raw identifiers hashed; human-review for score 60-84,ENT-00248
KA-BLRU-560066-000249,Deccan Precision Co,"No 182, C Service Road, Whitefield Main Road, Bengaluru Urban, Karnataka - 560066",Bengaluru Urban,560066,Machine Tools,Manufacturing,ACTIVE,92,6,BBMP|FACTORY|GST|KSPCB|SHOP|UDYAM,2026-04-08,2026-03-13,append_only; raw identifiers hashed; human-review for score 60-84,ENT-00249
KA-BLRU-560064-000250,Aarohi Graphics Solutions,"No 103, C 3rd Phase, Yelahanka, Bengaluru Urban, Karnataka - 560064",Bengaluru Urban,560064,Printing / Packaging,Manufacturing,DORMANT,99,3,GST|LABOUR|SHOP,2026-04-16,2025-02-19,append_only; raw identifiers hashed; human-review for score 60-84,ENT-00250
KA-BLRU-560102-000251,Prakruthi Clinic Pvt Ltd,"No 125, B Behind Metro, HSR Layout, Bengaluru Urban, Karnataka - 560102",Bengaluru Urban,560102,Pharmacy / Medical Retail,Retail,ACTIVE,94,4,BBMP|GST|LABOUR|SHOP,2026-03-22,2026-04-16,append_only; raw identifiers hashed; human-review for score 60-84,ENT-00251
KA-BLRU-560068-000252,Sree Pharma Pvt Ltd,"No 275, B 3rd Phase, Bommanahalli, Bengaluru Urban, Karnataka - 560068",Bengaluru Urban,560068,Pharmacy / Medical Retail,Retail,ACTIVE,94,4,BBMP|GST|SHOP|UDYAM,2026-04-08,2025-11-19,append_only; raw identifiers hashed; human-review for score 60-84,ENT-00252
KA-BLRR-561203-000253,Bangalore LLP,"No 227, A Service Road, Doddaballapura, Bengaluru Rural, Karnataka - 561203",Bengaluru Rural,561203,Pharmacy / Medical Retail,Retail,ACTIVE,89,3,BBMP|GST|SHOP,2026-04-01,2025-10-02,append_only; raw identifiers hashed; human-review for score 60-84,ENT-00253
KA-MYS-570016-000254,Srinidhi LLP,"No 267, Shed Near Bus Stop, Hebbal Industrial Area, Mysuru, Karnataka - 570016",Mysuru,570016,Restaurant / Cafe,Service,DORMANT,82,4,BBMP|GST|SHOP|UDYAM,2026-04-20,2024-11-18,append_only; raw identifiers hashed; human-review for score 60-84,ENT-00254
KA-BLRU-560058-000255,Sharma LLP,"No 190, Plot Industrial Layout, Peenya Industrial Area, Bengaluru Urban, Karnataka - 560058",Bengaluru Urban,560058,Food Processing,Manufacturing,ACTIVE,99,5,BBMP|FACTORY|GST|KSPCB|LABOUR,2026-04-15,2025-08-24,append_only; raw identifiers hashed; human-review for score 60-84,ENT-00255
KA-BLRR-562114-000256,Navya Mold LLP,"No 234, B 1st Cross, Hoskote, Bengaluru Rural, Karnataka - 562114",Bengaluru Rural,562114,Plastic Moulding,Manufacturing,ACTIVE,99,5,FACTORY|KSPCB|LABOUR|SHOP|UDYAM,2026-04-03,2026-01-05,append_only; raw identifiers hashed; human-review for score 60-84,ENT-00256
KA-BLRU-560064-000257,Siddhi Enterprises,"No 73, Plot Sector, Yelahanka, Bengaluru Urban, Karnataka - 560064",Bengaluru Urban,560064,Logistics / Warehouse,Service,ACTIVE,89,3,BBMP|FACTORY|SHOP,2026-03-28,2025-07-25,append_only; raw identifiers hashed; human-review for score 60-84,ENT-00257
KA-BLRU-560078-000258,Vijaya Industries Works,"No 15, Shed 3rd Phase, Jayanagar, Bengaluru Urban, Karnataka - 560078",Bengaluru Urban,560078,Machine Tools,Manufacturing,ACTIVE,99,5,FACTORY|GST|KSPCB|LABOUR|UDYAM,2026-04-01,2025-09-23,append_only; raw identifiers hashed; human-review for score 60-84,ENT-00258
KA-BLRU-560076-000259,Veda Logistics Works,"No 252, B 3rd Phase, Bannerghatta Road, Bengaluru Urban, Karnataka - 560076",Bengaluru Urban,560076,Logistics / Warehouse,Service,ACTIVE,99,3,BBMP|LABOUR|SHOP,2026-03-20,2025-12-12,append_only; raw identifiers hashed; human-review for score 60-84,ENT-00259
KA-BLRU-560066-000260,Siddhi Packaging Enterprises,"No 180, Plot Main Road, Whitefield Main Road, Bengaluru Urban, Karnataka - 560066",Bengaluru Urban,560066,Printing / Packaging,Manufacturing,ACTIVE,77,3,GST|KSPCB|SHOP,2026-04-26,2026-01-21,append_only; raw identifiers hashed; human-review for score 60-84,ENT-00260
KA-BLRU-560029-000261,Veda Print Enterprises,"No 4, B Near Bus Stop, BTM Layout, Bengaluru Urban, Karnataka - 560029",Bengaluru Urban,560029,Printing / Packaging,Manufacturing,ACTIVE,99,5,FACTORY|GST|KSPCB|SHOP|UDYAM,2026-03-23,2026-01-25,append_only; raw identifiers hashed; human-review for score 60-84,ENT-00261
KA-BLRR-562114-000262,Meghana Spices LLP,"No 102, Industrial Layout, Hoskote, Bengaluru Rural, Karnataka - 562114",Bengaluru Rural,562114,Food Processing,Manufacturing,ACTIVE,82,4,BBMP|KSPCB|SHOP|UDYAM,2026-03-15,2026-02-25,append_only; raw identifiers hashed; human-review for score 60-84,ENT-00262
KA-MYS-570001-000263,Aditya Polymers Associates,"No 95, Plot Main Road, Devaraja Mohalla, Mysuru, Karnataka - 570001",Mysuru,570001,Plastic Moulding,Manufacturing,ACTIVE,99,5,FACTORY|GST|KSPCB|LABOUR|SHOP,2026-05-03,2026-02-28,append_only; raw identifiers hashed; human-review for score 60-84,ENT-00263
KA-BLRU-560066-000264,Veda Coatings Solutions,"No 22, D 2nd Main, Whitefield Main Road, Bengaluru Urban, Karnataka - 560066",Bengaluru Urban,560066,Chemical Blending,Manufacturing,ACTIVE,94,4,FACTORY|GST|KSPCB|UDYAM,2026-04-30,2026-03-16,append_only; raw identifiers hashed; human-review for score 60-84,ENT-00264
KA-BLRR-562114-000265,Sharma Textiles Pvt Ltd,"No 67, D Industrial Layout, Hoskote, Bengaluru Rural, Karnataka - 562114",Bengaluru Rural,562114,Textile / Garments,Manufacturing,CLOSED,72,2,BBMP|LABOUR,2026-03-14,2023-04-03,append_only; raw identifiers hashed; human-review for score 60-84,ENT-00265
KA-BLRU-560102-000266,Sree Print Co,"No 106, A Behind Metro, HSR Layout, Bengaluru Urban, Karnataka - 560102",Bengaluru Urban,560102,Printing / Packaging,Manufacturing,ACTIVE,99,6,BBMP|FACTORY|GST|KSPCB|SHOP|UDYAM,2026-03-13,2025-07-05,append_only; raw identifiers hashed; human-review for score 60-84,ENT-00266
KA-BLRR-562157-000267,Harsha Meals Industries,"No 284, B Industrial Layout, Bagalur, Bengaluru Rural, Karnataka - 562157",Bengaluru Rural,562157,Restaurant / Cafe,Service,ACTIVE,99,3,BBMP|GST|LABOUR,2026-04-16,2026-03-30,append_only; raw identifiers hashed; human-review for score 60-84,ENT-00267
KA-BLRU-560066-000268,Vijaya Moulding Solutions,"No 117, Sector, Whitefield Main Road, Bengaluru Urban, Karnataka - 560066",Bengaluru Urban,560066,Plastic Moulding,Manufacturing,ACTIVE,99,6,FACTORY|GST|KSPCB|LABOUR|SHOP|UDYAM,2026-04-02,2026-02-27,append_only; raw identifiers hashed; human-review for score 60-84,ENT-00268
KA-BLRU-560066-000269,Nisarga Printers Pvt Ltd,"No 209, B 1st Cross, Whitefield Main Road, Bengaluru Urban, Karnataka - 560066",Bengaluru Urban,560066,Printing / Packaging,Manufacturing,DORMANT,94,4,BBMP|GST|LABOUR|SHOP,2026-04-12,2024-12-07,append_only; raw identifiers hashed; human-review for score 60-84,ENT-00269
KA-BLRU-560058-000270,Ananya Cafe Enterprises,"No 244, Shed 3rd Phase, Peenya Industrial Area, Bengaluru Urban, Karnataka - 560058",Bengaluru Urban,560058,Restaurant / Cafe,Service,DORMANT,99,4,BBMP|GST|LABOUR|SHOP,2026-04-15,2024-12-28,append_only; raw identifiers hashed; human-review for score 60-84,ENT-00270
KA-BLRU-560066-000271,Bangalore Traders,"No 249, A Industrial Layout, Whitefield Main Road, Bengaluru Urban, Karnataka - 560066",Bengaluru Urban,560066,Pharmacy / Medical Retail,Retail,DORMANT,94,4,BBMP|GST|SHOP|UDYAM,2026-05-01,2024-01-24,append_only; raw identifiers hashed; human-review for score 60-84,ENT-00271
KA-BLRU-560034-000272,Ganesh Care Company,"No 290, B 3rd Phase, Koramangala, Bengaluru Urban, Karnataka - 560034",Bengaluru Urban,560034,Pharmacy / Medical Retail,Retail,ACTIVE,99,4,BBMP|GST|SHOP|UDYAM,2026-04-07,2026-04-01,append_only; raw identifiers hashed; human-review for score 60-84,ENT-00272
KA-BLRU-560043-000273,Mysore Industries,"No 8, Plot Near Bus Stop, Kalyan Nagar, Bengaluru Urban, Karnataka - 560043",Bengaluru Urban,560043,Food Processing,Manufacturing,DORMANT,99,4,GST|KSPCB|SHOP|UDYAM,2026-03-07,2023-12-09,append_only; raw identifiers hashed; human-review for score 60-84,ENT-00273
KA-BLRR-562114-000274,Omkar Cafe Industries,"No 289, B 3rd Phase, Hoskote, Bengaluru Rural, Karnataka - 562114",Bengaluru Rural,562114,Restaurant / Cafe,Service,ACTIVE,99,3,BBMP|GST|SHOP,2026-03-05,2025-08-26,append_only; raw identifiers hashed; human-review for score 60-84,ENT-00274
KA-TUM-572106-000275,Harsha Works,"No 282, D Extension, Antharasanahalli Industrial Area, Tumakuru, Karnataka - 572106",Tumakuru,572106,Food Processing,Manufacturing,ACTIVE,82,4,FACTORY|GST|KSPCB|SHOP,2026-03-16,2025-07-09,append_only; raw identifiers hashed; human-review for score 60-84,ENT-00275
KA-BLRU-560029-000276,Omkar Mold Traders,"No 60, A 1st Cross, BTM Layout, Bengaluru Urban, Karnataka - 560029",Bengaluru Urban,560029,Plastic Moulding,Manufacturing,ACTIVE,99,6,FACTORY|GST|KSPCB|LABOUR|SHOP|UDYAM,2026-03-22,2026-04-18,append_only; raw identifiers hashed; human-review for score 60-84,ENT-00276
KA-BLRU-560037-000277,Bharath Clinic Associates,"No 152, Shed 3rd Phase, Whitefield, Bengaluru Urban, Karnataka - 560037",Bengaluru Urban,560037,Pharmacy / Medical Retail,Retail,ACTIVE,84,2,BBMP|SHOP,2026-03-07,2025-06-10,append_only; raw identifiers hashed; human-review for score 60-84,ENT-00277
KA-BLRU-560043-000278,Asha CNC LLP,"No 90, A Industrial Layout, Kalyan Nagar, Bengaluru Urban, Karnataka - 560043",Bengaluru Urban,560043,Machine Tools,Manufacturing,ACTIVE,99,5,FACTORY|GST|KSPCB|SHOP|UDYAM,2026-05-04,2025-07-14,append_only; raw identifiers hashed; human-review for score 60-84,ENT-00278
KA-BLRU-560076-000279,Varun Traders,"No 9, B 3rd Phase, Bannerghatta Road, Bengaluru Urban, Karnataka - 560076",Bengaluru Urban,560076,Pharmacy / Medical Retail,Retail,DORMANT,84,2,GST|SHOP,2026-03-22,2024-08-07,append_only; raw identifiers hashed; human-review for score 60-84,ENT-00279
KA-MYS-570016-000280,Nandi Meals Enterprises,"No 47, C 3rd Phase, Hebbal Industrial Area, Mysuru, Karnataka - 570016",Mysuru,570016,Restaurant / Cafe,Service,ACTIVE,99,3,BBMP|GST|SHOP,2026-03-15,2025-08-20,append_only; raw identifiers hashed; human-review for score 60-84,ENT-00280
KA-BLRR-562157-000281,Navya Garments Works,"No 71, A Sector, Bagalur, Bengaluru Rural, Karnataka - 562157",Bengaluru Rural,562157,Textile / Garments,Manufacturing,ACTIVE,89,3,BBMP|GST|UDYAM,2026-03-20,2026-01-31,append_only; raw identifiers hashed; human-review for score 60-84,ENT-00281
KA-MYS-570016-000282,Omkar Coatings Pvt Ltd,"No 22, D Main Road, Hebbal Industrial Area, Mysuru, Karnataka - 570016",Mysuru,570016,Chemical Blending,Manufacturing,ACTIVE,99,4,GST|KSPCB|LABOUR|UDYAM,2026-04-30,2025-05-06,append_only; raw identifiers hashed; human-review for score 60-84,ENT-00282
KA-BLRU-560024-000283,Aditya Meds Co,"No 110, C Behind Metro, Hebbal, Bengaluru Urban, Karnataka - 560024",Bengaluru Urban,560024,Pharmacy / Medical Retail,Retail,ACTIVE,94,4,BBMP|GST|LABOUR|SHOP,2026-03-10,2026-04-22,append_only; raw identifiers hashed; human-review for score 60-84,ENT-00283
KA-MYS-570001-000284,Prakruthi Packaging Enterprises,"No 45, Plot Extension, Devaraja Mohalla, Mysuru, Karnataka - 570001",Mysuru,570001,Printing / Packaging,Manufacturing,ACTIVE,99,6,BBMP|FACTORY|GST|KSPCB|LABOUR|SHOP,2026-03-23,2025-09-21,append_only; raw identifiers hashed; human-review for score 60-84,ENT-00284
KA-BLRU-560059-000285,Ananya Chem Industries,"No 221, B 3rd Phase, Rajajinagar Industrial Suburb, Bengaluru Urban, Karnataka - 560059",Bengaluru Urban,560059,Chemical Blending,Manufacturing,ACTIVE,99,4,GST|KSPCB|LABOUR|UDYAM,2026-04-19,2026-01-04,append_only; raw identifiers hashed; human-review for score 60-84,ENT-00285
KA-BLRU-560064-000286,Harsha Works,"No 274, Plot Sector, Yelahanka, Bengaluru Urban, Karnataka - 560064",Bengaluru Urban,560064,Food Processing,Manufacturing,ACTIVE,99,6,FACTORY|GST|KSPCB|LABOUR|SHOP|UDYAM,2026-04-01,2026-04-08,append_only; raw identifiers hashed; human-review for score 60-84,ENT-00286
KA-BLRU-560043-000287,Prakruthi Packaging Works,"No 107, D 3rd Phase, Kalyan Nagar, Bengaluru Urban, Karnataka - 560043",Bengaluru Urban,560043,Restaurant / Cafe,Service,ACTIVE,87,5,BBMP|GST|LABOUR|SHOP|UDYAM,2026-03-19,2026-02-24,append_only; raw identifiers hashed; human-review for score 60-84,ENT-00287
KA-BLRU-560076-000288,Nandi Moulding Company,"No 200, Shed Industrial Layout, Bannerghatta Road, Bengaluru Urban, Karnataka - 560076",Bengaluru Urban,560076,Plastic Moulding,Manufacturing,ACTIVE,87,5,FACTORY|GST|KSPCB|SHOP|UDYAM,2026-04-03,2025-08-23,append_only; raw identifiers hashed; human-review for score 60-84,ENT-00288
KA-BLRU-560076-000289,Aarohi Bakery Associates,"No 14, Shed Behind Metro, Bannerghatta Road, Bengaluru Urban, Karnataka - 560076",Bengaluru Urban,560076,Food Processing,Manufacturing,ACTIVE,87,5,BBMP|GST|LABOUR|SHOP|UDYAM,2026-03-28,2025-05-17,append_only; raw identifiers hashed; human-review for score 60-84,ENT-00289
KA-BLRU-560068-000290,Deccan Tools Traders,"No 214, B 2nd Main, Bommanahalli, Bengaluru Urban, Karnataka - 560068",Bengaluru Urban,560068,Machine Tools,Manufacturing,ACTIVE,87,5,FACTORY|GST|KSPCB|SHOP|UDYAM,2026-04-17,2026-01-11,append_only; raw identifiers hashed; human-review for score 60-84,ENT-00290
KA-BLRR-562110-000291,Lakshmi Meds Pvt Ltd,"No 279, Shed 1st Cross, Devanahalli, Bengaluru Rural, Karnataka - 562110",Bengaluru Rural,562110,Pharmacy / Medical Retail,Retail,DORMANT,99,3,GST|SHOP|UDYAM,2026-04-22,2025-03-29,append_only; raw identifiers hashed; human-review for score 60-84,ENT-00291
KA-BLRU-560100-000292,Udupi Health Works,"No 16, C Service Road, Electronic City, Bengaluru Urban, Karnataka - 560100",Bengaluru Urban,560100,Pharmacy / Medical Retail,Retail,DORMANT,77,3,BBMP|GST|SHOP,2026-03-27,2024-04-16,append_only; raw identifiers hashed; human-review for score 60-84,ENT-00292
KA-BLRU-560076-000293,Siddhi Works Enterprises,"No 7, C Main Road, Bannerghatta Road, Bengaluru Urban, Karnataka - 560076",Bengaluru Urban,560076,Machine Tools,Manufacturing,ACTIVE,99,6,FACTORY|GST|KSPCB|LABOUR|SHOP|UDYAM,2026-04-23,2025-12-05,append_only; raw identifiers hashed; human-review for score 60-84,ENT-00293
KA-BLRR-561203-000294,Nandi Tools Co,"No 158, Industrial Layout, Doddaballapura, Bengaluru Rural, Karnataka - 561203",Bengaluru Rural,561203,Machine Tools,Manufacturing,ACTIVE,99,4,BBMP|FACTORY|LABOUR|UDYAM,2026-04-17,2025-09-21,append_only; raw identifiers hashed; human-review for score 60-84,ENT-00294
KA-BLRU-560024-000295,Lakshmi Kitchen Pvt Ltd,"No 91, A 1st Cross, Hebbal, Bengaluru Urban, Karnataka - 560024",Bengaluru Urban,560024,Restaurant / Cafe,Service,ACTIVE,99,4,BBMP|GST|SHOP|UDYAM,2026-03-07,2026-03-09,append_only; raw identifiers hashed; human-review for score 60-84,ENT-00295
KA-BLRU-560058-000296,Veda Apparels Company,"No 235, Behind Metro, Peenya Industrial Area, Bengaluru Urban, Karnataka - 560058",Bengaluru Urban,560058,Textile / Garments,Manufacturing,ACTIVE,77,3,BBMP|KSPCB|LABOUR,2026-03-13,2025-09-26,append_only; raw identifiers hashed; human-review for score 60-84,ENT-00296
KA-BLRU-560068-000297,Mysore Health Industries,"No 234, Shed Near Bus Stop, Bommanahalli, Bengaluru Urban, Karnataka - 560068",Bengaluru Urban,560068,Pharmacy / Medical Retail,Retail,ACTIVE,99,4,GST|LABOUR|SHOP|UDYAM,2026-03-27,2025-12-27,append_only; raw identifiers hashed; human-review for score 60-84,ENT-00297
KA-TUM-572106-000298,Aditya Works,"No 211, A 1st Cross, Antharasanahalli Industrial Area, Tumakuru, Karnataka - 572106",Tumakuru,572106,Restaurant / Cafe,Service,CLOSED,72,2,GST|SHOP,2026-04-24,2025-05-17,append_only; raw identifiers hashed; human-review for score 60-84,ENT-00298
KA-BLRU-560078-000299,Srinidhi Press Works,"No 262, Industrial Layout, Jayanagar, Bengaluru Urban, Karnataka - 560078",Bengaluru Urban,560078,Printing / Packaging,Manufacturing,DORMANT,99,4,FACTORY|GST|KSPCB|SHOP,2026-04-21,2023-10-12,append_only; raw identifiers hashed; human-review for score 60-84,ENT-00299
KA-BLRU-560100-000300,Varun Systems Solutions,"No 165, D Near Bus Stop, Electronic City, Bengaluru Urban, Karnataka - 560100",Bengaluru Urban,560100,Electronics Assembly,Manufacturing,ACTIVE,87,5,FACTORY|GST|KSPCB|SHOP|UDYAM,2026-05-04,2025-10-09,append_only; raw identifiers hashed; human-review for score 60-84,ENT-00300
KA-BLRU-560064-000301,Vijaya Fashions Pvt Ltd,"No 216, C Main Road, Yelahanka, Bengaluru Urban, Karnataka - 560064",Bengaluru Urban,560064,Textile / Garments,Manufacturing,DORMANT,99,4,BBMP|GST|LABOUR|SHOP,2026-04-18,2024-10-24,append_only; raw identifiers hashed; human-review for score 60-84,ENT-00301
KA-BLRU-560059-000302,Kaveri Wear Works,"No 12, A Sector, Rajajinagar Industrial Suburb, Bengaluru Urban, Karnataka - 560059",Bengaluru Urban,560059,Textile / Garments,Manufacturing,ACTIVE,99,4,GST|KSPCB|LABOUR|UDYAM,2026-04-02,2026-04-28,append_only; raw identifiers hashed; human-review for score 60-84,ENT-00302
KA-MYS-570016-000303,Prakruthi Stores LLP,"No 202, Plot 2nd Main, Hebbal Industrial Area, Mysuru, Karnataka - 570016",Mysuru,570016,Logistics / Warehouse,Service,DORMANT,96,2,LABOUR|UDYAM,2026-03-12,2024-10-13,append_only; raw identifiers hashed; human-review for score 60-84,ENT-00303
KA-BLRU-560078-000304,Naveen Kitchen Pvt Ltd,"No 268, D Industrial Layout, Jayanagar, Bengaluru Urban, Karnataka - 560078",Bengaluru Urban,560078,Restaurant / Cafe,Service,ACTIVE,72,2,BBMP|SHOP,2026-04-23,2026-02-28,append_only; raw identifiers hashed; human-review for score 60-84,ENT-00304
KA-BLRU-560064-000305,Omkar Health Enterprises,"No 149, D Service Road, Yelahanka, Bengaluru Urban, Karnataka - 560064",Bengaluru Urban,560064,Pharmacy / Medical Retail,Retail,DORMANT,94,4,BBMP|GST|SHOP|UDYAM,2026-03-17,2024-04-17,append_only; raw identifiers hashed; human-review for score 60-84,ENT-00305
KA-BLRU-560001-000306,Nandi Moulding Company,"No 170, B Near Bus Stop, MG Road, Bengaluru Urban, Karnataka - 560001",Bengaluru Urban,560001,Plastic Moulding,Manufacturing,DORMANT,99,5,FACTORY|GST|KSPCB|LABOUR|UDYAM,2026-03-19,2024-11-25,append_only; raw identifiers hashed; human-review for score 60-84,ENT-00306
KA-BLRU-560102-000307,Udupi Cafe Pvt Ltd,"No 172, B Sector, HSR Layout, Bengaluru Urban, Karnataka - 560102",Bengaluru Urban,560102,Restaurant / Cafe,Service,ACTIVE,99,5,GST|KSPCB|LABOUR|SHOP|UDYAM,2026-04-24,2026-04-14,append_only; raw identifiers hashed; human-review for score 60-84,ENT-00307
KA-BLRU-560058-000308,Sree Mold Traders,"No 17, 1st Cross, Peenya Industrial Area, Bengaluru Urban, Karnataka - 560058",Bengaluru Urban,560058,Plastic Moulding,Manufacturing,ACTIVE,84,2,GST|SHOP,2026-04-03,2025-05-08,append_only; raw identifiers hashed; human-review for score 60-84,ENT-00308
KA-MYS-570016-000309,Harsha Pvt Ltd,"No 220, Extension, Hebbal Industrial Area, Mysuru, Karnataka - 570016",Mysuru,570016,Chemical Blending,Manufacturing,ACTIVE,77,3,FACTORY|GST|KSPCB,2026-05-04,2025-12-06,append_only; raw identifiers hashed; human-review for score 60-84,ENT-00309
KA-TUM-572106-000310,Sree Tech Associates,"No 285, B Industrial Layout, Antharasanahalli Industrial Area, Tumakuru, Karnataka - 572106",Tumakuru,572106,Electronics Assembly,Manufacturing,ACTIVE,99,4,FACTORY|GST|KSPCB|LABOUR,2026-04-30,2026-04-05,append_only; raw identifiers hashed; human-review for score 60-84,ENT-00310
KA-BLRU-560066-000311,Bangalore Industries LLP,"No 104, D Extension, Whitefield Main Road, Bengaluru Urban, Karnataka - 560066",Bengaluru Urban,560066,Machine Tools,Manufacturing,ACTIVE,99,5,BBMP|FACTORY|GST|KSPCB|UDYAM,2026-03-27,2025-11-07,append_only; raw identifiers hashed; human-review for score 60-84,ENT-00311
KA-BLRU-560059-000312,Naveen Printers Solutions,"No 69, Extension, Rajajinagar Industrial Suburb, Bengaluru Urban, Karnataka - 560059",Bengaluru Urban,560059,Printing / Packaging,Manufacturing,DORMANT,82,4,BBMP|KSPCB|LABOUR|SHOP,2026-03-20,2024-01-13,append_only; raw identifiers hashed; human-review for score 60-84,ENT-00312
KA-MYS-570018-000313,Nandi Foods Industries,"No 60, C Sector, Nanjangud Road, Mysuru, Karnataka - 570018",Mysuru,570018,Food Processing,Manufacturing,DORMANT,72,2,BBMP|FACTORY,2026-04-17,2025-04-24,append_only; raw identifiers hashed; human-review for score 60-84,ENT-00313
KA-BLRU-560034-000314,Srinidhi Labels Company,"No 72, C 2nd Main, Koramangala, Bengaluru Urban, Karnataka - 560034",Bengaluru Urban,560034,Printing / Packaging,Manufacturing,ACTIVE,77,3,LABOUR|SHOP|UDYAM,2026-03-28,2026-01-17,append_only; raw identifiers hashed; human-review for score 60-84,ENT-00314
KA-BLRU-560064-000315,Kaveri Coatings Solutions,"No 257, A Main Road, Yelahanka, Bengaluru Urban, Karnataka - 560064",Bengaluru Urban,560064,Chemical Blending,Manufacturing,ACTIVE,99,5,FACTORY|GST|KSPCB|LABOUR|UDYAM,2026-03-15,2026-01-17,append_only; raw identifiers hashed; human-review for score 60-84,ENT-00315
KA-BLRU-560034-000316,Ganesh Coatings LLP,"No 159, Behind Metro, Koramangala, Bengaluru Urban, Karnataka - 560034",Bengaluru Urban,560034,Chemical Blending,Manufacturing,ACTIVE,89,3,FACTORY|KSPCB|LABOUR,2026-04-03,2026-02-21,append_only; raw identifiers hashed; human-review for score 60-84,ENT-00316
KA-BLRU-560037-000317,Nisarga Labels Pvt Ltd,"No 288, Plot Main Road, Whitefield, Bengaluru Urban, Karnataka - 560037",Bengaluru Urban,560037,Printing / Packaging,Manufacturing,DORMANT,82,4,KSPCB|LABOUR|SHOP|UDYAM,2026-03-25,2024-08-10,append_only; raw identifiers hashed; human-review for score 60-84,ENT-00317
KA-MYS-570016-000318,Lakshmi LLP,"No 177, C Service Road, Hebbal Industrial Area, Mysuru, Karnataka - 570016",Mysuru,570016,Logistics / Warehouse,Service,ACTIVE,99,3,GST|SHOP|UDYAM,2026-03-24,2025-11-14,append_only; raw identifiers hashed; human-review for score 60-84,ENT-00318
KA-BLRU-560085-000319,Ganesh Medical Solutions,"No 213, Plot 1st Cross, Banashankari, Bengaluru Urban, Karnataka - 560085",Bengaluru Urban,560085,Pharmacy / Medical Retail,Retail,ACTIVE,99,5,BBMP|GST|LABOUR|SHOP|UDYAM,2026-03-06,2026-03-22,append_only; raw identifiers hashed; human-review for score 60-84,ENT-00319
KA-BLRR-562110-000320,Navya Industrial Co,"No 203, D Extension, Devanahalli, Bengaluru Rural, Karnataka - 562110",Bengaluru Rural,562110,Chemical Blending,Manufacturing,ACTIVE,82,4,FACTORY|GST|KSPCB|LABOUR,2026-03-27,2025-12-25,append_only; raw identifiers hashed; human-review for score 60-84,ENT-00320
KA-BLRU-560066-000321,Asha Packaging Enterprises,"No 150, A Sector, Whitefield Main Road, Bengaluru Urban, Karnataka - 560066",Bengaluru Urban,560066,Printing / Packaging,Manufacturing,ACTIVE,99,3,FACTORY|GST|SHOP,2026-03-30,2025-09-28,append_only; raw identifiers hashed; human-review for score 60-84,ENT-00321
KA-MYS-570018-000322,Nisarga Circuits Enterprises,"No 239, C Extension, Nanjangud Road, Mysuru, Karnataka - 570018",Mysuru,570018,Electronics Assembly,Manufacturing,ACTIVE,87,5,FACTORY|GST|KSPCB|SHOP|UDYAM,2026-04-28,2025-07-21,append_only; raw identifiers hashed; human-review for score 60-84,ENT-00322
KA-BLRU-560100-000323,Sree Enterprises,"No 132, B Service Road, Electronic City, Bengaluru Urban, Karnataka - 560100",Bengaluru Urban,560100,Chemical Blending,Manufacturing,ACTIVE,87,5,BBMP|FACTORY|GST|KSPCB|LABOUR,2026-04-28,2026-04-04,append_only; raw identifiers hashed; human-review for score 60-84,ENT-00323
KA-BLRU-560078-000324,Varun Industries,"No 206, C Industrial Layout, Jayanagar, Bengaluru Urban, Karnataka - 560078",Bengaluru Urban,560078,Food Processing,Manufacturing,ACTIVE,82,4,FACTORY|GST|KSPCB|SHOP,2026-04-19,2026-04-02,append_only; raw identifiers hashed; human-review for score 60-84,ENT-00324
KA-BLRU-560102-000325,Naveen Medical Solutions,"No 158, Extension, HSR Layout, Bengaluru Urban, Karnataka - 560102",Bengaluru Urban,560102,Pharmacy / Medical Retail,Retail,ACTIVE,87,5,BBMP|GST|LABOUR|SHOP|UDYAM,2026-03-27,2025-11-08,append_only; raw identifiers hashed; human-review for score 60-84,ENT-00325
