reg_id,business_name,address,pincode,pan,gstin,phone,status
SH001,M/S Ravi Foods,"No 12, Peenya Ind Area, Blr",560058,AABCR1234F,29AABCR1234F1Z5,9876543210,active
SH002,Ravi Foods Pvt Ltd,12 Peenya Industrial Area Bengaluru,560058,AABCR1234F,29AABCR1234F1Z5,08041234567,active
SH003,Ravi Food Processing,"Plot 12, Peenya Ind. Area, Bangalore",560058,AABCR1234F,,9876543210,active
SH004,Lakshmi Silk House,"MG Road, Mysuru",570001,AAAFL9999K,29AAAFL9999K1Z1,8212345678,active
SH005,Lakshmi Silks,M G Road Mysore,570001,,29AAAFL9999K1Z1,8212345600,active
SH006,Kaveri Agro Traders,"Hubli Market Rd, Hubballi",580020,AAAFK1111L,29AAAFK1111L1Z2,8360123456,active
SH007,Kaveri Agro & Traders,Hubli Market Road Hubli,580020,AAAFK1111L,,8360123499,active
SH008,Sri Venkateswara Bakery,"Tumkur Rd, Nelamangala",562123,AAABV2222M,29AAABV2222M1Z3,9448012345,active
SH009,S V Bakery,Tumkur Road Nelamangala,562123,,29AAABV2222M1Z3,9448012300,dormant
SH010,Global Tech Solutions,"Manyata Tech Park, Nagavara",560045,AAAGT3333N,29AAAGT3333N1Z4,9900112233,active
SH011,Global Tech Solns Pvt Ltd,Manyata TP Nagavara Blr,560045,AAAGT3333N,29AAAGT3333N1Z4,9900112200,active
SH012,Coastal Fisheries,Mangalore Port Rd,575001,AAACF4444P,29AAACF4444P1Z6,8242223344,active
SH013,Coastal Fishries,Mangalore Port Road,575001,,29AAACF4444P1Z6,8242223300,active
SH014,Nandi Granite Works,Chikkaballapur,562101,AAANG5555Q,29AAANG5555Q1Z7,8150020020,active
SH015,Nandi Granite,Chikkaballapur KA,562101,AAANG5555Q,,8150020099,active
SH016,GreenLeaf Organics,"Hennur Rd, Bengaluru",560043,AAAGL6666R,29AAAGL6666R1Z8,9988776655,active
SH017,Green Leaf Organics LLP,Hennur Road Bangalore,560043,,29AAAGL6666R1Z8,9988776600,active
SH018,Prakash Motors,"Ring Road, Vijayanagar",560040,AAAPM7777S,29AAAPM7777S1Z9,9845011122,active
SH019,Prakash Motors & Sons,Ring Rd Vijayanagar Blr,560040,AAAPM7777S,29AAAPM7777S1Z9,9845011199,active
SH020,Udupi Krishna Bhavan,"Car St, Udupi",576101,AAAKU8888T,29AAAKU8888T1ZA,8202501234,active
SH021,Udupi Krishna Bhavan Hotel,Car Street Udupi,576101,AAAKU8888T,29AAAKU8888T1ZA,8202501200,active
SH022,Himalaya Hardware,Shivaji Nagar,560001,AAAHM9999U,29AAAHM9999U1ZB,9886012345,active
SH023,Himalaya Hardvare,Shivajinagar Bengaluru,560001,AAAHM9999U,,9886012399,active
SH024,Sahyadri Coffee Works,Chikmagalur,577101,AAASC0001V,29AAASC0001V1ZC,8262223344,active
SH025,Sahyadri Coffee,Chikmagalur Town,577101,,29AAASC0001V1ZC,8262223300,active
SH026,Deccan Logistics,Whitefield,560066,AAADL0002W,29AAADL0002W1ZD,9035303030,active
SH027,Deccan Logistics Pvt Ltd,Whitefield ITPL Rd,560066,AAADL0002W,29AAADL0002W1ZD,9035303099,active
SH028,Annapoorna Snacks,Davangere,577004,AAAAS0003X,29AAAAS0003X1ZE,8192224455,active
SH029,Annapoorna Snacks Centre,Davanagere City,577004,AAAAS0003X,,8192224400,active
SH030,Zenith Pharma Distributors,Electronic City Phase 1,560100,AAAZP0004Y,29AAAZP0004Y1ZF,9844123456,active
SH031,Zenith Pharma Dist,Electronic City Ph-1 Blr,560100,,29AAAZP0004Y1ZF,9844123499,active
SH032,BlueRiver Textiles,Ramanagara,562159,AAABT0005Z,29AAABT0005Z1ZG,9449011122,active
SH033,Blue River Textiles Ltd,Ramanagara Ind Area,562159,AAABT0005Z,29AAABT0005Z1ZG,9449011199,active
SH034,Everest Steel Traders,Peenya 2nd Stage,560058,AAAES0006A,29AAAES0006A1ZH,9845088888,active
SH035,Everest Steel,Peenya II Stage Bangalore,560058,AAAES0006A,,9845088800,active
SH036,Southern Spices Mart,"Gandhinagar, Ballari",583101,AAASS0007B,29AAASS0007B1ZI,8392225566,active
SH037,Southern Spices,Gandhinagar Ballari,583101,,29AAASS0007B1ZI,8392225500,active
SH038,Metro Cold Storage,Yeshwanthpur,560022,AAAMC0008C,29AAAMC0008C1ZJ,8023456789,active
SH039,Metro Cold Storage Pvt Ltd,Yeshwanthpur Ind Suburb,560022,AAAMC0008C,29AAAMC0008C1ZJ,8023456700,active
SH040,Bright Future Education,Jayanagar 4th Block,560041,AAABF0009D,29AAABF0009D1ZK,9845099999,active
SH041,Bright Future Edu Services,Jayanagar 4th Blk Blr,560041,AAABF0009D,,9845099900,active
SH042,Crystal Glass Works,Rajajinagar,560010,AAACG0010E,29AAACG0010E1ZL,9342123456,active
SH043,Crystal Glass,Rajajinagar 2nd Main,560010,,29AAACG0010E1ZL,9342123499,active
SH044,Orchid Florists,Koramangala 5th Block,560095,AAAOF0011F,29AAAOF0011F1ZM,9886767676,active
SH045,Orchid Flowers,Koramangala 5th Blk,560095,AAAOF0011F,29AAAOF0011F1ZM,9886767600,active
SH046,Unrelated Pizza Corner,Indiranagar,560038,AAAPZ0012G,29AAAPZ0012G1ZN,9986020202,active
SH047,Northwind Automobiles,Hebbal,560024,AAANA0013H,29AAANA0013H1ZO,9845012345,active
SH048,Northwind Auto,Hebbal Flyover Rd,560024,AAANA0013H,,9845012399,active
SH049,Silverline Jewellers,Commercial Street,560001,AAASJ0014I,29AAASJ0014I1ZP,8022223333,active
SH050,Silverline Jewellers LLP,Comm St Bangalore,560001,AAASJ0014I,29AAASJ0014I1ZP,8022223399,active
