gst_record_id,legal_name,trade_name,principal_place_address,district,pin_code,state_code,taxpayer_type,registration_date,gst_status,pan_hash,gstin_hash,source_record_id,entity_id_ground_truth
GST-KA-BLRU-2015-000001,Vijaya Associates,VIJAYA ASSOCIATES,"91, B 3rd Phase, Bommanahalli, Bengaluru Urban, KA - 560068",Bengaluru Urban,560068,29,SEZ Unit,2015-09-01,Cancelled,PAN_58171EF01BC0381A,GSTIN_09A864EEFB4966DC,GST-KA-BLRU-2015-000001,ENT-00002
GST-KA-BLRR-2024-000002,VEDA DEVICES WORKS,Veda Devices Works,"No 264, B 1st Crs, Doddaballapura, B'luru Rural, K'taka - 561203",Bengaluru Rural,561203,29,Regular,2024-10-18,Suspended,PAN_71DBDD827C3DEB42,,GST-KA-BLRR-2024-000002,ENT-00003
GST-KA-BLRU-2021-000003,Asha Trans LLP,Asha Trans,"No 7, B 1st Crs, Banashankari, Bengaluru Urban, KA - 560085",Bengaluru Urban,560085,29,Composition,2021-05-19,Suspended,PAN_4B6DB3A13FEC9F96,GSTIN_631046870FA1F569,GST-KA-BLRU-2021-000003,ENT-00004
GST-KA-BLRU-2022-000004,Sharma Coatings Co,Sharma Coatings Co,"7, Plot Service Road, Rajajinagar Industrial Suburb, Bengaluru Urban, Karnataka - 560059",Bengaluru Urban,560059,29,Casual Taxable Person,2022-03-14,Active,,,GST-KA-BLRU-2022-000004,ENT-00005
GST-KA-MYS-2024-000005,DeccanInds,Deccan Industries,"151, C 2nd Main, Devaraja Mohalla, Mysuru, KA - 570001",Mysuru,570001,29,Composition,2024-06-27,Suspended,PAN_70C38193FB6728B8,,GST-KA-MYS-2024-000005,ENT-00006
GST-KA-BLRR-2025-000006,M/S Srinidhi Trans Works,,"284, Shed 1st Crs, Hoskote, Bangalore Rural, KA - 562114",Bengaluru Rural,562114,29,Regular,2025-02-23,Active,,,GST-KA-BLRR-2025-000006,ENT-00009
GST-KA-BLRU-2025-000007,Ganesh Dine LLP,,"No. 149, B Main Road, Banashankari, Bengaluru Urban, Karnataka - 560085",Bengaluru Urban,560085,29,Composition,2025-01-10,Active,PAN_9D3A02B5E38FC0F6,GSTIN_9680680B987EE9AF,GST-KA-BLRU-2025-000007,ENT-00010
GST-KA-BLRU-2019-000008,Naveen Fashions Traders,Naveen Fashions Traders,"No 34, B Main Rd, Bannerghatta Road, B'luru Urban, KA - 560076",Bengaluru Urban,560076,29,Composition,2019-08-15,Cancelled,PAN_8C7374FD50D77AA2,GSTIN_4EC2C607A831562B,GST-KA-BLRU-2019-000008,ENT-00011
GST-KA-MYS-2024-000009,MYSORE BITES WORKS,Mysore Bites Works,"No. 4, D 2nd Main, Devaraja Mohalla, Mysuru, Karnataka - 570001",Mysuru,570001,29,Regular,2024-10-19,Active,PAN_7EA7B232D0E1064D,GSTIN_66B07237543C6EDC,GST-KA-MYS-2024-000009,ENT-00013
GST-KA-BLRR-2023-000010,MEGHANA WAREHOUSE TRADERS,Meghana Warehouse Traders,"No 57, D Near Bus Stop, Devanahalli, Bangalore Rural, K'taka - 562110",Bengaluru Rural,562110,29,Casual Taxable Person,2023-04-27,Cancelled,PAN_BB5B3071AA21F9A0,,GST-KA-BLRR-2023-000010,ENT-00015
GST-KA-BLRR-2017-000011,M/S Nandi Trans Solutions,Nandi Trans Solutions,"#162, Sector, Doddaballapura, B'luru Rural, K'taka - 561203",Bengaluru Rural,561203,29,Casual Taxable Person,2017-10-20,Active,PAN_D072F79BB809F27C,,GST-KA-BLRR-2017-000011,ENT-00016
GST-KA-BLRR-2017-000012,Mysore Cafe Traders,,"No 202, D Service Road, Devanahalli, Bangalore Rural, Karnataka - 562110",Bengaluru Rural,562110,29,Casual Taxable Person,2017-06-13,Cancelled,,,GST-KA-BLRR-2017-000012,ENT-00017
GST-KA-BLRU-2022-000013,MYSORE MOLD SOLUTIONS,Mysore Mold Solutions,"No. 215, A Main Rd, Whitefield Main Rd, Bengaluru Urban, K'taka - 560066",Bengaluru Urban,560066,29,Regular,2022-12-05,Active,PAN_9B87F77784FF0445,GSTIN_3EF37A7E82305EDA,GST-KA-BLRU-2022-000013,ENT-00018
GST-KA-BLRR-2017-000014,Veda Coatings Works,Veda Coatings Works,"No 201, B Service Road, Devanahalli, B'luru Rural, K'taka - 562110",Bengaluru Rural,562110,29,Regular,2017-09-13,Suspended,,,GST-KA-BLRR-2017-000014,ENT-00019
GST-KA-BLRU-2021-000015,Navya Devices Co,Navya Devices Co,"No. 51, A Behind Metro, Bommanahalli, Bangalore Urban, Karnataka - 560068",Bengaluru Urban,560068,29,SEZ Unit,2021-04-21,Suspended,PAN_A8B2B46C51047944,GSTIN_AC08044DB415531C,GST-KA-BLRU-2021-000015,ENT-00020
GST-KA-MYS-2022-000016,Prakruthi Packaging Solutions,,"#45, A Service Road, Hebbal Industrial Area, Mysuru, K'taka - 570016",Mysuru,570016,29,Composition,2022-03-07,Cancelled,PAN_1DDA954E2B3349CC,,GST-KA-MYS-2022-000016,ENT-00021
GST-KA-BLRU-2017-000017,Sri Devices Solutions,M/S Sri Devices Solutions,"104, Shed Industrial Layout, HSR Layout, B'luru Urban, KA - 560102",Bengaluru Urban,560102,29,Casual Taxable Person,2017-12-29,Active,PAN_2593B925C4CC393A,GSTIN_258B8656D131FB3A,GST-KA-BLRU-2017-000017,ENT-00023
GST-KA-BLRU-2018-000018,SREE SOLUTIONS,Sree Solutions,"101, A Extension, Banashankari, Bengaluru Urban, KA",Bengaluru Urban,560085,29,SEZ Unit,2018-12-19,Active,PAN_9E53C1A7284D0EC7,,GST-KA-BLRU-2018-000018,ENT-00024
GST-KA-BLRU-2023-000019,Bangalore Moulding Assocites,Bangalore Moulding Associates,"266, Shed Sector, Bommanahalli, B'luru Urban, Karnataka - 560068",Bengaluru Urban,560068,29,Regular,2023-03-04,Active,PAN_8C25986E2674A596,,GST-KA-BLRU-2023-000019,ENT-00026
GST-KA-BLRU-2017-000020,Sree Elec Inds,,"No. 50, B Industrial Layout, Rajajinagar Industrial Suburb, B'luru Urban, Karnataka - 560059",Bengaluru Urban,560059,29,Regular,2017-09-02,Cancelled,PAN_289FA3331D4CA2D0,,GST-KA-BLRU-2017-000020,ENT-00027
GST-KA-BLRU-2025-000021,Asha Co,,"No. 177, C 2nd Main, Yelahanka, Bangalore Urban, KA",Bengaluru Urban,560064,29,Casual Taxable Person,2025-07-15,Active,PAN_70AD3CC61D3D7815,GSTIN_DBD5853B2650B25F,GST-KA-BLRU-2025-000021,ENT-00029
GST-KA-BLRR-2020-000022,BHARATH GARMENTS TRADERS,M/S BHAATH GARMENTS TRADERS,"18, Plot Extension, Devanahalli, Bengaluru Rural, Karnataka - 562110",Bengaluru Rural,562110,29,Casual Taxable Person,2020-02-08,Active,PAN_F9056F6DC2DB582C,GSTIN_5B1E02F6F738BA0B,GST-KA-BLRR-2020-000022,ENT-00030
GST-KA-BLRU-2016-000023,M/S Mysore Enterprises,,"No. 256, B Main Rd, HSR Layout, B'luru Urban, Karnataka - 560102",Bengaluru Urban,560102,29,Regular,2016-05-08,Cancelled,PAN_8895582F81504CB2,GSTIN_FEC2468239B9CC01,GST-KA-BLRU-2016-000023,ENT-00031
GST-KA-BLRR-2019-000024,OMKAR LLP,Omkar,"161, Shed Near Bus Stop, Doddaballapura, Bangalore Rural, KA - 561203",Bengaluru Rural,561203,29,SEZ Unit,2019-07-16,Active,PAN_539CA18DBEA6A496,GSTIN_3B5BA39EC3C6F8CF,GST-KA-BLRR-2019-000024,ENT-00032
GST-KA-MYS-2015-000025,Deccan Industries,,"No. 125, D Industrial Layout, Nanjangud Road, Mysuru, Karnataka - 570018",Mysuru,570001,29,SEZ Unit,2015-12-13,Active,PAN_173C0F7D4925D38A,GSTIN_AA5A050C78BFB4EF,GST-KA-MYS-2015-000025,ENT-00033
GST-KA-BLRU-2018-000026,M/S Nandi Cargo Co,Nandi Cargo Company,"No 2, A Near Bus Stop, Banashankari, B'luru Urban, K'taka - 560085",Bengaluru Urban,560085,29,Composition,2018-01-09,Cancelled,PAN_8CFB12363662E99D,GSTIN_7F22EAE7CB2DAA54,GST-KA-BLRU-2018-000026,ENT-00034
GST-KA-BLRU-2024-000027,Kaveri Components Pvt Ltd,KAVERI COMPONENTS,"#106, Plot Behind Metro, HSR Layout, Bengaluru Urban, K'taka - 560102",Bengaluru Urban,560102,29,SEZ Unit,2024-11-05,Active,,,GST-KA-BLRU-2024-000027,ENT-00035
GST-KA-TUM-2015-000028,NANDI STORES LLP,Nandi Stores,"4, Main Road, BH Road, Tumakuru, KA - 572101",Tumakuru,572101,29,Casual Taxable Person,2015-06-12,Active,PAN_73F217E94D5B05BC,GSTIN_309C75F94A9082F1,GST-KA-TUM-2015-000028,ENT-00036
GST-KA-BLRR-2024-000029,M/S Kaveri Cafe LLP,KAVERI CAFE,"No. 144, Mn Rd, Hoskote, Bangalore Rural, K'taka - 562114",Bengaluru Rural,562114,29,Casual Taxable Person,2024-12-05,Cancelled,PAN_D0431C59929A66AA,GSTIN_07235E6F9DBD73DE,GST-KA-BLRR-2024-000029,ENT-00037
GST-KA-BLRU-2021-000030,Meghana Bites Associates,Meghana Bites Assciates,"#2, D Sector, Banashankari, Bangalore Urban, KA - 560085",Bengaluru Urban,560085,29,Regular,2021-08-04,Active,PAN_908053A6F6D1D89A,GSTIN_6BAE0AD36F8F1AC5,GST-KA-BLRU-2021-000030,ENT-00038
GST-KA-BLRU-2018-000031,Varun Textiles Industries,VARUN TEXTILES INDUSTRIES,"No 252, B Near Bus Stop, Bommanahalli, Bengaluru Urban, K'taka - 560068",Bengaluru Urban,560068,29,Casual Taxable Person,2018-09-04,Suspended,,,GST-KA-BLRU-2018-000031,ENT-00040
GST-KA-MYS-2023-000032,ADITYA CIRCUITS WORKS,ADITYA CIRCUITS WORKS,"157, B Extension, Hebbal Industrial Area, Mysuru, K'taka - 570016",Mysuru,570016,29,Regular,2023-11-26,Active,PAN_89974A6C9040BC8F,,GST-KA-MYS-2023-000032,ENT-00042
GST-KA-TUM-2018-000033,Kaveri Press Entp,Kaveri Press Enterprises,"#151, D 2nd Main, BH Road, Tumakuru, Karnataka",Tumakuru,572101,29,Casual Taxable Person,2018-12-17,Cancelled,PAN_4EA33D307B0EDD36,GSTIN_B374BEA30B507783,GST-KA-TUM-2018-000033,ENT-00043
GST-KA-MYS-2024-000034,M/S Aarohi Solutions,AAROHI SOLUTIONS,"37, Behind Metro, Hebbal Industrial Area, Mysuru, K'taka - 570016",Mysuru,570016,29,Casual Taxable Person,2024-01-04,Active,,,GST-KA-MYS-2024-000034,ENT-00044
GST-KA-TUM-2019-000035,Bangalore Garments Solutions,BANGALORE GARMENTS SOLUTIONS,"232, A Behind Metro, Antharasanahalli Industrial Estate, Tumakuru, Karnataka - 572106",Tumakuru,572106,29,Regular,2019-07-09,Cancelled,,,GST-KA-TUM-2019-000035,ENT-00045
GST-KA-BLRU-2018-000036,Ravi LLP,M/S Ravi,"No 232, Shed Industrial Layout, Kalyan Nagar, Bengaluru Urban, K'taka - 560043",Bengaluru Urban,560043,29,Regular,2018-01-12,Suspended,PAN_7500201471E3B7BA,GSTIN_287B100709456FB0,GST-KA-BLRU-2018-000036,ENT-00046
GST-KA-BLRU-2024-000037,Nandi Solvents LLP,Nandi Solvents,"No. 219, B 3rd Phase, Electronic City, Bengaluru Urban, KA - 560100",Bengaluru Urban,560100,29,Composition,2024-07-29,Active,,GSTIN_BDF0531A1AC60E9E,GST-KA-BLRU-2024-000037,ENT-00047
GST-KA-BLRU-2017-000038,Omkar Pvt Ld,Omkar,"No. 146, D 3rd Phase, Kalyan Nagar, Bangalore Urban, KA",Bengaluru Urban,560043,29,Casual Taxable Person,2017-07-19,Active,PAN_70288CFE80E73E3E,GSTIN_551ED194D61A3A39,GST-KA-BLRU-2017-000038,ENT-00049
GST-KA-BLRU-2025-000039,Ananya Print Works,ANANYA PRINT WORKS,"No 259, Plot Sector, HSR Layout, B'luru Urban, KA - 560102",Bengaluru Urban,560102,29,SEZ Unit,2025-09-23,Active,PAN_1824862865ABF30F,GSTIN_ACAA7D7367A1CA14,GST-KA-BLRU-2025-000039,ENT-00050
GST-KA-BLRU-2021-000040,M/S Varun Entp,,"#144, Plot Service Road, Bannerghatta Road, B'luru Urban, Karnataka - 560076",Bengaluru Urban,560076,29,Composition,2021-12-15,Suspended,,,GST-KA-BLRU-2021-000040,ENT-00051
GST-KA-BLRU-2020-000041,M/S Naveen Company,M/S Naveen Company,"150, Shed Service Road, Kalyan Nagar, Bengaluru Urban, KA - 560043",Bengaluru Urban,560043,29,Regular,2020-06-05,Cancelled,PAN_7F27AB95BD05A4AD,,GST-KA-BLRU-2020-000041,ENT-00052
GST-KA-BLRU-2020-000042,Srinidhi Milling Traders,Srinidhi Milling Traders,"224, Shed Behind Metro, Whitefield, Bangalore Urban, Karnataka - 560037",Bengaluru Urban,560037,29,Composition,2020-10-26,Suspended,,GSTIN_968D82CA0AD4A1F7,GST-KA-BLRU-2020-000042,ENT-00054
GST-KA-BLRU-2016-000043,Bharath Machining Company,M/S Bharath Machining Company,"No 114, Plot Extension, Rajajinagar Industrial Suburb, Bangalore Urban, KA - 560059",Bengaluru Urban,560059,29,Composition,2016-06-09,Cancelled,PAN_68D96D53458F1A0C,GSTIN_E2E13346CEC78FD1,GST-KA-BLRU-2016-000043,ENT-00055
GST-KA-BLRU-2016-000044,BHARATH GRAPHICS SOLUTIONS,Bharath Grahics Solutions,"No. 262, Sector, Jayanagar, Bengaluru Urban, Karnataka - 560078",Bengaluru Urban,560078,29,Regular,2016-01-01,Active,PAN_322CC0EAA89F2696,,GST-KA-BLRU-2016-000044,ENT-00056
GST-KA-MYS-2023-000045,Pakruthi Electronics Industries,Prakruthi Electronics Inds,"#8, Plot Main Rd, Hebbal Industrial Estate, Mysuru, KA - 570016",Mysuru,570016,29,SEZ Unit,2023-08-09,Cancelled,PAN_DEC80A701A04C393,GSTIN_487CE3E3650EC8AB,GST-KA-MYS-2023-000045,ENT-00057
GST-KA-BLRU-2015-000046,Siddhi Systems LLP,Siddhi Systems,"No 285, D Extension, Kalyan Nagar, Bengaluru Urban, KA - 560043",Bengaluru Urban,560059,29,Composition,2015-01-01,Cancelled,PAN_61DDEBCDB1F47867,GSTIN_F539CE4A9173FAE5,GST-KA-BLRU-2015-000046,ENT-00058
GST-KA-MYS-2024-000047,Bangalore Apparels Company,BANGALORE APPARELS COMPANY,"No. 249, D 3rd Phase, Nanjangud Road, Mysuru, Karnataka - 570018",Mysuru,570018,29,Regular,2024-10-18,Active,,,GST-KA-MYS-2024-000047,ENT-00059
GST-KA-BLRR-2025-000048,Veda Stitch LLP,Veda Stitch,"147, A Main Road, Hoskote, Bengaluru Rural, Karnataka - 562114",Bengaluru Rural,562114,29,SEZ Unit,2025-05-24,Active,PAN_53DFB287DCA51FAF,GSTIN_EA2375D973EC6B1C,GST-KA-BLRR-2025-000048,ENT-00060
GST-KA-BLRR-2018-000049,M/S Srinidhi Labs Industries,,"#287, A Main Rd, Hoskote, Bengaluru Rural, KA - 562114",Bengaluru Rural,562114,29,Casual Taxable Person,2018-11-13,Suspended,PAN_77A5109E48B40F39,,GST-KA-BLRR-2018-000049,ENT-00061
GST-KA-TUM-2020-000050,M/S Lakshmi Graphics Works,,"No 278, Plot Near Bus Stop, BH Road, Tumakuru, KA - 572101",Tumakuru,572101,29,Regular,2020-05-16,Suspended,,,GST-KA-TUM-2020-000050,ENT-00063
GST-KA-BLRU-2021-000051,M/S Veda Devices Co,Veda Devices Co,"No 236, B Industrial Layout, Koramangala, Bengaluru Urban, K'taka - 560034",Bengaluru Urban,560034,29,Casual Taxable Person,2021-12-22,Active,PAN_351DA89F823C2212,GSTIN_7194B9F03832CED0,GST-KA-BLRU-2021-000051,ENT-00064
GST-KA-BLRU-2020-000052,M/S Sri Agro Industries,M/S Sri Agro Inds,"No 275, 1st Cross, Bannerghatta Road, Bangalore Urban, Karnataka - 560076",Bengaluru Urban,560076,29,Casual Taxable Person,2020-09-28,Cancelled,PAN_3951A0735074896F,GSTIN_1B382335B1118E29,GST-KA-BLRU-2020-000052,ENT-00065
GST-KA-BLRU-2020-000053,Sahana Meds Enterprises,SAHANA MEDS ENTERPRISES,"No 28, D 1st Cr, BTM Layout, B'luru Urban, K'taka - 560029",Bengaluru Urban,560102,29,SEZ Unit,2020-12-24,Cancelled,,,GST-KA-BLRU-2020-000053,ENT-00067
GST-KA-BLRU-2016-000054,Sri Spices Solutions,M/S SRI SPICES SOLUTIONS,"No. 22, Sector, MG Road, B'luru Urban, KA - 560001",Bengaluru Urban,560001,29,SEZ Unit,2016-07-18,Suspended,,GSTIN_6C62F1DB040BC3E6,GST-KA-BLRU-2016-000054,ENT-00070
GST-KA-TUM-2025-000055,M/S Prakruthi CNC LLP,PRAKRUTHI CNC,"No. 3, A Behind Metro, Antharasanahalli Indl Area, Tumakuru, Karnataka - 572106",Tumakuru,572106,29,Casual Taxable Person,2025-01-08,Active,,GSTIN_06336E828E872AF8,GST-KA-TUM-2025-000055,ENT-00071
GST-KA-BLRU-2020-000056,SIDDHI BAKERY LLP,M/S Siddhi Bakery,"#83, A Main Rd, Bannerghatta Road, Bengaluru Urban, KA - 560076",Bengaluru Urban,560076,29,Casual Taxable Person,2020-11-17,Cancelled,PAN_1C5AC8317B27E0E0,,GST-KA-BLRU-2020-000056,ENT-00072
GST-KA-BLRU-2023-000057,Srinidhi Co,SRINIDHI COMPANY,"#297, D 1st Cr, Whitefield, B'luru Urban, K'taka - 560037",Bengaluru Urban,560037,29,Composition,2023-01-17,Suspended,PAN_16FFF79FDBB72FE8,,GST-KA-BLRU-2023-000057,ENT-00073
GST-KA-BLRU-2016-000058,Ravi Tech Associates,Ravi Tech Associates,"No. 84, A Sector, Whitefield Main Road, Bangalore Urban, Karnataka - 560066",Bengaluru Urban,560066,29,Casual Taxable Person,2016-09-02,Cancelled,PAN_4835302AA2861E40,GSTIN_71882A0932EC0D09,GST-KA-BLRU-2016-000058,ENT-00075
GST-KA-BLRR-2017-000059,Aditya Medical Pvt. Ltd.,Aditya Medical,"No. 282, Extension, Hoskote, B'luru Rural, Karnataka - 562114",Bengaluru Rural,562114,29,Casual Taxable Person,2017-05-09,Active,PAN_2CD068317D61C1B7,GSTIN_9EC6267250B25E31,GST-KA-BLRR-2017-000059,ENT-00078
GST-KA-MYS-2015-000060,M/S Ravi Co,Ravi Co,"271, A 1st Cr, Hebbal Indl Area, Mysuru, KA - 570016",Mysuru,570016,29,SEZ Unit,2015-03-03,Active,PAN_9896AA9AD3A89621,,GST-KA-MYS-2015-000060,ENT-00079
GST-KA-BLRU-2020-000061,MEGHANA COATINGS TRADERS,,"No 203, B Behind Metro, Bommanahalli, Bengaluru Urban, KA - 560068",Bengaluru Urban,560068,29,SEZ Unit,2020-01-28,Suspended,PAN_ED5E7F18A4978A5D,,GST-KA-BLRU-2020-000061,ENT-00080
GST-KA-BLRU-2015-000062,M/S Meghana Wear Traders,,"No 120, Plot Sector, Peenya Indl Area, B'luru Urban, Karnataka - 560058",Bengaluru Urban,560058,29,Regular,2015-08-29,Active,,,GST-KA-BLRU-2015-000062,ENT-00081
GST-KA-BLRU-2024-000063,Nandi Electronics Solutions,Nandi Electronics Solutions,"No 271, A Extension, Electronic City, Bengaluru Urban, K'taka - 560100",Bengaluru Urban,560100,29,Composition,2024-07-28,Active,,,GST-KA-BLRU-2024-000063,ENT-00083
GST-KA-MYS-2018-000064,Mysore Works,Mysoe Works,"No 280, C Industrial Layout, Nanjangud Road, Mysuru, K'taka - 570018",Mysuru,570018,29,Regular,2018-09-20,Active,,,GST-KA-MYS-2018-000064,ENT-00085
GST-KA-TUM-2022-000065,BANGALORE CO,M/S Bangalore Co,"No 217, Near Bus Stop, Antharasanahalli Industrial Area, Tumakuru, K'taka - 572106",Tumakuru,572106,29,Composition,2022-11-15,Active,PAN_762BAECD437BE21F,GSTIN_815619CCA2182AD8,GST-KA-TUM-2022-000065,ENT-00087
GST-KA-MYS-2019-000066,Bangalore Works,M/S BANGALORE WORKS,"139, D 2nd Main, Hebbal Industrial Estate, Mysuru, Karnataka - 570016",Mysuru,570016,29,Regular,2019-04-11,Active,PAN_89B983630B42A1A9,GSTIN_5BB93A896805D600,GST-KA-MYS-2019-000066,ENT-00089
GST-KA-BLRU-2017-000067,Bharath Tech Asociates,BHARATH TECH ASSOCIATES,"No 54, D 3rd Phase, BTM Layout, Bengaluru Urban, K'taka - 560029",Bengaluru Urban,560029,29,SEZ Unit,2017-07-05,Cancelled,PAN_2DA615F179254D21,GSTIN_095CC47503753CCB,GST-KA-BLRU-2017-000067,ENT-00090
GST-KA-BLRU-2025-000068,Sharma Stitch Entp,M/S Sharma Stitch Enterprises,"No 142, D 3rd Phase, Peenya Industrial Area, Bengaluru Urban, KA - 560058",Bengaluru Urban,560058,29,SEZ Unit,2025-12-16,Active,,,GST-KA-BLRU-2025-000068,ENT-00091
GST-KA-BLRU-2024-000069,Kaveri Systems Pvt Ltd,M/S KAVERI SYSTES,"51, B 3rd Phase, HSR Layout, Bengaluru Urban, KA - 560102",Bengaluru Urban,560102,29,Casual Taxable Person,2024-09-08,Active,PAN_0752B7A29DDA5077,,GST-KA-BLRU-2024-000069,ENT-00093
GST-KA-BLRU-2024-000070,Sharma Biryani Pvt. Ltd.,Sharma Biryani,"#52, Plot 2nd Main, Bommanahalli, Bengaluru Urban, Karnataka - 560068",Bengaluru Urban,560068,29,Casual Taxable Person,2024-01-23,Active,,,GST-KA-BLRU-2024-000070,ENT-00094
GST-KA-BLRU-2025-000071,M/S DECCAN PACKAGING TRADERS,M/S Deccan Packaging Traders,"#211, C 1st Cross, BTM Layout, Bengaluru Urban, K'taka - 560029",Bengaluru Urban,560029,29,SEZ Unit,2025-01-20,Active,,,GST-KA-BLRU-2025-000071,ENT-00095
GST-KA-MYS-2017-000072,M/S Ananya Devices Solutions,,"250, D Extension, Hebbal Industrial Area, Mysuru, K'taka - 570016",Mysuru,570016,29,Casual Taxable Person,2017-11-05,Active,,GSTIN_3B0B225DA27E5FC2,GST-KA-MYS-2017-000072,ENT-00096
GST-KA-BLRR-2018-000073,Mysore Cargo Solutions,Mysore Cargo Solutions,"62, Shed 1st Crs, Hoskote, Bengaluru Rural, Karnataka - 562114",Bengaluru Rural,562114,29,SEZ Unit,2018-04-04,Suspended,PAN_E9BD68AFABFF1B32,GSTIN_9D23D1FC7C1597DC,GST-KA-BLRR-2018-000073,ENT-00099
GST-KA-BLRU-2024-000074,M/S Srinidhi Traders,Srinidhi Traders,"235, D Extension, Kalyan Nagar, B'luru Urban, KA - 560043",Bengaluru Urban,560043,29,Regular,2024-07-13,Active,,,GST-KA-BLRU-2024-000074,ENT-00100
GST-KA-BLRU-2019-000075,M/S Srinidhi Enterprises,Srinidhi Entp,"#195, B Behind Metro, Banashankari, B'luru Urban, KA",Bengaluru Urban,560085,29,Regular,2019-05-01,Cancelled,,,GST-KA-BLRU-2019-000075,ENT-00101
GST-KA-TUM-2020-000076,SHARMA CNC ENTERPRISES,Sharma CNC Enterprises,"#68, A Mn Rd, Antharasanahalli Indl Area, Tumakuru, KA - 572106",Tumakuru,572106,29,Casual Taxable Person,2020-09-25,Suspended,PAN_CF3D72FC68ACC925,GSTIN_D9A2F57AD6276796,GST-KA-TUM-2020-000076,ENT-00102
GST-KA-BLRU-2024-000077,ADITYA GARMENTS INDUSTRIES,Aditya Garments Industries,"No 90, Plot Main Road, Yelahanka, B'luru Urban, KA - 560064",Bengaluru Urban,560064,29,SEZ Unit,2024-09-09,Active,PAN_AAFF359F4A465DD0,GSTIN_690CD349B1174245,GST-KA-BLRU-2024-000077,ENT-00103
GST-KA-BLRU-2020-000078,M/S Navya Printers Traders,,"No 18, Shed Main Road, Electronic City, Bangalore Urban, Karnataka - 560100",Bengaluru Urban,560100,29,Regular,2020-09-09,Suspended,PAN_0EA235E6595FDA7C,GSTIN_F472A00481267E66,GST-KA-BLRU-2020-000078,ENT-00104
GST-KA-BLRU-2021-000079,Kaveri Pvt Ltd,M/S Kaveri,"#86, Behind Metro, BTM Layout, Bangalore Urban, KA - 560029",Bengaluru Urban,560029,29,Regular,2021-02-16,Cancelled,PAN_45FE265FDFB35DE8,GSTIN_EB267CF53746D512,GST-KA-BLRU-2021-000079,ENT-00105
GST-KA-BLRU-2019-000080,M/S Mysore Fashions Enterprises,Mysore Fashions Enterprises,"No 287, D Service Road, Yelahanka, Bengaluru Urban, K'taka - 560064",Bengaluru Urban,560064,29,SEZ Unit,2019-08-02,Active,PAN_B5EF6E45EB57FE76,,GST-KA-BLRU-2019-000080,ENT-00108
GST-KA-TUM-2023-000081,Bangalore Packaging Works,,"No. 135, A 1st Cr, BH Road, Tumakuru, KA - 572101",Tumakuru,572101,29,Regular,2023-05-28,Suspended,PAN_DBCC763950F285C5,,GST-KA-TUM-2023-000081,ENT-00109
GST-KA-BLRU-2025-000082,Sharma Chem LLP,,"#218, B Industrial Layout, Banashankari, Bengaluru Urban, Karnataka - 560085",Bengaluru Urban,560085,29,Casual Taxable Person,2025-11-28,Active,PAN_1DABC2C1FF2E9BCB,GSTIN_64543AC915709F68,GST-KA-BLRU-2025-000082,ENT-00110
GST-KA-BLRU-2015-000083,Naveen Polymers Solutions,,"No 64, Shed Sector, HSR Layout, B'luru Urban, Karnataka",Bengaluru Urban,560102,29,Composition,2015-03-01,Active,PAN_92F3E575771488A9,,GST-KA-BLRU-2015-000083,ENT-00111
GST-KA-BLRU-2016-000084,Nandi Bakery Pvt Ltd,Nandi Bakery,"No 99, A 3rd Phase, Peenya Indl Area, Bengaluru Urban, Karnataka - 560058",Bengaluru Urban,560058,29,Composition,2016-07-17,Suspended,,,GST-KA-BLRU-2016-000084,ENT-00114
GST-KA-BLRU-2015-000085,M/S BANGALORE CARE WORKS,Bangalore Care Works,"No. 185, C Service Road, Bannerghatta Road, B'luru Urban, Karnataka - 560076",Bengaluru Urban,560076,29,Casual Taxable Person,2015-09-04,Active,,,GST-KA-BLRU-2015-000085,ENT-00115
GST-KA-BLRU-2025-000086,PRAKRUTHI PACKAGING INDUSTRIES,,"No 259, Industrial Layout, Kalyan Nagar, Bangalore Urban, KA - 560043",Bengaluru Urban,560043,29,Composition,2025-09-15,Active,PAN_48CB936EB630942B,,GST-KA-BLRU-2025-000086,ENT-00116
GST-KA-BLRU-2019-000087,Prakruthi Electronics Industries,,"No 121, Shed 3rd Phase, Bannerghatta Road, Bangalore Urban, KA - 560076",Bengaluru Urban,560076,29,SEZ Unit,2019-05-24,Cancelled,,,GST-KA-BLRU-2019-000087,ENT-00118
GST-KA-BLRU-2017-000088,Ravi Solutions,M/S RAVI SOLUTIONS,"#122, 1st Crs, Koramangala, Bangalore Urban, KA - 560034",Bengaluru Urban,560034,29,Casual Taxable Person,2017-06-08,Cancelled,,,GST-KA-BLRU-2017-000088,ENT-00119
GST-KA-BLRR-2022-000089,Aarohi Medical Works,Aarohi Medical Works,"281, A 3rd Phase, Devanahalli, Bangalore Rural, KA - 562110",Bengaluru Rural,562110,29,Regular,2022-04-15,Active,PAN_3426BF4E10BA99AA,,GST-KA-BLRR-2022-000089,ENT-00120
GST-KA-BLRU-2020-000090,M/S Sree Clini Industries,SREE CLINIC INDUSTRIES,"No. 36, Sector, HSR Layout, Bangalore Urban, KA - 560102",Bengaluru Urban,560102,29,SEZ Unit,2020-09-19,Suspended,PAN_994EE32A438CF116,,GST-KA-BLRU-2020-000090,ENT-00121
GST-KA-BLRU-2017-000091,Nisarga Industrial Co,NISARGA INDUSTRIAL CO,"#194, A Behind Metro, Hebbal, B'luru Urban, K'taka - 560024",Bengaluru Urban,560024,29,Casual Taxable Person,2017-12-05,Suspended,,,GST-KA-BLRU-2017-000091,ENT-00123
GST-KA-BLRU-2025-000092,Navya Snacks Industries,Navya Snacks Industries,"No. 87, Plot 2nd Main, Electronic City, B'luru Urban, K'taka - 560100",Bengaluru Urban,560100,29,Casual Taxable Person,2025-11-04,Active,PAN_A783B6C9AF59A03B,,GST-KA-BLRU-2025-000092,ENT-00125
GST-KA-MYS-2021-000093,SAHANA GARMENTS COMPANY,SAHANA GARMENTS COMPANY,"No 98, D Extension, Nanjangud Road, Mysuru, KA - 570018",Mysuru,570018,29,SEZ Unit,2021-12-28,Cancelled,,,GST-KA-MYS-2021-000093,ENT-00126
GST-KA-MYS-2025-000094,Omkar Graphics Industries,Omkar Grahics Industries,"No 160, A Extension, Hebbal Indl Area, Mysuru, K'taka - 570016",Mysuru,570016,29,Casual Taxable Person,2025-12-29,Active,PAN_CA44E0E20A38F7EF,,GST-KA-MYS-2025-000094,ENT-00127
GST-KA-BLRR-2018-000095,M/S Srinidhi Co,,"#144, 3rd Phase, Devanahalli, Bangalore Rural, KA",Bengaluru Rural,562110,29,Casual Taxable Person,2018-09-13,Active,PAN_0A46A85D32D542DE,GSTIN_4592BB43E41854D8,GST-KA-BLRR-2018-000095,ENT-00128
GST-KA-BLRU-2021-000096,M/S Sri Devices LLP,,"No. 2, A Sector, Kalyan Nagar, B'luru Urban, KA - 560043",Bengaluru Urban,560043,29,Regular,2021-11-22,Active,,,GST-KA-BLRU-2021-000096,ENT-00129
GST-KA-BLRU-2021-000097,Kaveri Cargo Solutions,Kaveri Cargo Solutions,"#1, 2nd Main, Peenya Industrial Area, B'luru Urban, K'taka - 560058",Bengaluru Urban,560058,29,Composition,2021-07-16,Cancelled,,,GST-KA-BLRU-2021-000097,ENT-00130
GST-KA-BLRR-2022-000098,Sri Kitchen Enterprises,Sri Kitchen nterprises,"No. 128, A Extension, Hoskote, Bengaluru Rural, KA - 562114",Bengaluru Rural,562114,29,Composition,2022-11-22,Suspended,,,GST-KA-BLRR-2022-000098,ENT-00132
GST-KA-MYS-2019-000099,M/S Sri Moulding Works,,"257, B Service Road, Devaraja Mohalla, Mysuru, K'taka - 570001",Mysuru,570001,29,Composition,2019-09-04,Cancelled,,,GST-KA-MYS-2019-000099,ENT-00133
GST-KA-BLRU-2017-000100,M/S Udupi Logistics Company,Udupi Logistics Company,"No. 271, Near Bus Stop, Kalyan Nagar, Bangalore Urban, Karnataka - 560043",Bengaluru Urban,560043,29,SEZ Unit,2017-10-21,Suspended,PAN_AD937F80922F34C9,GSTIN_8A4FC6F01E6DEE61,GST-KA-BLRU-2017-000100,ENT-00134
GST-KA-BLRR-2017-000101,M/S Kaveri Textiles Enterprises,M/S Kaveri Textiles Entp,"282, D 3rd Phase, Devanahalli, B'luru Rural, KA - 562110",Bengaluru Rural,562110,29,Composition,2017-04-06,Active,PAN_23C81105E0EECC7E,,GST-KA-BLRR-2017-000101,ENT-00135
GST-KA-BLRU-2015-000102,Aarohi Bakery Industries,,"#294, D Extension, Yelahanka, Bangalore Urban, K'taka - 560064",Bengaluru Urban,560064,29,Composition,2015-01-09,Suspended,PAN_A883E527E0C56927,GSTIN_FFAABB21D4D2FDD2,GST-KA-BLRU-2015-000102,ENT-00136
GST-KA-BLRU-2024-000103,OMKAR AGRO CO,M/S OMKAR AGRO CO,"#138, 1st Crs, Electronic City, Bangalore Urban, KA - 560100",Bengaluru Urban,560100,29,Composition,2024-04-14,Cancelled,PAN_02F50B1E99975C3B,GSTIN_32A53961B54C9C79,GST-KA-BLRU-2024-000103,ENT-00137
GST-KA-MYS-2017-000104,MEGHANA MEALS INDUSTRIES,,"#244, B 1st Cross, Devaraja Mohalla, Mysuru, KA - 570001",Mysuru,570001,29,Composition,2017-07-24,Active,,,GST-KA-MYS-2017-000104,ENT-00138
GST-KA-MYS-2018-000105,M/S NISARGA PCKAGING TRADERS,NISARGA PACKAGING TRADERS,"No. 249, Shed Industrial Layout, Devaraja Mohalla, Mysuru, K'taka - 570001",Mysuru,570001,29,SEZ Unit,2018-04-06,Cancelled,PAN_9242B1A8BB94D8E6,GSTIN_29D9D9B3327F96E0,GST-KA-MYS-2018-000105,ENT-00141
GST-KA-BLRU-2017-000106,Siddhi Pvt.Ltd.,Siddhi,"#57, Shed 1st Crs, Jayanagar, Bengaluru Urban, Karnataka - 560078",Bengaluru Urban,560078,29,SEZ Unit,2017-08-20,Cancelled,PAN_E7BA1C541B523007,GSTIN_28F1CEE0CCF48D1F,GST-KA-BLRU-2017-000106,ENT-00143
GST-KA-BLRU-2025-000107,VARUN MEALS SOLUTIONS,M/S VARUN MEALS SOLUTIONS,"No 50, Plot Industrial Layout, Yelahanka, B'luru Urban, Karnataka - 560064",Bengaluru Urban,560064,29,Composition,2025-09-22,Active,PAN_247DB6AE9D64D8F1,GSTIN_007585AF69F4BF3E,GST-KA-BLRU-2025-000107,ENT-00144
GST-KA-BLRU-2019-000108,VEDA WORKS,M/S Veda Works,"No. 37, C Sector, Bannerghatta Road, Bangalore Urban, Karnataka - 560076",Bengaluru Urban,560076,29,Composition,2019-02-09,Suspended,PAN_AFC8094B4CA9D821,,GST-KA-BLRU-2019-000108,ENT-00145
GST-KA-BLRU-2025-000109,Udupi Circuits LLP,,"#155, Behind Metro, Kalyan Nagar, B'luru Urban, KA - 560043",Bengaluru Urban,560043,29,Casual Taxable Person,2025-05-06,Active,,,GST-KA-BLRU-2025-000109,ENT-00146
GST-KA-MYS-2023-000110,Siddhi Supply LLP,,"No. 21, 2nd Main, Hebbal Indl Area, Mysuru, K'taka",Mysuru,570016,29,SEZ Unit,2023-10-24,Active,PAN_5B7DDE661287A0E4,,GST-KA-MYS-2023-000110,ENT-00147
GST-KA-BLRU-2024-000111,M/S Vijya Tools Solutions,Vijaya Tools Solutions,"219, Plot Sector, Banashankari, B'luru Urban, Karnataka",Bengaluru Urban,560085,29,SEZ Unit,2024-02-21,Active,PAN_2A326CE9B95887B7,,GST-KA-BLRU-2024-000111,ENT-00148
GST-KA-BLRU-2023-000112,M/S UDUPI PHARMA WORKS,M/S Udupi Pharma Works,"No 293, Plot Service Road, Whitefield Main Rd, Bengaluru Urban, K'taka - 560066",Bengaluru Urban,560066,29,Regular,2023-01-25,Active,PAN_90EA63FC67D743F0,GSTIN_42BC7850B1CC5F62,GST-KA-BLRU-2023-000112,ENT-00149
GST-KA-MYS-2021-000113,Bangalore Company,M/S BANGALORE CO,"No 129, C 1st Crs, Devaraja Mohalla, Mysuru, K'taka - 570001",Mysuru,570001,29,Composition,2021-06-12,Cancelled,,,GST-KA-MYS-2021-000113,ENT-00150
GST-KA-BLRR-2015-000114,Lakshmi Graphics Solutions,,"No 176, A Extension, Hoskote, B'luru Rural, KA - 562114",Bengaluru Rural,562114,29,Casual Taxable Person,2015-10-31,Cancelled,PAN_E0145D13004EEF42,GSTIN_A70451773FBA83C8,GST-KA-BLRR-2015-000114,ENT-00151
GST-KA-BLRU-2016-000115,Meghana Machining Works,Meghana Machining Works,"#182, B Main Road, Whitefield Main Road, Bengaluru Urban, K'taka - 560066",Bengaluru Urban,560066,29,Regular,2016-07-14,Cancelled,PAN_0192D2CF32EDE07B,GSTIN_165B67D7C09F2F11,GST-KA-BLRU-2016-000115,ENT-00152
GST-KA-BLRU-2016-000116,Sahana Kitchen Solutions,,"No. 223, B Industrial Layout, Peenya Industrial Estate, Bengaluru Urban, K'taka - 560058",Bengaluru Urban,560043,29,SEZ Unit,2016-09-15,Suspended,PAN_940AFB831AD7678B,GSTIN_769BF5CF37091846,GST-KA-BLRU-2016-000116,ENT-00153
GST-KA-BLRU-2015-000117,Navya Trans Co,,"106, A 1st Cross, Kalyan Nagar, Bengaluru Urban, KA - 560043",Bengaluru Urban,560043,29,SEZ Unit,2015-07-22,Cancelled,,,GST-KA-BLRU-2015-000117,ENT-00154
GST-KA-BLRR-2025-000118,Aditya Chem Co,,"57, C 3rd Phase, Doddaballapura, B'luru Rural, KA",Bengaluru Rural,561203,29,SEZ Unit,2025-07-26,Active,PAN_EE1E19D51BFC0853,GSTIN_CCFB376977FBAAC0,GST-KA-BLRR-2025-000118,ENT-00155
GST-KA-BLRU-2015-000119,M/S MYSORE INDUSTRIES,M/S Mysore Industries,"23, Near Bus Stop, Banashankari, Bengaluru Urban, K'taka - 560085",Bengaluru Urban,560085,29,Composition,2015-06-11,Active,PAN_F6EFF2E6DAC8C473,GSTIN_0DCC70D3FA4F33EB,GST-KA-BLRU-2015-000119,ENT-00156
GST-KA-BLRU-2018-000120,Naveen Coatings Co,Naeen Coatings Co,"No. 154, A Behind Metro, Rajajinagar Industrial Suburb, Bengaluru Urban, Karnataka - 560059",Bengaluru Urban,560059,29,Composition,2018-02-07,Cancelled,PAN_4CECF5C23824B804,GSTIN_7F5BC7ED3E39D58B,GST-KA-BLRU-2018-000120,ENT-00157
GST-KA-BLRU-2023-000121,Omkar LabsCo,OMKAR LABS CO,"No 94, Shed 3rd Phase, Bommanahalli, Bengaluru Urban, KA - 560068",Bengaluru Urban,560068,29,Regular,2023-06-05,Active,PAN_A83124CF6FFE9314,GSTIN_3657D3C65B08B549,GST-KA-BLRU-2023-000121,ENT-00158
GST-KA-TUM-2018-000122,Bangalore Machining Co,,"257, D Industrial Layout, Antharasanahalli Industrial Estate, Tumakuru, Karnataka - 572106",Tumakuru,572106,29,Regular,2018-09-22,Active,PAN_C253452455C25653,GSTIN_389B4747CEC72983,GST-KA-TUM-2018-000122,ENT-00159
GST-KA-TUM-2018-000123,Srinidhi Bites Co,,"250, Plot Main Rd, Antharasanahalli Industrial Area, Tumakuru, K'taka - 572106",Tumakuru,572106,29,SEZ Unit,2018-08-09,Active,,,GST-KA-TUM-2018-000123,ENT-00160
GST-KA-BLRU-2019-000124,BANGALORE APPARELS ENTERPRISES,BANGALORE APPARELS ENTERPRISES,"#61, D Behind Metro, Yelahanka, Bangalore Urban, Karnataka - 560064",Bengaluru Urban,560064,29,Composition,2019-01-07,Cancelled,PAN_188F0257D655F65E,,GST-KA-BLRU-2019-000124,ENT-00161
GST-KA-BLRU-2018-000125,M/S Ananya CNC LLP,Ananya CNC,"No. 279, Mn Rd, Whitefield, Bengaluru Urban, K'taka - 560037",Bengaluru Urban,560037,29,Casual Taxable Person,2018-11-27,Active,PAN_B48DAB13DA2391E4,GSTIN_B25AA9056E3DE320,GST-KA-BLRU-2018-000125,ENT-00162
GST-KA-BLRR-2020-000126,Asha Clinic Solutions,M/S Asha Clinic Solutions,"No. 231, Shed Near Bus Stop, Hoskote, B'luru Rural, K'taka - 562114",Bengaluru Rural,562114,29,SEZ Unit,2020-03-26,Suspended,PAN_4BF31E197F6C8CA4,GSTIN_560A2EA424DB741C,GST-KA-BLRR-2020-000126,ENT-00163
GST-KA-BLRU-2018-000127,Sahana Kitchen Solutions,,"No. 49, C 2nd Main, Peenya Industrial Estate, B'luru Urban, Karnataka",Bengaluru Urban,560058,29,Regular,2018-01-29,Active,,,GST-KA-BLRU-2018-000127,ENT-00164
GST-KA-BLRR-2015-000128,VARUN DINE COMPANY,,"101, A Service Road, Devanahalli, Bangalore Rural, KA - 562110",Bengaluru Rural,562110,29,Casual Taxable Person,2015-10-12,Active,PAN_7029FA0EFB74974C,,GST-KA-BLRR-2015-000128,ENT-00165
GST-KA-BLRU-2021-000129,Asha Labs Solutions,Asha Labs Solutions,"No. 94, B 3rd Phase, Hebbal, B'luru Urban, K'taka - 560024",Bengaluru Urban,560024,29,SEZ Unit,2021-10-21,Suspended,PAN_265833F26CD00F77,GSTIN_78EC02771BC73E95,GST-KA-BLRU-2021-000129,ENT-00167
GST-KA-BLRR-2023-000130,Ganesh Kitchen LLP,Ganesh Kitchen,"#166, A 3rd Phase, Devanahalli, Bengaluru Rural, K'taka - 562110",Bengaluru Rural,562110,29,SEZ Unit,2023-01-15,Active,PAN_0FFB79AD5EBE17FE,GSTIN_C17103B3F3BB5FAE,GST-KA-BLRR-2023-000130,ENT-00168
GST-KA-MYS-2025-000131,Asha Bakery Co,Asha Bakery Co,"No. 164, Shed Near Bus Stop, Devaraja Mohalla, Mysuru, Karnataka - 570001",Mysuru,570001,29,Regular,2025-10-14,Cancelled,PAN_12B94F06E81BCB0C,GSTIN_6C6D3034F7785EC9,GST-KA-MYS-2025-000131,ENT-00169
GST-KA-BLRU-2022-000132,BHARATHSPICES LLP,Bharath Spices,"172, D 2nd Main, Whitefield Mn Rd, B'luru Urban, KA - 560066",Bengaluru Urban,560066,29,Composition,2022-08-31,Active,PAN_7D7BC57C3FD1E39E,GSTIN_830ACDBF307FADDD,GST-KA-BLRU-2022-000132,ENT-00170
GST-KA-TUM-2018-000133,Vijaya Fashions Works,VIJAYA FASHIONS WORKS,"16, Shed Extension, Antharasanahalli Industrial Area, Tumakuru, Karnataka - 572106",Tumakuru,572106,29,Casual Taxable Person,2018-12-09,Active,PAN_EA6738D6060A4803,,GST-KA-TUM-2018-000133,ENT-00171
GST-KA-BLRU-2021-000134,M/S Asha Solutions,Asha Solutions,"No 145, D Mn Rd, Hebbal, B'luru Urban, KA - 560024",Bengaluru Urban,560024,29,SEZ Unit,2021-09-12,Active,PAN_7E0AFBC218C19E04,GSTIN_DB66BF7FD5F1EBE6,GST-KA-BLRU-2021-000134,ENT-00172
GST-KA-BLRU-2023-000135,Nisarga Trans Enterprises,Nisarga Trans Enterprises,"28, D Main Rd, Hebbal, Bengaluru Urban, K'taka - 560024",Bengaluru Urban,560024,29,SEZ Unit,2023-01-24,Active,PAN_6FA5D102B0802FD2,,GST-KA-BLRU-2023-000135,ENT-00173
GST-KA-BLRU-2023-000136,M/S PRAKRUTHI LLP,PRAKRUTHI,"No. 199, C Near Bus Stop, Banashankari, Bengaluru Urban, Karnataka - 560085",Bengaluru Urban,560085,29,Casual Taxable Person,2023-03-21,Cancelled,PAN_4DD2A522F0DB6ACD,,GST-KA-BLRU-2023-000136,ENT-00175
GST-KA-BLRU-2019-000137,SIDDHI WAREHOUSE SOLUTIONS,Siddhi Warehouse Solutions,"No 267, Shed 3rd Phase, HSR Layout, Bangalore Urban, Karnataka - 560102",Bengaluru Urban,560102,29,SEZ Unit,2019-07-26,Cancelled,PAN_2021D2F9EB08E2D5,,GST-KA-BLRU-2019-000137,ENT-00176
GST-KA-MYS-2022-000138,SRINIDHI HEALTH TRADERS,Srinidhi Health Taders,"#246, A 3rd Phase, Devaraja Mohalla, Mysuru, KA - 570001",Mysuru,570001,29,Regular,2022-07-15,Cancelled,PAN_952D416D1A8B6D22,GSTIN_AB07863ECBC9E6AF,GST-KA-MYS-2022-000138,ENT-00177
GST-KA-MYS-2025-000139,Kaveri Meds Associates,Kaveri Meds Associates,"No. 263, C 2nd Main, Nanjangud Road, Mysuru, KA - 570018",Mysuru,570018,29,Casual Taxable Person,2025-09-04,Active,,,GST-KA-MYS-2025-000139,ENT-00178
GST-KA-MYS-2021-000140,Sree Associates,Sree Associates,"#100, D Behind Metro, Nanjangud Road, Mysuru, K'taka - 570018",Mysuru,570018,29,Casual Taxable Person,2021-10-29,Suspended,PAN_443548D4FCAC7E34,GSTIN_41D7D746C621CE75,GST-KA-MYS-2021-000140,ENT-00179
GST-KA-MYS-2023-000141,M/S VARUN INDUSTRIAL ASSOCIATES,Varun Industrial Associates,"#6, Shed Sector, Nanjangud Road, Mysuru, K'taka - 570018",Mysuru,570018,29,Regular,2023-01-26,Suspended,PAN_DEACB0B71AC5AC17,GSTIN_37D541549F79EC13,GST-KA-MYS-2023-000141,ENT-00180
GST-KA-BLRU-2024-000142,SRI PVT LTD,,"207, Plot 1st Crs, HSR Layout, Bangalore Urban, K'taka - 560102",Bengaluru Urban,560102,29,Regular,2024-12-11,Cancelled,PAN_26E0A43E9CA80BBE,GSTIN_F448A92D3089D6A0,GST-KA-BLRU-2024-000142,ENT-00182
GST-KA-BLRU-2021-000143,Varun Components LLP,,"221, B Behind Metro, Whitefield Main Road, Bangalore Urban, KA - 560066",Bengaluru Urban,560066,29,Casual Taxable Person,2021-04-10,Active,PAN_556CEA8023E9B203,GSTIN_B4E488A204BE9D5C,GST-KA-BLRU-2021-000143,ENT-00184
GST-KA-BLRU-2025-000144,LAKSHMI SOLVENTS COMPANY,Lakshmi Solvents Company,"278, Extension, BTM Layout, Bengaluru Urban, K'taka - 560029",Bengaluru Urban,560029,29,Regular,2025-10-13,Active,PAN_068348B7FFFBEC72,,GST-KA-BLRU-2025-000144,ENT-00188
GST-KA-BLRU-2020-000145,M/S SAHANA APPARELS CO,,"#233, D Behind Metro, Whitefield, Bangalore Urban, Karnataka - 560037",Bengaluru Urban,560037,29,Casual Taxable Person,2020-11-30,Active,PAN_82BF0A28E48531E5,GSTIN_4B2BED23B3F6EB55,GST-KA-BLRU-2020-000145,ENT-00189
GST-KA-BLRU-2020-000146,Navya Solvents Pvt Ltd,NAVYA SOLVENTS,"No 105, B Service Road, Rajajinagar Industrial Suburb, Bengaluru Urban, Karnataka - 560059",Bengaluru Urban,560059,29,Composition,2020-05-26,Cancelled,PAN_BA965A612193B3F3,GSTIN_B507AFC6DD5E4ACD,GST-KA-BLRU-2020-000146,ENT-00192
GST-KA-BLRU-2019-000147,M/S Meghana Polymers Associates,M/S MEGHANA POLYMERS ASSOCIATES,"197, Shed Industrial Layout, Banashankari, B'luru Urban, Karnataka - 560085",Bengaluru Urban,560085,29,Composition,2019-03-31,Active,,,GST-KA-BLRU-2019-000147,ENT-00193
GST-KA-BLRU-2015-000148,Nisarga Trans Works,,"No. 142, A Service Road, Whitefield Main Rd, B'luru Urban, Karnataka - 560066",Bengaluru Urban,560029,29,SEZ Unit,2015-06-07,Suspended,PAN_19E3602EC3E7F9DD,GSTIN_A275A236525E87C0,GST-KA-BLRU-2015-000148,ENT-00194
GST-KA-BLRU-2022-000149,MEGHANA MOULDING INDUSTRIES,,"26, B Extension, Peenya Industrial Area, B'luru Urban, K'taka - 560058",Bengaluru Urban,560058,29,Casual Taxable Person,2022-01-25,Active,,,GST-KA-BLRU-2022-000149,ENT-00195
GST-KA-BLRU-2022-000150,Sri Foods Company,Sri Foods Co,"No 116, B Extension, Electronic City, Bengaluru Urban, K'taka - 560100",Bengaluru Urban,560100,29,Regular,2022-04-24,Suspended,PAN_5A084B2D7EF42452,GSTIN_66BB558DEFC53F1C,GST-KA-BLRU-2022-000150,ENT-00196
GST-KA-BLRU-2020-000151,PRAKRUTHI BITES COMPANY,M/S Prakruthi Bites Company,"31, A Behind Metro, Bommanahalli, B'luru Urban, Karnataka - 560068",Bengaluru Urban,560068,29,Casual Taxable Person,2020-06-24,Active,PAN_31DE7007C23C8D02,GSTIN_8CF36EEFA70284B0,GST-KA-BLRU-2020-000151,ENT-00197
GST-KA-BLRU-2020-000152,Kaveri Bakery LLP,,"#17, B Industrial Layout, Rajajinagar Industrial Suburb, Bengaluru Urban, K'taka - 560059",Bengaluru Urban,560059,29,Casual Taxable Person,2020-11-16,Active,PAN_24B8B450EBF0B685,GSTIN_07E7908BE95AAFBE,GST-KA-BLRU-2020-000152,ENT-00198
GST-KA-BLRR-2025-000153,Uupi Electronics LLP,Udupi Electronics,"No 192, C Industrial Layout, Devanahalli, B'luru Rural, Karnataka - 562110",Bengaluru Rural,562110,29,SEZ Unit,2025-02-11,Active,PAN_18ED267DC38F0CDD,,GST-KA-BLRR-2025-000153,ENT-00199
GST-KA-BLRR-2022-000154,M/S SRI MOULDING WORKS,SRI MOULDING WORKS,"No 256, Plot Extension, Bagalur, Bengaluru Rural, K'taka - 562157",Bengaluru Rural,562157,29,Regular,2022-05-30,Cancelled,PAN_BE42AD4FEE81560A,GSTIN_94AD8B47A12A9F0A,GST-KA-BLRR-2022-000154,ENT-00200
GST-KA-MYS-2018-000155,Hrsha Meals Associates,Harsha Meals Associates,"No 175, B 3rd Phase, Nanjangud Road, Mysuru, KA - 570018",Mysuru,570018,29,SEZ Unit,2018-05-10,Suspended,PAN_84E96C5B26EBCAAA,,GST-KA-MYS-2018-000155,ENT-00201
GST-KA-BLRU-2020-000156,M/S Veda Agro Co,M/S Veda Agro Co,"No 125, B Extension, Rajajinagar Industrial Suburb, B'luru Urban, Karnataka - 560059",Bengaluru Urban,560059,29,Casual Taxable Person,2020-06-13,Suspended,PAN_359BBEA1FD8C7255,GSTIN_8D0ABEA5F0A9CE51,GST-KA-BLRU-2020-000156,ENT-00202
GST-KA-BLRU-2022-000157,Nisarga Clinic LLP,Nisarga Clinic,"No 274, Shed Industrial Layout, Bommanahalli, Bengaluru Urban, Karnataka - 560068",Bengaluru Urban,560068,29,SEZ Unit,2022-04-25,Cancelled,,GSTIN_A9E08D0BBB6A8FB3,GST-KA-BLRU-2022-000157,ENT-00204
GST-KA-BLRR-2022-000158,Veda Associates,,"No. 85, A Extension, Bagalur, B'luru Rural, K'taka - 562157",Bengaluru Rural,562157,29,Casual Taxable Person,2022-05-13,Cancelled,,,GST-KA-BLRR-2022-000158,ENT-00206
GST-KA-BLRU-2022-000159,M/S Deccan Coatings Associates,,"59, Plot Behind Metro, HSR Layout, Bangalore Urban, Karnataka - 560102",Bengaluru Urban,560102,29,Regular,2022-08-17,Cancelled,,,GST-KA-BLRU-2022-000159,ENT-00207
GST-KA-MYS-2020-000160,Sahana Warehouse Traders,Sahana Warehouse Traders,"88, Industrial Layout, Devaraja Mohalla, Mysuru, K'taka - 570001",Mysuru,570001,29,Regular,2020-11-02,Cancelled,PAN_89BE03B357BCA9D1,,GST-KA-MYS-2020-000160,ENT-00208
GST-KA-BLRU-2020-000161,Lakshmi Elec LLP,Lakshmi Electronics,"No. 1, C Mn Rd, Hebbal, B'luru Urban, Karnataka - 560024",Bengaluru Urban,560024,29,Composition,2020-12-13,Suspended,PAN_738953493A0FA497,GSTIN_D4B3E439A104BF10,GST-KA-BLRU-2020-000161,ENT-00210
GST-KA-TUM-2025-000162,M/S Udupi Systems Traders,M/S Udupi Systems Traders,"203, Mn Rd, BH Road, Tumakuru, KA - 572101",Tumakuru,572101,29,SEZ Unit,2025-05-15,Active,PAN_FC237A66E9A54724,GSTIN_4D8FA532B83EBD54,GST-KA-TUM-2025-000162,ENT-00211
GST-KA-BLRU-2017-000163,Ravi Textiles Company,M/S Ravi Textiles Company,"296, D 2nd Main, Hebbal, Bengaluru Urban, K'taka - 560024",Bengaluru Urban,560024,29,Regular,2017-06-03,Cancelled,PAN_EABDF04960E6B9C4,,GST-KA-BLRU-2017-000163,ENT-00212
GST-KA-BLRU-2019-000164,Bangalore Snacks LLP,M/S Bangalore Snacks,"No. 244, B Main Rd, Jayanagar, Bengaluru Urban, K'taka - 560078",Bengaluru Urban,560078,29,Regular,2019-01-08,Active,PAN_8B7F46C3150F7A0E,GSTIN_839A890302F9CC5D,GST-KA-BLRU-2019-000164,ENT-00213
GST-KA-BLRU-2015-000165,M/S Srinidhi Works,SRINIDH WORKS,"7, D Sector, Kalyan Nagar, B'luru Urban, K'taka - 560043",Bengaluru Urban,560043,29,Composition,2015-09-18,Active,PAN_FF3C398237D0F294,GSTIN_9C2B344644741C14,GST-KA-BLRU-2015-000165,ENT-00214
GST-KA-BLRU-2024-000166,Ananya Resins Industries,Ananya Resins Industres,"#53, D Service Road, Yelahanka, Bengaluru Urban, Karnataka - 560064",Bengaluru Urban,560064,29,SEZ Unit,2024-05-13,Cancelled,PAN_B49090A1574D2902,GSTIN_E5B0444A3946F106,GST-KA-BLRU-2024-000166,ENT-00215
GST-KA-MYS-2024-000167,Veda Cafe Industries,Veda Cafe Inds,"No. 284, Plot 3rd Phase, Hebbal Industrial Area, Mysuru, K'taka - 570016",Mysuru,570016,29,Casual Taxable Person,2024-06-08,Active,PAN_0B9ABCD880D1835B,GSTIN_EB999A0920C59759,GST-KA-MYS-2024-000167,ENT-00216
GST-KA-BLRU-2015-000168,Siddhi Industries,,"No 135, Near Bus Stop, BTM Layout, Bengaluru Urban, K'taka - 560029",Bengaluru Urban,560029,29,Composition,2015-04-23,Suspended,PAN_B5A69475EBF0A3B0,GSTIN_A8B56184C955B260,GST-KA-BLRU-2015-000168,ENT-00217
GST-KA-BLRU-2016-000169,ANANYA ELECTRONICS CO,Ananya Electronics Co,"292, Main Rd, BTM Layout, Bangalore Urban, K'taka - 560029",Bengaluru Urban,560029,29,Composition,2016-06-26,Cancelled,PAN_3639AC227DB5FAF1,GSTIN_83DB68A080A1D4A6,GST-KA-BLRU-2016-000169,ENT-00218
GST-KA-BLRR-2017-000170,Navya Precision Traders,Navya Precision Traders,"#13, Plot Extension, Bagalur, B'luru Rural, Karnataka - 562157",Bengaluru Rural,562157,29,Regular,2017-02-21,Active,,,GST-KA-BLRR-2017-000170,ENT-00219
GST-KA-BLRU-2018-000171,ANANYA ASSOCIATES,Ananya Associates,"#171, Shed Industrial Layout, Hebbal, Bengaluru Urban, KA - 560024",Bengaluru Urban,560024,29,SEZ Unit,2018-09-06,Cancelled,,,GST-KA-BLRU-2018-000171,ENT-00220
GST-KA-BLRU-2024-000172,Lakshmi Works,,"No. 72, 2nd Main, Banashankari, Bengaluru Urban, KA - 560085",Bengaluru Urban,560085,29,Casual Taxable Person,2024-03-05,Active,PAN_B8D224DC7798B19F,GSTIN_05CB7EE648B8D6C7,GST-KA-BLRU-2024-000172,ENT-00221
GST-KA-BLRU-2015-000173,Ganesh Cafe Company,Ganesh Cafe Company,"No 104, Extension, Hebbal, Bengaluru Urban, K'taka - 560024",Bengaluru Urban,560024,29,Casual Taxable Person,2015-08-23,Active,PAN_7984CE75DDD7FA9D,GSTIN_D424C60A9290718F,GST-KA-BLRU-2015-000173,ENT-00222
GST-KA-BLRU-2024-000174,M/S Ravi Logistics Solutions,RAVI LOGISTICS SOLUTIONS,"228, C Industrial Layout, Bannerghatta Road, Bengaluru Urban, KA - 560076",Bengaluru Urban,560076,29,Casual Taxable Person,2024-08-05,Active,,,GST-KA-BLRU-2024-000174,ENT-00224
GST-KA-BLRU-2017-000175,M/S Asha Enterprises,Asha Enterprises,"No 274, B 2nd Main, Whitefield, Bangalore Urban, K'taka - 560037",Bengaluru Urban,560037,29,Composition,2017-05-03,Suspended,PAN_32F5D854777CE257,,GST-KA-BLRU-2017-000175,ENT-00225
GST-KA-BLRU-2016-000176,Sree Toos LLP,SREE TOOLS,"No 245, Mn Rd, Whitefield Mn Rd, B'luru Urban, K'taka - 560066",Bengaluru Urban,560064,29,Regular,2016-11-22,Active,PAN_2D9B0A600CB57046,GSTIN_47A4BB2AE7580D53,GST-KA-BLRU-2016-000176,ENT-00226
GST-KA-BLRU-2023-000177,Harsha LLP,,"No 77, Shed Industrial Layout, Koramangala, B'luru Urban, KA - 560034",Bengaluru Urban,560034,29,Casual Taxable Person,2023-03-10,Active,PAN_33D024FFE853BC47,,GST-KA-BLRU-2023-000177,ENT-00227
GST-KA-BLRU-2020-000178,Kaveri Print Company,Kaveri Prin Company,"No 254, 1st Cr, Rajajinagar Industrial Suburb, Bangalore Urban, K'taka - 560059",Bengaluru Urban,560059,29,Composition,2020-06-06,Cancelled,PAN_60A912FAABF10F02,,GST-KA-BLRU-2020-000178,ENT-00228
GST-KA-TUM-2017-000179,Veda LLP,,"No 243, Plot 3rd Phase, BH Road, Tumakuru, KA - 572101",Tumakuru,572101,29,SEZ Unit,2017-09-23,Active,PAN_683001A870C92F4E,GSTIN_F61B7698CC768FAA,GST-KA-TUM-2017-000179,ENT-00231
GST-KA-BLRR-2021-000180,M/S Aditya Tech Enterprises,Aditya Tech Entp,"No 150, C 1st Cr, Bagalur, B'luru Rural, KA - 562157",Bengaluru Rural,562157,29,SEZ Unit,2021-12-02,Active,,,GST-KA-BLRR-2021-000180,ENT-00232
GST-KA-MYS-2023-000181,Srinidhi Traders,Srinidh Traders,"#268, Shed Extension, Hebbal Industrial Area, Mysuru, K'taka - 570016",Mysuru,570016,29,Composition,2023-01-07,Suspended,PAN_144B2AE572B63DB3,GSTIN_14252400B96E6E4F,GST-KA-MYS-2023-000181,ENT-00233
GST-KA-BLRU-2025-000182,M/S Prakruthi Biryani Solutions,Prakruthi Biryani Solutions,"No. 202, B Behind Metro, Yelahanka, Bangalore Urban, KA - 560064",Bengaluru Urban,560064,29,Casual Taxable Person,2025-08-20,Active,PAN_E4DEE4B385129038,GSTIN_5E35136DA83447D1,GST-KA-BLRU-2025-000182,ENT-00234
GST-KA-BLRU-2024-000183,Sahana Industries,Sahana Industries,"#149, B Main Rd, Bannerghatta Road, Bengaluru Urban, K'taka - 560076",Bengaluru Urban,560076,29,SEZ Unit,2024-04-22,Active,PAN_8714F7C507582EA6,GSTIN_18133BB07F6F59F4,GST-KA-BLRU-2024-000183,ENT-00235
GST-KA-BLRU-2022-000184,BHARATH CARGO PVT LTD,Bharath Cargo,"No 196, B Service Road, Koramangala, Bangalore Urban, Karnataka - 560034",Bengaluru Urban,560034,29,Casual Taxable Person,2022-08-16,Cancelled,,,GST-KA-BLRU-2022-000184,ENT-00236
GST-KA-BLRU-2024-000185,SHARMA PRINT ENTERPRISES,Sharma Print Enterprises,"No. 221, B Near Bus Stop, Banashankari, B'luru Urban, Karnataka - 560085",Bengaluru Urban,560085,29,Regular,2024-05-12,Active,,,GST-KA-BLRU-2024-000185,ENT-00237
GST-KA-BLRU-2021-000186,Kaveri Components Entp,KAVERI COMPONENTS ENTP,"#221, B Extension, Jayanagar, Bengaluru Urban, KA - 560078",Bengaluru Urban,560078,29,Casual Taxable Person,2021-06-28,Active,,,GST-KA-BLRU-2021-000186,ENT-00238
GST-KA-TUM-2022-000187,Aditya Labels Entp,ADITYA LABELS ENTERPRISES,"#296, Shed Behind Metro, BH Road, Tumakuru, Karnataka - 572101",Tumakuru,572101,29,Casual Taxable Person,2022-04-05,Active,,,GST-KA-TUM-2022-000187,ENT-00239
GST-KA-MYS-2015-000188,M/S Sahana Industries Co,M/S Sahana Industries Co,"299, Main Road, Nanjangud Road, Mysuru, Karnataka - 570018",Mysuru,570018,29,Casual Taxable Person,2015-03-07,Active,,GSTIN_0CF374A1AB8DE340,GST-KA-MYS-2015-000188,ENT-00240
GST-KA-BLRU-2025-000189,M/S Mysore Biryani Associates,,"No. 96, D 2nd Main, Whitefield Main Rd, Bangalore Urban, K'taka - 560066",Bengaluru Urban,560066,29,Regular,2025-04-04,Active,PAN_16C15F0E7DD2714D,GSTIN_B7D0C5B514E96A62,GST-KA-BLRU-2025-000189,ENT-00241
GST-KA-BLRU-2020-000190,Nisarga Clinic Solutions,Nisarga Clinic Solutions,"No 136, A Main Road, BTM Layout, Bangalore Urban, KA - 560029",Bengaluru Urban,560029,29,Casual Taxable Person,2020-03-16,Cancelled,,,GST-KA-BLRU-2020-000190,ENT-00242
GST-KA-BLRU-2017-000191,SHARMA MOULDING INDUSTRIES,Sharma Moulding Industries,"#106, C Extension, MG Road, Bangalore Urban, KA - 560001",Bengaluru Urban,560029,29,Composition,2017-12-29,Suspended,PAN_204F0D5092A8347D,GSTIN_57E7E5251FF179EF,GST-KA-BLRU-2017-000191,ENT-00243
GST-KA-BLRU-2020-000192,NAVEEN LLP,Naveen,"#214, Plot 3rd Phase, Rajajinagar Industrial Suburb, Bengaluru Urban, K'taka - 560059",Bengaluru Urban,560059,29,Composition,2020-08-08,Suspended,,,GST-KA-BLRU-2020-000192,ENT-00244
GST-KA-BLRR-2022-000193,Sharma Coatings Pvt Ltd,SHARMA COATINGS,"No. 200, D Behind Metro, Bagalur, B'luru Rural, Karnataka - 562157",Bengaluru Rural,562157,29,SEZ Unit,2022-11-28,Suspended,,,GST-KA-BLRR-2022-000193,ENT-00245
GST-KA-BLRU-2025-000194,M/S Ananya Labs Enterprises,,"11, C Near Bus Stop, Banashankari, B'luru Urban, K'taka - 560085",Bengaluru Urban,560085,29,Regular,2025-07-22,Cancelled,PAN_007EEE6A7361AC72,GSTIN_0ACDED13D63CA460,GST-KA-BLRU-2025-000194,ENT-00246
GST-KA-BLRR-2025-000195,Kaveri Associates,Kaveri Associates,"No 12, B Sector, Devanahalli, B'luru Rural, K'taka - 562110",Bengaluru Rural,562110,29,Composition,2025-03-28,Active,PAN_ECAA29CD4AF7D75C,GSTIN_FA7564FF5CAF8A2C,GST-KA-BLRR-2025-000195,ENT-00247
GST-KA-BLRU-2020-000196,Veda Precision Company,VEDA PRECISION COMPANY,"#268, D 1st Cross, Peenya Industrial Area, Bangalore Urban, KA - 560058",Bengaluru Urban,560058,29,SEZ Unit,2020-09-29,Suspended,PAN_B74F2C0A5BD8CC00,GSTIN_FB130C3561A751D6,GST-KA-BLRU-2020-000196,ENT-00248
GST-KA-BLRU-2016-000197,DECCAN PRECISION CO,Deccan Precision Co,"No 182, C Service Road, Whitefield Main Road, Bangalore Urban, Karnataka - 560066",Bengaluru Urban,560066,29,Casual Taxable Person,2016-01-23,Active,,,GST-KA-BLRU-2016-000197,ENT-00249
GST-KA-BLRU-2019-000198,Aarohi Graphics Solutions,,"No. 103, C 3rd Phase, Yelahanka, Bengaluru Urban, K'taka - 560064",Bengaluru Urban,560064,29,Composition,2019-10-28,Active,PAN_D8F6EEA1263F3207,GSTIN_1D367BAFA59215BC,GST-KA-BLRU-2019-000198,ENT-00250
GST-KA-BLRU-2018-000199,M/S Prakruthi Clinic Pvt Ltd,M/S PRAKRUTHI CLINIC,"No. 125, B Behind Metro, HSR Layout, B'luru Urban, K'taka - 560102",Bengaluru Urban,560102,29,SEZ Unit,2018-12-01,Active,PAN_DAC57B21120137A3,,GST-KA-BLRU-2018-000199,ENT-00251
GST-KA-BLRU-2025-000200,M/S Sree Pharma Pvt Ltd,Sree Pharma,"No 275, B 3rd Phase, Bommanahalli, B'luru Urban, KA - 560068",Bengaluru Urban,560068,29,Casual Taxable Person,2025-06-25,Active,PAN_A12F2782E8476B91,,GST-KA-BLRU-2025-000200,ENT-00252
GST-KA-BLRR-2025-000201,Bangalore LLP,Bangalore,"#227, A Service Road, Doddaballapura, Bengaluru Rural, Karnataka - 561203",Bengaluru Rural,561203,29,Regular,2025-01-16,Active,PAN_6B9DF9DD3956D061,,GST-KA-BLRR-2025-000201,ENT-00253
GST-KA-MYS-2019-000202,M/S Srinidhi LLP,Srinidhi,"267, Shed Near Bus Stop, Hebbal Industrial Estate, Mysuru, KA - 570016",Mysuru,570016,29,Casual Taxable Person,2019-04-29,Suspended,,,GST-KA-MYS-2019-000202,ENT-00254
GST-KA-BLRU-2024-000203,Sharma LLP,Sharma,"No. 190, Plot Industrial Layout, Peenya Indl Area, B'luru Urban, KA - 560058",Bengaluru Urban,560058,29,SEZ Unit,2024-05-14,Suspended,PAN_116522B408A1CA95,GSTIN_5FA703E466891DB8,GST-KA-BLRU-2024-000203,ENT-00255
GST-KA-BLRU-2024-000204,Vijaya Industries Works,VIJAYA INDUSTRIES WORKS,"#15, Shed 3rd Phase, Jayanagar, Bangalore Urban, Karnataka - 560078",Bengaluru Urban,560078,29,SEZ Unit,2024-03-09,Suspended,PAN_C7CA821D673ADC5F,,GST-KA-BLRU-2024-000204,ENT-00258
GST-KA-BLRU-2019-000205,Siddhi Packaging Enterprises,Siddhi Packaging Entp,"No 180, Plot Main Rd, Whitefield Main Rd, B'luru Urban, KA - 560066",Bengaluru Urban,560066,29,Composition,2019-08-20,Cancelled,,,GST-KA-BLRU-2019-000205,ENT-00260
GST-KA-BLRU-2018-000206,M/S Veda Print Enterprises,VEDA PRINT ENTERPRISES,"No 4, B Near Bus Stop, BTM Layout, Bengaluru Urban, Karnataka - 560029",Bengaluru Urban,560029,29,Regular,2018-10-03,Suspended,PAN_886A4A6F0D259404,GSTIN_2E301C8AE1604718,GST-KA-BLRU-2018-000206,ENT-00261
GST-KA-MYS-2021-000207,Aditya Polymers Associates,Aditya Polymers Associates,"No 95, Plot Main Road, Devaraja Mohalla, Mysuru, K'taka - 570001",Mysuru,570001,29,Composition,2021-12-04,Active,PAN_C84986319AF8A1A5,GSTIN_1AB7459A556312B2,GST-KA-MYS-2021-000207,ENT-00263
GST-KA-BLRU-2017-000208,Veda Coatings Solutions,Veda Coatings Solutions,"22, D 2nd Main, Whitefield Main Road, Bengaluru Urban, Karnataka - 560066",Bengaluru Urban,560066,29,Composition,2017-10-12,Active,PAN_01C507A5A7DC2335,,GST-KA-BLRU-2017-000208,ENT-00264
GST-KA-BLRU-2015-000209,M/S Sree Print Co,Sree Print Co,"No. 106, A Behind Metro, HSR Layout, Bengaluru Urban, Karnataka - 560102",Bengaluru Urban,560102,29,SEZ Unit,2015-02-22,Suspended,PAN_B5DFDAA871F5A94D,,GST-KA-BLRU-2015-000209,ENT-00266
GST-KA-BLRR-2025-000210,M/S Harsha Meals Industries,M/S Harsha Meals Industries,"284, B Industrial Layout, Bagalur, Bengaluru Rural, KA - 562157",Bengaluru Rural,562157,29,Regular,2025-07-26,Active,PAN_EE09313F3919CA88,GSTIN_A1B934FF0EF1D183,GST-KA-BLRR-2025-000210,ENT-00267
GST-KA-BLRU-2017-000211,VIJAYA MOULDING SOLUTIONS,VIJAYA MOULDING SOLUTIONS,"No 117, Sector, Whitefield Main Road, B'luru Urban, Karnataka - 560066",Bengaluru Urban,560066,29,Casual Taxable Person,2017-12-28,Cancelled,PAN_8902244CF4335CBA,,GST-KA-BLRU-2017-000211,ENT-00268
GST-KA-BLRU-2020-000212,Nisarga Printers Pvt. Ltd.,Nisarga Printers,"No. 209, B 1st Cr, Whitefield Main Road, Bengaluru Urban, KA - 560066",Bengaluru Urban,560066,29,Casual Taxable Person,2020-10-18,Cancelled,PAN_BD3CC4878CF1AE19,,GST-KA-BLRU-2020-000212,ENT-00269
GST-KA-BLRU-2021-000213,M/S Ananya Cafe Entp,M/S Ananya Cafe Enterprises,"#244, Shed 3rd Phase, Peenya Indl Area, Bangalore Urban, K'taka - 560058",Bengaluru Urban,560058,29,Composition,2021-08-05,Suspended,PAN_5EA36CE8DC166754,GSTIN_732F51C60619B150,GST-KA-BLRU-2021-000213,ENT-00270
GST-KA-BLRU-2018-000214,Bangalore Traders,,"No. 249, A Industrial Layout, Whitefield Mn Rd, Bangalore Urban, KA - 560066",Bengaluru Urban,560066,29,Casual Taxable Person,2018-06-05,Suspended,PAN_60CD925D0E1297DD,,GST-KA-BLRU-2018-000214,ENT-00271
GST-KA-BLRU-2019-000215,M/S Ganesh Care Company,Ganesh Care Company,"#290, B 3rd Phase, Koramangala, Bengaluru Urban, Karnataka - 560034",Bengaluru Urban,560034,29,Regular,2019-01-30,Active,PAN_02557CD3CA75CE75,GSTIN_89EF8077A26C36F1,GST-KA-BLRU-2019-000215,ENT-00272
GST-KA-BLRU-2019-000216,MYSORE INDUSTRIES,Mysore Industries,"No. 8, Plot Near Bus Stop, Kalyan Nagar, Bengaluru Urban, K'taka - 560043",Bengaluru Urban,560059,29,Composition,2019-12-29,Active,PAN_B4C355BCADC69F3F,GSTIN_530AE8B3856C3455,GST-KA-BLRU-2019-000216,ENT-00273
GST-KA-BLRR-2017-000217,M/SOmkar Cafe Industries,,"289, B 3rd Phase, Hoskote, Bangalore Rural, KA - 562114",Bengaluru Rural,562114,29,Composition,2017-04-29,Active,PAN_320A87318B8E6992,GSTIN_28F383ECD483D17A,GST-KA-BLRR-2017-000217,ENT-00274
GST-KA-TUM-2018-000218,Harsa Works,Harsha Works,"No 282, D Extension, Antharasanahalli Industrial Estate, Tumakuru, KA - 572106",Tumakuru,572106,29,Composition,2018-12-05,Active,,,GST-KA-TUM-2018-000218,ENT-00275
GST-KA-BLRU-2017-000219,Omkar Mold Traders,M/S Omkar Mold Traders,"No 60, A 1st Cross, BTM Layout, Bangalore Urban, KA - 560029",Bengaluru Urban,560029,29,SEZ Unit,2017-09-11,Active,PAN_3C7D032D6079014B,,GST-KA-BLRU-2017-000219,ENT-00276
GST-KA-BLRU-2022-000220,ASHA CNC LLP,,"No 90, A Industrial Layout, Kalyan Nagar, Bangalore Urban, K'taka - 560043",Bengaluru Urban,560043,29,SEZ Unit,2022-10-19,Active,PAN_E35F91CF1E8B0DBF,GSTIN_8B4FB06493C0F325,GST-KA-BLRU-2022-000220,ENT-00278
GST-KA-BLRU-2020-000221,Varun Traders,,"No. 9, B 3rd Phase, Bannerghatta Road, Bengaluru Urban, K'taka",Bengaluru Urban,560076,29,SEZ Unit,2020-08-15,Active,PAN_77A9C3A3A627552E,,GST-KA-BLRU-2020-000221,ENT-00279
GST-KA-MYS-2022-000222,Nandi Meals Enterprses,NNDI MEALS ENTP,"47, C 3rd Phase, Hebbal Industrial Area, Mysuru, Karnataka - 570016",Mysuru,570016,29,Composition,2022-01-24,Active,PAN_D8632AFDE0961CC9,GSTIN_8FCA6BBB333F9870,GST-KA-MYS-2022-000222,ENT-00280
GST-KA-BLRR-2025-000223,NAVYA GARMENTS WORKS,,"No. 71, A Sector, Bagalur, B'luru Rural, K'taka - 562157",Bengaluru Rural,562157,29,Composition,2025-11-09,Active,PAN_1ECC745C95ED9A63,,GST-KA-BLRR-2025-000223,ENT-00281
GST-KA-MYS-2019-000224,M/S Omkar Coatings Pvt Ltd,,"#22, D Main Rd, Hebbal Indl Area, Mysuru, K'taka",Mysuru,570016,29,Casual Taxable Person,2019-01-22,Active,PAN_AF43DCE1AC1387A9,GSTIN_FD7E0A15512E04DA,GST-KA-MYS-2019-000224,ENT-00282
GST-KA-BLRU-2025-000225,ADITYA MEDS CO,M/S Aditya Meds Co,"No. 110, C Behind Metro, Hebbal, Bangalore Urban, Karnataka - 560024",Bengaluru Urban,560024,29,Composition,2025-11-28,Active,PAN_1BFB605BF7BD8035,,GST-KA-BLRU-2025-000225,ENT-00283
GST-KA-MYS-2020-000226,Prakruthi Packaging Enterprises,Prakruthi Packaging Enterprises,"No. 45, Plot Extension, Devaraja Mohalla, Mysuru, Karnataka - 570001",Mysuru,570001,29,Composition,2020-11-07,Active,,GSTIN_BD587EE3AB59DBDB,GST-KA-MYS-2020-000226,ENT-00284
GST-KA-BLRU-2018-000227,Ananya Chem Industries,Ananya Chem Inds,"No 221, B 3rd Phase, Rajajinagar Industrial Suburb, Bengaluru Urban, K'taka - 560059",Bengaluru Urban,560059,29,Casual Taxable Person,2018-04-16,Cancelled,,GSTIN_C0DEC8E9E783AE32,GST-KA-BLRU-2018-000227,ENT-00285
GST-KA-BLRU-2023-000228,Harsha Works,M/S HARSH WORKS,"274, Plot Sector, Yelahanka, B'luru Urban, Karnataka - 560064",Bengaluru Urban,560064,29,Regular,2023-07-11,Active,PAN_5084A28A7216F336,,GST-KA-BLRU-2023-000228,ENT-00286
GST-KA-BLRU-2021-000229,Prakruthi Packaging Works,M/S PRAKRUTHI PACKAGING WORKS,"No. 107, D 3rd Phase, Kalyan Nagar, Bangalore Urban, KA",Bengaluru Urban,560100,29,SEZ Unit,2021-03-22,Active,,,GST-KA-BLRU-2021-000229,ENT-00287
GST-KA-BLRU-2015-000230,Nandi Moulding Company,M/S Nandi Moulding Co,"#200, Shed Industrial Layout, Bannerghatta Road, B'luru Urban, K'taka - 560076",Bengaluru Urban,560076,29,Composition,2015-02-15,Active,,,GST-KA-BLRU-2015-000230,ENT-00288
GST-KA-BLRU-2021-000231,Aarohi Bakery Associates,Aarohi Bakery Associates,"14, Shed Behind Metro, Bannerghatta Road, Bengaluru Urban, KA - 560076",Bengaluru Urban,560076,29,SEZ Unit,2021-12-18,Cancelled,,,GST-KA-BLRU-2021-000231,ENT-00289
GST-KA-BLRU-2023-000232,M/S DECCAN TOOLS TRADERS,Deccan Tools Traders,"#214, B 2nd Main, Bommanahalli, Bengaluru Urban, Karnataka - 560068",Bengaluru Urban,560068,29,SEZ Unit,2023-08-14,Suspended,,,GST-KA-BLRU-2023-000232,ENT-00290
GST-KA-BLRR-2019-000233,Lakshmi Meds Pvt. Ltd.,M/S LAKSHMI MEDS,"No 279, Shed 1st Cr, Devanahalli, Bangalore Rural, KA - 562110",Bengaluru Rural,562110,29,Casual Taxable Person,2019-01-13,Cancelled,PAN_5D3E13DDB0BCBB69,GSTIN_0AAADD79C4584D25,GST-KA-BLRR-2019-000233,ENT-00291
GST-KA-BLRU-2016-000234,Udupi Health Works,Udupi Health Works,"No. 16, C Service Road, Electronic City, Bengaluru Urban, Karnataka - 560100",Bengaluru Urban,560100,29,Casual Taxable Person,2016-01-23,Active,,,GST-KA-BLRU-2016-000234,ENT-00292
GST-KA-BLRU-2016-000235,Siddhi Works Enterprises,Siddhi Works Enterprises,"No 7, C Main Rd, Bannerghatta Road, Bangalore Urban, KA - 560076",Bengaluru Urban,560076,29,Composition,2016-03-06,Cancelled,PAN_340F784F33AB8AE7,GSTIN_03C304D422D93C74,GST-KA-BLRU-2016-000235,ENT-00293
GST-KA-BLRU-2025-000236,Lakshmi Kitchen Pvt Ltd,Lakshmi Kitchen,"No 91, A 1st Cr, Hebbal, B'luru Urban, K'taka - 560024",Bengaluru Urban,560058,29,Composition,2025-10-21,Active,,GSTIN_D99EB2967262E860,GST-KA-BLRU-2025-000236,ENT-00295
GST-KA-BLRU-2019-000237,M/S MYSORE HEALTH INDUSTRIES,,"No. 234, Shed Near Bus Stop, Bommanahalli, Bangalore Urban, K'taka - 560068",Bengaluru Urban,560068,29,Regular,2019-01-14,Cancelled,PAN_308BE40192FDD51E,GSTIN_03941D2CB49CD7A4,GST-KA-BLRU-2019-000237,ENT-00297
GST-KA-TUM-2019-000238,M/S Aditya Wors,ADITYA WORKS,"211, A 1st Cross, Antharasanahalli Indl Area, Tumakuru, KA - 572106",Tumakuru,572106,29,Composition,2019-08-31,Cancelled,,,GST-KA-TUM-2019-000238,ENT-00298
GST-KA-BLRU-2020-000239,Srinidhi Press Works,Srinidhi Press Works,"#262, Industrial Layout, Jayanagar, Bengaluru Urban, Karnataka - 560078",Bengaluru Urban,560078,29,Composition,2020-02-04,Active,PAN_0695D41947A6DA78,GSTIN_7FC3774240BCFAB7,GST-KA-BLRU-2020-000239,ENT-00299
GST-KA-BLRU-2025-000240,Varun Systems Solutions,M/S Varun Systems Solutions,"No. 165, D Near Bus Stop, Electronic City, Bangalore Urban, KA - 560100",Bengaluru Urban,560100,29,Casual Taxable Person,2025-07-14,Active,,,GST-KA-BLRU-2025-000240,ENT-00300
GST-KA-BLRU-2021-000241,Vijaya Fashions Pvt Ltd,Vijaya Fashios,"No 216, C Main Road, Yelahanka, Bengaluru Urban, K'taka - 560064",Bengaluru Urban,560064,29,Composition,2021-11-17,Cancelled,PAN_0C5D219EF79CC50A,GSTIN_F0D344EE6AD05725,GST-KA-BLRU-2021-000241,ENT-00301
GST-KA-BLRU-2016-000242,M/S Kaveri Wear Works,Kaveri Wear Works,"No. 12, A Sector, Rajajinagar Industrial Suburb, Bengaluru Urban, KA - 560059",Bengaluru Urban,560059,29,SEZ Unit,2016-06-26,Suspended,PAN_A130EDFFBA2977DA,GSTIN_9C5C1B045D4754EC,GST-KA-BLRU-2016-000242,ENT-00302
GST-KA-BLRU-2024-000243,M/S Omkar Healt Entp,OMKAR HEALTH ENTERPRISES,"#149, D Service Road, Yelahanka, Bengaluru Urban, KA - 560064",Bengaluru Urban,560064,29,Casual Taxable Person,2024-01-16,Active,PAN_4A10532E4A0D9594,,GST-KA-BLRU-2024-000243,ENT-00305
GST-KA-BLRU-2021-000244,Nandi Moulding Company,Nandi Moulding Compny,"170, B Near Bus Stop, MG Road, Bangalore Urban, Karnataka - 560001",Bengaluru Urban,560001,29,Casual Taxable Person,2021-01-25,Active,PAN_B9DDF2E289A879D8,GSTIN_4921394781DD0620,GST-KA-BLRU-2021-000244,ENT-00306
GST-KA-BLRU-2025-000245,M/S Udupi Cafe Pvt Ltd,UDUPI CAFE,"#172, B Sector, HSR Layout, B'luru Urban, KA - 560102",Bengaluru Urban,560102,29,Regular,2025-04-01,Active,PAN_2E782F96A8964532,GSTIN_72EF44158266CEBF,GST-KA-BLRU-2025-000245,ENT-00307
GST-KA-BLRU-2020-000246,Sree Mold Traders,Sree Mold Traders,"No 17, 1st Crs, Peenya Industrial Estate, B'luru Urban, K'taka - 560058",Bengaluru Urban,560058,29,Composition,2020-08-03,Cancelled,PAN_153B70075AA2AC57,,GST-KA-BLRU-2020-000246,ENT-00308
GST-KA-MYS-2023-000247,HARSHA PVT LTD,HARSHA,"220, Extension, Hebbal Industrial Area, Mysuru, KA - 570016",Mysuru,570016,29,Casual Taxable Person,2023-07-01,Active,,,GST-KA-MYS-2023-000247,ENT-00309
GST-KA-TUM-2024-000248,Sree Tech Associates,Sree Tech Associates,"#285, B Industrial Layout, Antharasanahalli Industrial Area, Tumakuru, K'taka - 572106",Tumakuru,572106,29,Composition,2024-03-19,Active,PAN_D6C3B96359D24C06,GSTIN_1834EBFC01E359A0,GST-KA-TUM-2024-000248,ENT-00310
GST-KA-BLRU-2017-000249,BANGALORE INDUSTRIES LLP,BANGALORE INDS,"No. 104, D Extension, Whitefield Mn Rd, B'luru Urban, K'taka - 560066",Bengaluru Urban,560066,29,SEZ Unit,2017-12-16,Active,PAN_776AB1C211DDC571,GSTIN_707D68C23B8283C4,GST-KA-BLRU-2017-000249,ENT-00311
GST-KA-BLRU-2019-000250,Kaveri Coatings Solutions,Kaveri Coatings Solutions,"257, A Mn Rd, Yelahanka, Bangalore Urban, KA - 560064",Bengaluru Urban,560064,29,Casual Taxable Person,2019-08-03,Active,PAN_C652EA3CE99C21E7,,GST-KA-BLRU-2019-000250,ENT-00315
GST-KA-MYS-2024-000251,Lakshm LLP,M/S Lakshmi,"No 177, C Service Road, Hebbal Indl Area, Mysuru, K'taka - 570016",Mysuru,570016,29,Regular,2024-06-21,Active,PAN_92FF94FCE953FC3F,GSTIN_F7F9AE04985405E5,GST-KA-MYS-2024-000251,ENT-00318
GST-KA-BLRU-2024-000252,Ganesh Medical Solutions,,"No 213, Plot 1st Cross, Banashankari, B'luru Urban, KA - 560085",Bengaluru Urban,560085,29,Casual Taxable Person,2024-08-03,Active,PAN_1BA552F563543DB2,GSTIN_931C9DE43042105B,GST-KA-BLRU-2024-000252,ENT-00319
GST-KA-BLRR-2018-000253,Navya Industrial Co,,"203, D Extension, Devanahalli, Bengaluru Rural, K'taka - 562110",Bengaluru Rural,562110,29,Casual Taxable Person,2018-08-30,Active,,,GST-KA-BLRR-2018-000253,ENT-00320
GST-KA-BLRU-2025-000254,Asha Packaging Entp,Asha Packaging Enterprises,"150, A Sector, Whitefield Main Rd, Bengaluru Urban, KA - 560066",Bengaluru Urban,560066,29,Casual Taxable Person,2025-04-15,Active,PAN_14CB0D17B8284526,GSTIN_3143A7FEA3B2960E,GST-KA-BLRU-2025-000254,ENT-00321
GST-KA-MYS-2025-000255,M/S Nisarga Circuits Enterprises,,"239, C Extension, Nanjangud Road, Mysuru, KA - 570018",Mysuru,570018,29,Composition,2025-05-16,Active,,,GST-KA-MYS-2025-000255,ENT-00322
GST-KA-BLRU-2023-000256,SREE ENTERPRISES,SreeEnterprises,"132, B Service Road, Electronic City, Bangalore Urban, Karnataka",Bengaluru Urban,560100,29,Casual Taxable Person,2023-04-06,Active,,,GST-KA-BLRU-2023-000256,ENT-00323
GST-KA-BLRU-2024-000257,Varun Inds,Varun Industries,"No. 206, C Industrial Layout, Jayanagar, B'luru Urban, KA - 560078",Bengaluru Urban,560078,29,Regular,2024-03-22,Active,,,GST-KA-BLRU-2024-000257,ENT-00324
GST-KA-BLRU-2019-000258,Naveen Medical Solutions,,"No. 158, Extension, HSR Layout, Bengaluru Urban, K'taka - 560102",Bengaluru Urban,560102,29,SEZ Unit,2019-07-17,Suspended,,,GST-KA-BLRU-2019-000258,ENT-00325
