consent_no,industry_name,industry_address,district,pin_code,industry_colour,regional_office,inward_type,inward_status,validity_date,last_event_date,pan_hash,gstin_hash,source_record_id,entity_id_ground_truth
PCB/BLRR/CTE/2021/00001,Veda Devices Works,"No 264, B 1st Cross, Doddaballapura, B'luru Rural, Karnataka - 561203",Bengaluru Rural,561203,Orange,Mysuru,Renewal,Rejected,2027-09-24,2022-09-22,,,PCB/BLRR/CTE/2021/00001,ENT-00003
PCB/BLRU/CTO/2017/00002,Sharma Coatings Co,"No. 7, Plot Service Road, Rajajinagar Industrial Suburb, B'luru Urban, Karnataka - 560059",Bengaluru Urban,560059,Red,Tumakuru,CTE,Returned for Clarification,2028-02-13,2025-10-13,,,PCB/BLRU/CTO/2017/00002,ENT-00005
PCB/MYS/CTO/2018/00003,M/S Deccan Industries,"151, C 2nd Main, Devaraja Mohalla, Mysuru, KA - 570001",Mysuru,570001,Red,Bengaluru North,Expansion,Rejected,2024-05-07,2022-04-22,,,PCB/MYS/CTO/2018/00003,ENT-00006
PCB/BLRU/CTO/2020/00004,Siddhi Cafe Industries,"181, A Near Bus Stop, Electronic City, Bangalore Urban, KA",Bengaluru Urban,560100,Green,Bengaluru North,Renewal,Approved,2024-01-03,2025-08-07,PAN_4E65EEA48AF43A2C,,PCB/BLRU/CTO/2020/00004,ENT-00008
PCB/BLRR/CTE/2019/00005,Srinidhi Trans Works,"284, Shed 1st Cr, Hoskote, Bengaluru Rural, Karnataka - 562114",Bengaluru Rural,562114,Green,Mysuru,CTO,Pending,2025-07-16,2022-01-12,,,PCB/BLRR/CTE/2019/00005,ENT-00009
PCB/MYS/CTO/2023/00006,Naveen Systems Pvt Ltd,"No 291, D Sector, Devaraja Mohalla, Mysuru, K'taka - 570001",Mysuru,570001,Orange,Peenya,CTO,Returned for Clarification,2024-09-23,2024-02-21,PAN_BE1A19570FE9AE0F,GSTIN_F4E00424CB03A26C,PCB/MYS/CTO/2023/00006,ENT-00012
PCB/BLRU/CTE/2018/00007,Siddhi Industrial Inds,"243, B Extension, Electronic City, B'luru Urban, Karnataka - 560100",Bengaluru Urban,560100,Red,Bengaluru South,CTO,Pending,2023-12-07,2021-03-05,,,PCB/BLRU/CTE/2018/00007,ENT-00014
PCB/BLRU/CTO/2015/00008,Mysore Mold Solutions,"No 215, A Main Road, Whitefield Main Road, Bangalore Urban, Karnataka",Bengaluru Urban,560066,Red,Mysuru,Expansion,Pending,2027-01-10,2024-11-14,,,PCB/BLRU/CTO/2015/00008,ENT-00018
PCB/BLRR/CTE/2018/00009,Veda Coatings Works,"No. 201, B Service Road, Devanahalli, Bangalore Rural, KA - 562110",Bengaluru Rural,562110,Red,Peenya,CTE,Returned for Clarification,2025-07-14,2026-02-20,,,PCB/BLRR/CTE/2018/00009,ENT-00019
PCB/MYS/CTO/2016/00010,M/S Prakruthi Packaging Solutions,"#45, A Service Road, Hebbal Industrial Estate, Mysuru, Karnataka - 570016",Mysuru,570016,Orange,Tumakuru,CTO,Pending,2026-05-01,2017-10-26,PAN_1DDA954E2B3349CC,,PCB/MYS/CTO/2016/00010,ENT-00021
PCB/MYS/CTE/2021/00011,Ravi Plastics Works,"#65, B Near Bus Stop, Hebbal Industrial Estate, Mysuru, KA - 570016",Mysuru,570016,Red,Peenya,Renewal,Pending,2024-06-27,2024-04-23,,,PCB/MYS/CTE/2021/00011,ENT-00022
PCB/BLRU/CTO/2024/00012,Bangalore Moulding Associates,"266, Shed Sector, Bommanahalli, Bangalore Urban, Karnataka - 560068",Bengaluru Urban,560068,Red,Peenya,CTE,Rejected,2026-10-07,2025-05-25,PAN_8C25986E2674A596,,PCB/BLRU/CTO/2024/00012,ENT-00026
PCB/BLRU/CTE/2018/00013,Mysore Enterprises,"No 256, B Main Rd, HSR Layout, Bengaluru Urban, K'taka - 560102",Bengaluru Urban,560102,Orange,Peenya,Expansion,Rejected,2026-07-03,2022-03-19,,,PCB/BLRU/CTE/2018/00013,ENT-00031
PCB/BLRU/CTO/2020/00014,M/S Kaveri Components Pvt Ltd,"106, Plot Behind Metro, HSR Layout, B'luru Urban, K'taka - 560102",Bengaluru Urban,560102,Orange,Bengaluru South,Renewal,Approved,2027-06-09,2021-01-21,,,PCB/BLRU/CTO/2020/00014,ENT-00035
PCB/BLRU/CTO/2020/00015,Nisarga Industrial Co,"203, C Service Road, Hebbal, Bengaluru Urban, Karnataka - 560024",Bengaluru Urban,560024,Red,Peenya,CTE,Returned for Clarification,2028-05-13,2025-08-11,,GSTIN_3A93BE22DF25C0F1,PCB/BLRU/CTO/2020/00015,ENT-00039
PCB/TUM/CTE/2016/00016,Bangalore Garmens Solutions,"No 232, A Behind Metro, Antharasanahalli Industrial Area, Tumakuru, K'taka - 572106",Tumakuru,572106,Green,Peenya,CTE,Returned for Clarification,2023-12-10,2023-03-06,,,PCB/TUM/CTE/2016/00016,ENT-00045
PCB/BLRU/CTE/2016/00017,Nandi Solvents LLP,"No 219, B 3rd Phase, Electronic City, B'luru Urban, K'taka - 560100",Bengaluru Urban,560100,Red,Bengaluru North,Renewal,Approved,2027-08-20,2020-01-01,,,PCB/BLRU/CTE/2016/00017,ENT-00047
PCB/BLRU/CTE/2024/00018,Omkar Pvt Ltd,"No. 146, D 3rd Phase, Kalyan Nagar, Bangalore Urban, KA - 560043",Bengaluru Urban,560043,Red,Peenya,CTO,Rejected,2026-11-20,2025-08-24,PAN_70288CFE80E73E3E,,PCB/BLRU/CTE/2024/00018,ENT-00049
PCB/BLRU/CTO/2021/00019,Varun Enterprises,"No. 144, Plot Service Road, Bannerghatta Road, Bangalore Urban, KA - 560076",Bengaluru Urban,560076,Orange,Bengaluru South,CTE,Returned for Clarification,2024-04-07,2023-07-04,,,PCB/BLRU/CTO/2021/00019,ENT-00051
PCB/BLRU/CTO/2017/00020,Harsha Packaging Enterprises,"No. 28, Plot 1st Crs, Rajajinagar Industrial Suburb, Bangalore Urban, K'taka - 560059",Bengaluru Urban,560059,Red,Bengaluru South,CTE,Rejected,2028-10-15,2022-08-11,,GSTIN_5C0684CC9D7E8ED6,PCB/BLRU/CTO/2017/00020,ENT-00053
PCB/BLRU/CTE/2018/00021,M/S Srinidhi Milling Traders,"No 224, Shed Behind Metro, Whitefield, B'luru Urban, Karnataka - 560037",Bengaluru Urban,560037,Orange,Bengaluru South,CTE,Rejected,2028-03-07,2025-09-07,,,PCB/BLRU/CTE/2018/00021,ENT-00054
PCB/BLRU/CTO/2018/00022,Bharath Machining Co,"No 114, Plot Extension, Rajajinagar Industrial Suburb, B'luru Urban, K'taka",Bengaluru Urban,560059,Orange,Peenya,CTO,Pending,2028-06-22,2022-02-08,,GSTIN_E2E13346CEC78FD1,PCB/BLRU/CTO/2018/00022,ENT-00055
PCB/BLRU/CTO/2017/00023,Siddhi Systems LLP,"No 285, D Extension, Kalyan Nagar, Bangalore Urban, Karnataka - 560043",Bengaluru Urban,560043,Orange,Tumakuru,CTE,Pending,2027-09-17,2019-07-08,,GSTIN_F539CE4A9173FAE5,PCB/BLRU/CTO/2017/00023,ENT-00058
PCB/BLRR/CTE/2019/00024,M/S Veda Stitch LLP,"#147, A Mn Rd, Hoskote, Bengaluru Rural, Karnataka - 562114",Bengaluru Rural,562114,Green,Mysuru,Renewal,Pending,2024-05-22,2021-07-16,PAN_53DFB287DCA51FAF,,PCB/BLRR/CTE/2019/00024,ENT-00060
PCB/BLRR/CTO/2024/00025,Srinidhi Labs Industries,"No. 287, A Main Road, Hoskote, B'luru Rural, K'taka",Bengaluru Rural,562114,Red,Mysuru,Renewal,Rejected,2026-07-15,2024-06-11,,,PCB/BLRR/CTO/2024/00025,ENT-00061
PCB/TUM/CTO/2015/00026,M/S Lakshmi Graphics Works,"278, Plot Near Bus Stop, BH Road, Tumakuru, Karnataka - 572101",Tumakuru,572106,Orange,Tumakuru,Renewal,Rejected,2024-05-12,2015-07-27,,,PCB/TUM/CTO/2015/00026,ENT-00063
PCB/BLRU/CTO/2025/00027,Veda Devices Co,"#236, B Industrial Layout, Koramangala, Bangalore Urban, Karnataka - 560034",Bengaluru Urban,560034,Orange,Peenya,Renewal,Approved,2027-03-31,2025-10-05,PAN_351DA89F823C2212,GSTIN_7194B9F03832CED0,PCB/BLRU/CTO/2025/00027,ENT-00064
PCB/BLRU/CTE/2020/00028,Sri Spices Solutions,"No 22, Sector, MG Road, Bangalore Urban, K'taka - 560001",Bengaluru Urban,560001,Orange,Bengaluru South,CTO,Approved,2027-01-18,2024-01-05,PAN_044439DBFC5F5D89,,PCB/BLRU/CTE/2020/00028,ENT-00070
PCB/TUM/CTO/2024/00029,Prakruthi CNC LLP,"No. 3, A Behind Metro, Antharasanahalli Industrial Area, Tumakuru, KA - 572106",Tumakuru,572106,Orange,Bengaluru South,CTE,Pending,2023-12-29,2026-03-19,PAN_F70D36755C5937CA,,PCB/TUM/CTO/2024/00029,ENT-00071
PCB/BLRU/CTE/2023/00030,M/S Srinidhi Co,"No 297, D 1st Cr, Whitefield, Bengaluru Urban, Karnataka",Bengaluru Urban,560037,Red,Peenya,Renewal,Returned for Clarification,2026-02-09,2024-08-11,PAN_16FFF79FDBB72FE8,,PCB/BLRU/CTE/2023/00030,ENT-00073
PCB/BLRU/CTE/2019/00031,Kaveri Labels Traders,"No. 129, B Sector, Banashankari, Bengaluru Urban, K'taka - 560085",Bengaluru Urban,560085,Orange,Bengaluru South,CTE,Rejected,2027-12-25,2026-04-21,,,PCB/BLRU/CTE/2019/00031,ENT-00074
PCB/BLRU/CTE/2019/00032,Ravi Tech Associates,"No 84, A Sector, Whitefield Main Road, B'luru Urban, KA - 560066",Bengaluru Urban,560066,Orange,Bengaluru North,CTO,Pending,2024-03-18,2022-08-14,,GSTIN_71882A0932EC0D09,PCB/BLRU/CTE/2019/00032,ENT-00075
PCB/TUM/CTE/2023/00033,Bangalore Coatings Co,"#165, C Main Rd, Antharasanahalli Industrial Estate, Tumakuru, Karnataka - 572106",Tumakuru,572106,Red,Bengaluru South,Renewal,Approved,2025-03-06,2025-11-23,PAN_516B5EF3CF48BF46,GSTIN_11E6F7435D81D109,PCB/TUM/CTE/2023/00033,ENT-00076
PCB/BLRU/CTO/2016/00034,Meghana Coatings Traders,"No. 203, B Behind Metro, Bommanahalli, Bengaluru Urban, K'taka - 560068",Bengaluru Urban,560068,Red,Tumakuru,Expansion,Pending,2024-02-14,2023-07-22,PAN_ED5E7F18A4978A5D,,PCB/BLRU/CTO/2016/00034,ENT-00080
PCB/MYS/CTE/2023/00035,Prakruthi Packaging Solutions,"No 142, B Behind Metro, Hebbal Industrial Estate, Mysuru, KA - 570016",Mysuru,570016,Red,Bengaluru South,Renewal,Rejected,2027-09-02,2023-12-13,,GSTIN_06A775EFABA058E4,PCB/MYS/CTE/2023/00035,ENT-00082
PCB/BLRU/CTO/2023/00036,M/S Kaveri Labs Pvt Ltd,"71, A Near Bus Stop, Whitefield, Bengaluru Urban, KA - 560037",Bengaluru Urban,560037,Red,Tumakuru,Renewal,Pending,2024-07-23,2025-11-21,,,PCB/BLRU/CTO/2023/00036,ENT-00086
PCB/BLRU/CTE/2025/00037,M/S Bharath Biryani Pvt Ltd,"No 94, D Industrial Layout, Bannerghatta Road, Bengaluru Urban, K'taka - 560076",Bengaluru Urban,560076,Green,Tumakuru,Renewal,Rejected,2027-11-22,2025-08-28,,,PCB/BLRU/CTE/2025/00037,ENT-00088
PCB/BLRU/CTO/2018/00038,M/S Kaveri Systems Pvt Ltd,"No. 51, B 3rd Phase, HSR Layout, B'luru Urban, K'taka - 560102",Bengaluru Urban,560102,Orange,Bengaluru South,CTE,Approved,2025-08-23,2021-08-20,,,PCB/BLRU/CTO/2018/00038,ENT-00093
PCB/BLRU/CTO/2020/00039,Deccan Packaging Traders,"211, C 1st Cross, BTM Layout, B'luru Urban, KA",Bengaluru Urban,560029,Orange,Tumakuru,Renewal,Pending,2028-07-09,2023-05-31,,,PCB/BLRU/CTO/2020/00039,ENT-00095
PCB/BLRU/CTE/2016/00040,M/S Ananya Labs Pvt Ltd,"No 216, Shed Behind Metro, Banashankari, Bengaluru Urban, Karnataka - 560085",Bengaluru Urban,560085,Red,Bengaluru North,CTE,Approved,2026-11-07,2017-02-15,,,PCB/BLRU/CTE/2016/00040,ENT-00097
PCB/BLRU/CTE/2019/00041,Ganesh Works,"No. 76, B Industrial Layout, BTM Layout, Bangalore Urban, K'taka - 560029",Bengaluru Urban,560029,Orange,Tumakuru,Renewal,Approved,2025-12-08,2025-03-22,PAN_0BE0ABA78E98D584,,PCB/BLRU/CTE/2019/00041,ENT-00098
PCB/BLRU/CTE/2020/00042,Srinidhi Traders,"No. 235, D Extension, Kalyan Nagar, Bangalore Urban, Karnataka - 560043",Bengaluru Urban,560043,Orange,Tumakuru,CTE,Pending,2024-11-15,2023-01-09,,,PCB/BLRU/CTE/2020/00042,ENT-00100
PCB/BLRU/CTO/2022/00043,M/S Srinidhi Enterprises,"#195, B Behind Metro, Banashankari, Bengaluru Urban, Karnataka - 560085",Bengaluru Urban,560085,Orange,Tumakuru,Renewal,Pending,2024-06-11,2024-07-18,,,PCB/BLRU/CTO/2022/00043,ENT-00101
PCB/TUM/CTE/2023/00044,M/S Sharma CNC Enterprises,"No 68, A Main Rd, Antharasanahalli Industrial Area, Tumakuru, K'taka - 572106",Tumakuru,572106,Orange,Peenya,Expansion,Approved,2027-09-17,2024-05-26,PAN_CF3D72FC68ACC925,,PCB/TUM/CTE/2023/00044,ENT-00102
PCB/BLRU/CTE/2021/00045,Navya Printers Traders,"No. 18, Shed Main Road, Electronic City, Bengaluru Urban, K'taka - 560100",Bengaluru Urban,560100,Orange,Tumakuru,Expansion,Approved,2024-09-28,2025-08-12,,GSTIN_F472A00481267E66,PCB/BLRU/CTE/2021/00045,ENT-00104
PCB/BLRU/CTO/2022/00046,Kaveri Pvt Ltd,"No 86, Behind Metro, BTM Layout, Bangalore Urban, KA - 560029",Bengaluru Urban,560029,Red,Bengaluru South,Renewal,Approved,2026-02-01,2022-08-11,,GSTIN_EB267CF53746D512,PCB/BLRU/CTO/2022/00046,ENT-00105
PCB/TUM/CTE/2023/00047,Bangalore ackaging Works,"No. 135, A 1st Cross, BH Road, Tumakuru, KA - 572101",Tumakuru,572101,Red,Peenya,CTE,Pending,2027-05-04,2023-08-03,,,PCB/TUM/CTE/2023/00047,ENT-00109
PCB/BLRU/CTE/2021/00048,Sharma Chem LLP,"No. 218, B Industrial Layout, Banashankari, Bangalore Urban, Karnataka - 560085",Bengaluru Urban,560085,Red,Bengaluru North,Renewal,Approved,2028-03-14,2025-11-30,PAN_1DABC2C1FF2E9BCB,,PCB/BLRU/CTE/2021/00048,ENT-00110
PCB/BLRU/CTE/2025/00049,Naveen Polymers Solutions,"#64, Shed Sector, HSR Layout, B'luru Urban, KA - 560102",Bengaluru Urban,560102,Red,Peenya,CTE,Rejected,2027-07-17,2025-11-02,PAN_92F3E575771488A9,,PCB/BLRU/CTE/2025/00049,ENT-00111
PCB/BLRU/CTE/2018/00050,Ananya Solutions,"No 218, B Industrial Layout, Hebbal, Bengaluru Urban, KA - 560024",Bengaluru Urban,560024,Red,Mysuru,Expansion,Returned for Clarification,2024-06-16,2020-01-28,PAN_4A21AB8C004EEBFF,,PCB/BLRU/CTE/2018/00050,ENT-00112
PCB/BLRU/CTE/2023/00051,Harsha Tools Associates,"299, C Industrial Layout, MG Road, Bengaluru Urban, Karnataka - 560001",Bengaluru Urban,560001,Orange,Peenya,Expansion,Returned for Clarification,2024-09-29,2024-11-28,,,PCB/BLRU/CTE/2023/00051,ENT-00113
PCB/BLRU/CTE/2022/00052,Prakruthi Packaging Industries,"259, Industrial Layout, Kalyan Nagar, Bangalore Urban, Karnataka - 560043",Bengaluru Urban,560043,Orange,Tumakuru,CTO,Pending,2025-03-08,2023-05-20,PAN_48CB936EB630942B,,PCB/BLRU/CTE/2022/00052,ENT-00116
PCB/BLRU/CTE/2022/00053,Ravi Solutions,"122, 1st Cr, Koramangala, Bengaluru Urban, K'taka - 560034",Bengaluru Urban,560034,Orange,Peenya,Expansion,Approved,2027-07-29,2026-03-12,,,PCB/BLRU/CTE/2022/00053,ENT-00119
PCB/BLRU/CTE/2022/00054,Nisarga Industrial Co,"#194, A Behind Metro, Hebbal, B'luru Urban, Karnataka - 560024",Bengaluru Urban,560024,Green,Bengaluru South,Renewal,Approved,2026-01-05,2023-06-04,,,PCB/BLRU/CTE/2022/00054,ENT-00123
PCB/BLRU/CTE/2023/00055,Sahna Works Company,"No 50, Sector, Rajajinagar Industrial Suburb, B'luru Urban, K'taka - 560059",Bengaluru Urban,560059,Orange,Bengaluru South,CTE,Approved,2028-02-23,2023-12-20,,,PCB/BLRU/CTE/2023/00055,ENT-00124
PCB/MYS/CTO/2020/00056,Omkar Graphics Indstries,"#160, A Extension, Hebbal Industrial Area, Mysuru, KA - 570016",Mysuru,570016,Orange,Bengaluru North,CTE,Rejected,2025-08-29,2025-06-26,PAN_CA44E0E20A38F7EF,,PCB/MYS/CTO/2020/00056,ENT-00127
PCB/BLRU/CTO/2022/00057,M/S Sri Devices LLP,"2, A Sector, Kalyan Nagar, Bangalore Urban, Karnataka - 560043",Bengaluru Urban,560043,Orange,Peenya,Renewal,Approved,2028-02-08,2025-01-03,,,PCB/BLRU/CTO/2022/00057,ENT-00129
PCB/MYS/CTO/2021/00058,Aditya Systems LLP,"No. 181, Shed Extension, Devaraja Mohalla, Mysuru, K'taka - 570001",Mysuru,570001,Orange,Peenya,CTO,Returned for Clarification,2025-09-19,2025-07-25,PAN_231E8E36881D713A,,PCB/MYS/CTO/2021/00058,ENT-00131
PCB/MYS/CTE/2017/00059,Sri Moulding Works,"No. 257, B Service Road, Devaraja Mohalla, Mysuru, KA - 570001",Mysuru,570001,Red,Tumakuru,Renewal,Pending,2025-05-13,2020-06-18,,,PCB/MYS/CTE/2017/00059,ENT-00133
PCB/BLRU/CTE/2019/00060,Omkar Agro Co,"138, 1st Cross, Electronic City, B'luru Urban, Karnataka - 560100",Bengaluru Urban,560100,Orange,Peenya,Renewal,Returned for Clarification,2028-10-15,2025-07-26,PAN_02F50B1E99975C3B,GSTIN_32A53961B54C9C79,PCB/BLRU/CTE/2019/00060,ENT-00137
PCB/BLRU/CTO/2020/00061,Harsha Works Co,"No 1, D 2nd Main, Whitefield, B'luru Urban, K'taka - 560037",Bengaluru Urban,560037,Orange,Peenya,Expansion,Approved,2027-04-09,2023-06-19,,,PCB/BLRU/CTO/2020/00061,ENT-00139
PCB/BLRU/CTO/2022/00062,Omkar Agro Co,"#114, B Behind Metro, Bommanahalli, Bangalore Urban, K'taka - 560068",Bengaluru Urban,560068,Orange,Peenya,Renewal,Pending,2027-04-06,2024-01-22,,,PCB/BLRU/CTO/2022/00062,ENT-00140
PCB/MYS/CTE/2025/00063,Nisarga Packaging Traders,"No. 249, Shed Industrial Layout, Devaraja Mohalla, Mysuru, KA",Mysuru,570001,Red,Mysuru,CTE,Pending,2028-08-17,2026-03-13,PAN_9242B1A8BB94D8E6,GSTIN_29D9D9B3327F96E0,PCB/MYS/CTE/2025/00063,ENT-00141
PCB/BLRU/CTO/2018/00064,Veda Works,"No 37, C Sector, Bannerghatta Road, B'luru Urban, K'taka - 560076",Bengaluru Urban,560076,Orange,Bengaluru North,CTO,Returned for Clarification,2024-05-09,2026-02-11,,,PCB/BLRU/CTO/2018/00064,ENT-00145
PCB/MYS/CTO/2017/00065,M/S Bangalore Company,"No. 129, C 1st Cr, Devaraja Mohalla, Mysuru, Karnataka - 570001",Mysuru,570001,Orange,Bengaluru South,CTO,Approved,2028-06-30,2021-05-02,,,PCB/MYS/CTO/2017/00065,ENT-00150
PCB/BLRR/CTO/2019/00066,Lakshmi Graphics Solutions,"No 176, A Extension, Hoskote, Bangalore Rural, Karnataka - 562114",Bengaluru Rural,562114,Orange,Bengaluru North,CTO,Rejected,2028-05-27,2020-04-16,,GSTIN_A70451773FBA83C8,PCB/BLRR/CTO/2019/00066,ENT-00151
PCB/BLRU/CTO/2025/00067,Meghana Machining Works,"No. 182, B Main Rd, Whitefield Main Rd, B'luru Urban, K'taka - 560066",Bengaluru Urban,560066,Orange,Bengaluru North,Renewal,Returned for Clarification,2025-01-17,2025-06-16,PAN_0192D2CF32EDE07B,GSTIN_165B67D7C09F2F11,PCB/BLRU/CTO/2025/00067,ENT-00152
PCB/BLRR/CTE/2015/00068,M/S Aditya Chem Co,"57, C 3rd Phase, Doddaballapura, Bangalore Rural, K'taka - 561203",Bengaluru Rural,561203,Red,Tumakuru,Expansion,Pending,2026-06-15,2023-02-16,PAN_EE1E19D51BFC0853,,PCB/BLRR/CTE/2015/00068,ENT-00155
PCB/BLRU/CTE/2018/00069,Mysore Inds,"23, Near Bus Stop, Banashankari, Bangalore Urban, KA - 560085",Bengaluru Urban,560085,Orange,Peenya,CTO,Returned for Clarification,2028-01-12,2020-07-21,,GSTIN_0DCC70D3FA4F33EB,PCB/BLRU/CTE/2018/00069,ENT-00156
PCB/BLRU/CTE/2025/00070,Naveen Coatngs Co,"#154, A Behind Metro, Rajajinagar Industrial Suburb, Bengaluru Urban, K'taka - 560059",Bengaluru Urban,560059,Red,Bengaluru South,Expansion,Pending,2027-04-07,2026-02-25,,GSTIN_7F5BC7ED3E39D58B,PCB/BLRU/CTE/2025/00070,ENT-00157
PCB/BLRU/CTE/2023/00071,M/S Omkar Labs Co,"94, Shed 3rd Phase, Bommanahalli, B'luru Urban, KA - 560068",Bengaluru Urban,560068,Red,Mysuru,Expansion,Pending,2025-11-24,2025-11-10,,,PCB/BLRU/CTE/2023/00071,ENT-00158
PCB/TUM/CTE/2025/00072,Bangalore Machining Co,"#257, D Industrial Layout, Antharasanahalli Indl Area, Tumakuru, K'taka - 572106",Tumakuru,572106,Orange,Peenya,Expansion,Rejected,2024-06-29,2025-12-28,,,PCB/TUM/CTE/2025/00072,ENT-00159
PCB/BLRU/CTO/2020/00073,Ananya CNC LLP,"No. 279, Mn Rd, Whitefield, B'luru Urban, Karnataka - 560037",Bengaluru Urban,560037,Orange,Peenya,CTO,Rejected,2026-12-25,2026-03-30,PAN_B48DAB13DA2391E4,GSTIN_B25AA9056E3DE320,PCB/BLRU/CTO/2020/00073,ENT-00162
PCB/BLRU/CTE/2023/00074,Sharma Electronics Solutions,"No 75, C Behind Metro, MG Road, B'luru Urban, K'taka - 560001",Bengaluru Urban,560001,Orange,Mysuru,Renewal,Returned for Clarification,2026-09-16,2025-10-02,PAN_84F7688E85795BE8,,PCB/BLRU/CTE/2023/00074,ENT-00166
PCB/BLRU/CTO/2025/00075,M/S Asha Labs Solutions,"No. 94, B 3rd Phase, Hebbal, B'luru Urban, K'taka",Bengaluru Urban,560024,Red,Peenya,Renewal,Returned for Clarification,2024-06-01,2026-03-23,PAN_265833F26CD00F77,,PCB/BLRU/CTO/2025/00075,ENT-00167
PCB/MYS/CTE/2021/00076,Asha Bakery Co,"#164, Shed Near Bus Stop, Devaraja Mohalla, Mysuru, K'taka - 570001",Mysuru,570001,Orange,Bengaluru North,Expansion,Returned for Clarification,2024-10-09,2025-10-20,PAN_12B94F06E81BCB0C,GSTIN_6C6D3034F7785EC9,PCB/MYS/CTE/2021/00076,ENT-00169
PCB/BLRU/CTO/2023/00077,Bharath Spices LLP,"172, D 2nd Main, Whitefield Main Road, Bangalore Urban, Karnataka - 560066",Bengaluru Urban,560066,Orange,Peenya,Expansion,Rejected,2026-10-24,2026-02-10,,,PCB/BLRU/CTO/2023/00077,ENT-00170
PCB/BLRU/CTE/2018/00078,Asha Solutions,"#145, D Main Rd, Hebbal, B'luru Urban, K'taka - 560024",Bengaluru Urban,560024,Orange,Tumakuru,Expansion,Returned for Clarification,2028-03-17,2020-05-30,PAN_7E0AFBC218C19E04,,PCB/BLRU/CTE/2018/00078,ENT-00172
PCB/BLRU/CTO/2015/00079,M/S Nisarga Trans Entp,"No. 28, D Main Rd, Hebbal, B'luru Urban, K'taka - 560024",Bengaluru Urban,560024,Green,Bengaluru North,CTO,Approved,2026-09-18,2024-05-18,PAN_6FA5D102B0802FD2,,PCB/BLRU/CTO/2015/00079,ENT-00173
PCB/MYS/CTO/2020/00080,M/S Sree Associates,"No. 100, D Behind Metro, Nanjangud Road, Mysuru, K'taka - 570018",Mysuru,570018,Orange,Bengaluru North,CTO,Rejected,2024-08-29,2023-03-19,,,PCB/MYS/CTO/2020/00080,ENT-00179
PCB/MYS/CTO/2020/00081,M/S Varun Industrial Associates,"No 6, Shed Sector, Nanjangud Road, Mysuru, K'taka - 570018",Mysuru,570018,Red,Mysuru,Renewal,Returned for Clarification,2028-03-09,2022-12-06,PAN_DEACB0B71AC5AC17,GSTIN_37D541549F79EC13,PCB/MYS/CTO/2020/00081,ENT-00180
PCB/BLRU/CTE/2018/00082,Srinidhi Injection Enterprises,"No. 49, Service Road, Bannerghatta Road, Bangalore Urban, KA - 560076",Bengaluru Urban,560076,Red,Bengaluru North,Expansion,Rejected,2027-05-26,2026-02-27,PAN_42A380FB9E72991F,GSTIN_40F797D77A68121F,PCB/BLRU/CTE/2018/00082,ENT-00181
PCB/BLRR/CTO/2021/00083,Rav Agro Associates,"No. 247, Shed Main Rd, Hoskote, Bangalore Rural, Karnataka",Bengaluru Rural,562114,Orange,Mysuru,Renewal,Pending,2027-05-13,2026-05-01,PAN_E7299C62BC6CC897,GSTIN_A85500D8880D9924,PCB/BLRR/CTO/2021/00083,ENT-00183
PCB/MYS/CTE/2016/00084,Sharma Pvt Ltd,"No 117, C 2nd Main, Nanjangud Road, Mysuru, K'taka - 570018",Mysuru,570001,Red,Peenya,Expansion,Approved,2028-03-05,2024-04-06,,,PCB/MYS/CTE/2016/00084,ENT-00185
PCB/BLRU/CTE/2022/00085,Navya Solvents Pvt Ltd,"105, B Service Road, Rajajinagar Industrial Suburb, B'luru Urban, KA - 560059",Bengaluru Urban,560059,Red,Tumakuru,Expansion,Approved,2024-07-25,2024-12-04,PAN_BA965A612193B3F3,GSTIN_B507AFC6DD5E4ACD,PCB/BLRU/CTE/2022/00085,ENT-00192
PCB/BLRU/CTO/2020/00086,Meghana Moulding Industries,"No. 26, B Extension, Peenya Indl Area, B'luru Urban, KA - 560058",Bengaluru Urban,560058,Red,Tumakuru,CTO,Approved,2027-07-02,2024-10-11,,,PCB/BLRU/CTO/2020/00086,ENT-00195
PCB/BLRR/CTO/2015/00087,Udupi Electronics LLP,"No 192, C Industrial Layout, Devanahalli, B'luru Rural, KA - 562110",Bengaluru Rural,562110,Orange,Bengaluru North,CTO,Rejected,2028-08-20,2022-10-13,PAN_18ED267DC38F0CDD,,PCB/BLRR/CTO/2015/00087,ENT-00199
PCB/BLRR/CTE/2025/00088,Sri Moulding Works,"256, Plot Extension, Bagalur, Bengaluru Rural, K'taka - 562157",Bengaluru Rural,562157,Red,Bengaluru South,CTE,Pending,2027-09-04,2026-02-23,PAN_BE42AD4FEE81560A,GSTIN_94AD8B47A12A9F0A,PCB/BLRR/CTE/2025/00088,ENT-00200
PCB/BLRU/CTE/2020/00089,Deccan Coatings Associates,"#59, Plot Behind Metro, HSR Layout, B'luru Urban, KA - 560102",Bengaluru Urban,560102,Red,Peenya,Expansion,Pending,2025-02-16,2023-11-29,,,PCB/BLRU/CTE/2020/00089,ENT-00207
PCB/BLRU/CTE/2024/00090,M/S Lakshmi Electronics LLP,"1, C Main Road, Hebbal, Bangalore Urban, KA - 560024",Bengaluru Urban,560024,Orange,Tumakuru,CTE,Returned for Clarification,2024-01-27,2024-12-22,,,PCB/BLRU/CTE/2024/00090,ENT-00210
PCB/BLRU/CTO/2015/00091,Bangalore Snacks LLP,"#244, B Main Rd, Jayanagar, Bengaluru Urban, KA - 560078",Bengaluru Urban,560078,Orange,Peenya,Expansion,Rejected,2027-01-29,2020-06-02,,,PCB/BLRU/CTO/2015/00091,ENT-00213
PCB/BLRU/CTE/2023/00092,Ananya Resins Industries,"53, D Service Road, Yelahanka, Bangalore Urban, Karnataka - 560064",Bengaluru Urban,560064,Red,Bengaluru South,Expansion,Approved,2025-12-26,2025-11-01,PAN_B49090A1574D2902,,PCB/BLRU/CTE/2023/00092,ENT-00215
PCB/BLRU/CTO/2019/00093,M/S Siddhi Industries,"#135, Near Bus Stop, BTM Layout, Bangalore Urban, Karnataka - 560029",Bengaluru Urban,560029,Red,Tumakuru,Expansion,Returned for Clarification,2025-05-24,2020-02-20,PAN_B5A69475EBF0A3B0,GSTIN_A8B56184C955B260,PCB/BLRU/CTO/2019/00093,ENT-00217
PCB/BLRU/CTO/2015/00094,Ananya Elec Co,"No 292, Main Rd, BTM Layout, Bengaluru Urban, KA - 560029",Bengaluru Urban,560029,Orange,Bengaluru North,Expansion,Rejected,2025-10-09,2023-10-16,,,PCB/BLRU/CTO/2015/00094,ENT-00218
PCB/BLRR/CTE/2023/00095,M/S Navya Precision Traders,"No 13, Plot Extension, Bagalur, B'luru Rural, KA - 562157",Bengaluru Rural,562157,Orange,Tumakuru,CTE,Rejected,2027-06-27,2025-09-03,,,PCB/BLRR/CTE/2023/00095,ENT-00219
PCB/MYS/CTE/2023/00096,Varun Mold LLP,"No. 19, B Industrial Layout, Hebbal Industrial Estate, Mysuru, Karnataka - 570016",Mysuru,570016,Red,Tumakuru,CTE,Pending,2023-11-30,2025-06-13,,,PCB/MYS/CTE/2023/00096,ENT-00223
PCB/BLRU/CTE/2016/00097,M/S Sree Tools LLP,"No. 245, Main Rd, Whitefield Main Rd, B'luru Urban, Karnataka - 560066",Bengaluru Urban,560066,Orange,Tumakuru,CTO,Approved,2028-03-21,2025-07-17,,,PCB/BLRU/CTE/2016/00097,ENT-00226
PCB/BLRU/CTO/2017/00098,Harsha LLP,"77, Shed Industrial Layout, Koramangala, Bangalore Urban, KA - 560034",Bengaluru Urban,560034,Green,Mysuru,CTE,Pending,2026-02-26,2022-02-17,PAN_33D024FFE853BC47,,PCB/BLRU/CTO/2017/00098,ENT-00227
PCB/BLRR/CTE/2018/00099,Aditya Tech Enterprises,"No 150, C 1st Crs, Bagalur, B'luru Rural, KA - 562157",Bengaluru Rural,562157,Orange,Bengaluru South,CTO,Approved,2024-11-13,2021-01-24,,,PCB/BLRR/CTE/2018/00099,ENT-00232
PCB/MYS/CTE/2020/00100,Srinidhi Traders,"#268, Shed Extension, Hebbal Industrial Area, Mysuru, Karnataka - 570016",Mysuru,570016,Orange,Bengaluru North,CTO,Pending,2027-08-27,2023-06-22,PAN_144B2AE572B63DB3,GSTIN_14252400B96E6E4F,PCB/MYS/CTE/2020/00100,ENT-00233
PCB/BLRU/CTE/2016/00101,M/S Sharma Print Enterprises,"No 221, B Near Bus Stop, Banashankari, Bengaluru Urban, Karnataka - 560085",Bengaluru Urban,560085,Orange,Mysuru,Expansion,Returned for Clarification,2027-07-26,2020-10-26,,,PCB/BLRU/CTE/2016/00101,ENT-00237
PCB/BLRU/CTO/2017/00102,M/S Kaveri Components Enterprises,"#221, B Extension, Jayanagar, B'luru Urban, K'taka - 560078",Bengaluru Urban,560078,Orange,Bengaluru South,CTO,Approved,2025-11-30,2018-10-19,,,PCB/BLRU/CTO/2017/00102,ENT-00238
PCB/MYS/CTO/2021/00103,Sahana Industries Co,"299, Main Rd, Nanjangud Road, Mysuru, KA",Mysuru,570018,Orange,Mysuru,CTE,Rejected,2027-11-02,2022-09-22,,GSTIN_0CF374A1AB8DE340,PCB/MYS/CTO/2021/00103,ENT-00240
PCB/BLRU/CTO/2021/00104,M/S Mysore Biryan Associates,"96, D 2nd Main, Whitefield Main Road, Bangalore Urban, K'taka - 560066",Bengaluru Urban,560066,Green,Bengaluru South,CTO,Rejected,2024-08-27,2022-06-25,,,PCB/BLRU/CTO/2021/00104,ENT-00241
PCB/BLRU/CTE/2025/00105,Sharma Moulding Inds,"No. 106, C Extension, MG Road, Bangalore Urban, KA - 560001",Bengaluru Urban,560001,Red,Tumakuru,CTO,Returned for Clarification,2023-11-25,2025-12-14,,GSTIN_57E7E5251FF179EF,PCB/BLRU/CTE/2025/00105,ENT-00243
PCB/BLRR/CTO/2015/00106,Sharma Coatings Pvt Ltd,"No 200, D Behind Metro, Bagalur, B'luru Rural, KA - 562157",Bengaluru Rural,562157,Red,Peenya,Renewal,Rejected,2025-01-28,2019-09-08,,,PCB/BLRR/CTO/2015/00106,ENT-00245
PCB/BLRU/CTE/2025/00107,Ananya Labs Enterprises,"No 11, C Near Bus Stop, Banashankari, Bengaluru Urban, Karnataka - 560085",Bengaluru Urban,560085,Orange,Mysuru,CTO,Rejected,2027-05-12,2026-04-10,,,PCB/BLRU/CTE/2025/00107,ENT-00246
PCB/BLRR/CTE/2019/00108,Kaveri Associaes,"#12, B Sector, Devanahalli, Bangalore Rural, Karnataka - 562110",Bengaluru Rural,562110,Orange,Bengaluru South,Renewal,Pending,2024-05-26,2021-06-26,,,PCB/BLRR/CTE/2019/00108,ENT-00247
PCB/BLRU/CTE/2020/00109,M/S Veda Precision Company,"No 268, D 1st Cross, Peenya Industrial Estate, Bengaluru Urban, K'taka - 560058",Bengaluru Urban,560058,Orange,Tumakuru,Renewal,Rejected,2026-03-12,2021-07-22,PAN_B74F2C0A5BD8CC00,,PCB/BLRU/CTE/2020/00109,ENT-00248
PCB/BLRU/CTO/2025/00110,Deccan Precision Co,"No 182, C Service Road, Whitefield Mn Rd, B'luru Urban, Karnataka - 560066",Bengaluru Urban,560066,Orange,Peenya,CTO,Returned for Clarification,2024-01-28,2026-03-10,,,PCB/BLRU/CTO/2025/00110,ENT-00249
PCB/BLRU/CTE/2024/00111,Sharma LLP,"No 190, Plot Industrial Layout, Peenya Indl Area, Bangalore Urban, KA - 560058",Bengaluru Urban,560058,Orange,Peenya,Renewal,Approved,2026-09-21,2025-07-03,PAN_116522B408A1CA95,,PCB/BLRU/CTE/2024/00111,ENT-00255
PCB/BLRR/CTO/2021/00112,Navya Mold LLP,"#234, B 1st Cross, Hoskote, B'luru Rural, K'taka - 562114",Bengaluru Rural,562114,Red,Tumakuru,Expansion,Returned for Clarification,2027-12-30,2026-01-05,PAN_D6113C83B5A9C187,,PCB/BLRR/CTO/2021/00112,ENT-00256
PCB/BLRU/CTE/2025/00113,Vijaya Industries Works,"15, Shed 3rd Phase, Jayanagar, Bengaluru Urban, Karnataka - 560078",Bengaluru Urban,560078,Orange,Bengaluru North,Expansion,Rejected,2025-01-31,2025-09-23,,,PCB/BLRU/CTE/2025/00113,ENT-00258
PCB/BLRU/CTE/2025/00114,Siddhi Packaging Entp,"No 180, Plot Main Rd, Whitefield Main Rd, Bangalore Urban, Karnataka - 560066",Bengaluru Urban,560066,Orange,Tumakuru,CTE,Approved,2024-07-15,2026-01-21,,,PCB/BLRU/CTE/2025/00114,ENT-00260
PCB/BLRU/CTO/2021/00115,M/S Veda Print Entp,"No 4, B Near Bus Stop, BTM Layout, Bangalore Urban, KA - 560029",Bengaluru Urban,560029,Orange,Bengaluru South,Renewal,Pending,2027-12-20,2026-01-25,,GSTIN_2E301C8AE1604718,PCB/BLRU/CTO/2021/00115,ENT-00261
PCB/BLRR/CTE/2019/00116,Meghana Spices LLP,"No. 102, Industrial Layout, Hoskote, Bangalore Rural, Karnataka - 562114",Bengaluru Rural,562114,Orange,Bengaluru South,Expansion,Approved,2027-10-18,2026-02-02,,,PCB/BLRR/CTE/2019/00116,ENT-00262
PCB/MYS/CTE/2018/00117,M/S Aditya Polymers Associates,"95, Plot Main Road, Devaraja Mohalla, Mysuru, KA - 570001",Mysuru,570001,Red,Peenya,CTO,Returned for Clarification,2028-05-05,2019-02-19,,,PCB/MYS/CTE/2018/00117,ENT-00263
PCB/BLRU/CTO/2022/00118,Veda Coatings Solutions,"No. 22, D 2nd Main, Whitefield Mn Rd, B'luru Urban, KA - 560066",Bengaluru Urban,560066,Red,Bengaluru South,CTE,Pending,2026-08-28,2023-08-03,PAN_01C507A5A7DC2335,,PCB/BLRU/CTO/2022/00118,ENT-00264
PCB/BLRU/CTE/2022/00119,M/S Sree Print Co,"No 106, A Behind Metro, HSR Layout, Bengaluru Urban, KA - 560102",Bengaluru Urban,560102,Orange,Tumakuru,Renewal,Pending,2024-04-29,2023-11-25,PAN_B5DFDAA871F5A94D,,PCB/BLRU/CTE/2022/00119,ENT-00266
PCB/BLRU/CTE/2022/00120,Vijaya Mouding Solutions,"#117, Sector, Whitefield Main Road, B'luru Urban, KA - 560066",Bengaluru Urban,560066,Red,Mysuru,Expansion,Pending,2025-04-22,2025-02-03,PAN_8902244CF4335CBA,,PCB/BLRU/CTE/2022/00120,ENT-00268
PCB/BLRU/CTE/2015/00121,Mysore Industries,"8, Plot Near Bus Stop, Kalyan Nagar, B'luru Urban, KA - 560043",Bengaluru Urban,560043,Orange,Tumakuru,CTO,Rejected,2026-07-21,2020-07-01,,,PCB/BLRU/CTE/2015/00121,ENT-00273
PCB/TUM/CTE/2022/00122,Harsha Works,"282, D Extension, Antharasanahalli Industrial Estate, Tumakuru, KA - 572106",Tumakuru,572106,Orange,Bengaluru South,Expansion,Approved,2024-06-17,2025-02-03,,,PCB/TUM/CTE/2022/00122,ENT-00275
PCB/BLRU/CTE/2022/00123,Omkar Mold Traders,"60, A 1st Cr, BTM Layout, Bengaluru Urban, Karnataka - 560029",Bengaluru Urban,560029,Red,Tumakuru,Renewal,Approved,2023-12-18,2022-04-05,PAN_3C7D032D6079014B,,PCB/BLRU/CTE/2022/00123,ENT-00276
PCB/BLRU/CTO/2020/00124,Asha CNC LLP,"No. 90, A Industrial Layout, Kalyan Nagar, Bangalore Urban, KA - 560043",Bengaluru Urban,560043,Orange,Peenya,Renewal,Approved,2028-05-12,2025-07-14,PAN_E35F91CF1E8B0DBF,,PCB/BLRU/CTO/2020/00124,ENT-00278
PCB/MYS/CTE/2023/00125,Omkar Coatings Pvt Ltd,"22, D Mn Rd, Hebbal Industrial Area, Mysuru, KA - 570016",Mysuru,570016,Red,Tumakuru,CTE,Pending,2024-05-15,2024-10-29,PAN_AF43DCE1AC1387A9,,PCB/MYS/CTE/2023/00125,ENT-00282
PCB/MYS/CTO/2019/00126,Prakruthi Packaging Enterprises,"45, Plot Extension, Devaraja Mohalla, Mysuru, KA - 570001",Mysuru,570001,Orange,Mysuru,Renewal,Pending,2027-10-14,2022-04-11,,,PCB/MYS/CTO/2019/00126,ENT-00284
PCB/BLRU/CTO/2015/00127,Ananya Chem Industries,"No 221, B 3rd Phase, Rajajinagar Industrial Suburb, B'luru Urban, K'taka - 560059",Bengaluru Urban,560059,Red,Mysuru,CTE,Pending,2028-09-20,2023-07-10,,GSTIN_C0DEC8E9E783AE32,PCB/BLRU/CTO/2015/00127,ENT-00285
PCB/BLRU/CTO/2025/00128,Harsha Works,"#274, Plot Sector, Yelahanka, Bengaluru Urban, K'taka - 560064",Bengaluru Urban,560064,Orange,Tumakuru,CTE,Pending,2026-08-22,2025-11-19,,,PCB/BLRU/CTO/2025/00128,ENT-00286
PCB/BLRU/CTO/2023/00129,Nandi Moulding Company,"No. 200, Shed Industrial Layout, Bannerghatta Road, Bangalore Urban, K'taka - 560076",Bengaluru Urban,560076,Red,Tumakuru,Renewal,Pending,2026-10-12,2024-06-03,,,PCB/BLRU/CTO/2023/00129,ENT-00288
PCB/BLRU/CTO/2020/00130,M/S Deccan Tools Traders,"#214, B 2nd Main, Bommanahalli, Bengaluru Urban, Karnataka - 560068",Bengaluru Urban,560068,Orange,Bengaluru South,Expansion,Approved,2027-01-31,2023-05-24,,,PCB/BLRU/CTO/2020/00130,ENT-00290
PCB/BLRU/CTO/2020/00131,Siddhi Works Enterprises,"No 7, C Mn Rd, Bannerghatta Road, B'luru Urban, Karnataka - 560076",Bengaluru Urban,560076,Orange,Tumakuru,Renewal,Approved,2025-11-19,2025-09-08,,GSTIN_03C304D422D93C74,PCB/BLRU/CTO/2020/00131,ENT-00293
PCB/BLRU/CTO/2020/00132,Veda Appaels Company,"#235, Behind Metro, Peenya Industrial Area, Bangalore Urban, KA - 560058",Bengaluru Urban,560058,Green,Mysuru,CTO,Returned for Clarification,2026-06-11,2020-09-24,,,PCB/BLRU/CTO/2020/00132,ENT-00296
PCB/BLRU/CTE/2015/00133,Srinidhi Press Works,"262, Industrial Layout, Jayanagar, B'luru Urban, K'taka - 560078",Bengaluru Urban,560078,Orange,Bengaluru North,Expansion,Rejected,2024-08-17,2017-05-23,,,PCB/BLRU/CTE/2015/00133,ENT-00299
PCB/BLRU/CTO/2017/00134,Varun Systems Solutions,"No 165, D Near Bus Stop, Electronic City, Bengaluru Urban, K'taka",Bengaluru Urban,560100,Orange,Tumakuru,Expansion,Rejected,2026-02-02,2025-10-09,,,PCB/BLRU/CTO/2017/00134,ENT-00300
PCB/BLRU/CTO/2020/00135,Kaveri Wear Works,"No 12, A Sector, Rajajinagar Industrial Suburb, Bengaluru Urban, K'taka - 560059",Bengaluru Urban,560059,Green,Tumakuru,CTO,Rejected,2027-01-06,2026-04-28,,,PCB/BLRU/CTO/2020/00135,ENT-00302
PCB/BLRU/CTO/2021/00136,Nandi Moulding Company,"No. 170, B Near Bus Stop, MG Road, Bengaluru Urban, K'taka - 560001",Bengaluru Urban,560001,Red,Bengaluru South,Renewal,Returned for Clarification,2027-12-02,2023-08-18,,,PCB/BLRU/CTO/2021/00136,ENT-00306
PCB/BLRU/CTE/2019/00137,Udupi Cafe Pvt Ltd,"172, B Sector, HSR Layout, B'luru Urban, Karnataka - 560102",Bengaluru Urban,560085,Green,Tumakuru,CTO,Rejected,2025-05-22,2021-10-20,PAN_2E782F96A8964532,GSTIN_72EF44158266CEBF,PCB/BLRU/CTE/2019/00137,ENT-00307
PCB/MYS/CTE/2017/00138,Harsha Pvt Ltd,"No. 220, Extension, Hebbal Industrial Area, Mysuru, KA",Mysuru,570016,Red,Bengaluru North,CTE,Pending,2026-06-14,2017-10-11,,,PCB/MYS/CTE/2017/00138,ENT-00309
PCB/TUM/CTO/2021/00139,M/S Sree Tech Associates,"No. 285, B Industrial Layout, Antharasanahalli Indl Area, Tumakuru, K'taka - 572106",Tumakuru,572106,Orange,Bengaluru South,CTO,Returned for Clarification,2026-06-08,2024-01-06,,,PCB/TUM/CTO/2021/00139,ENT-00310
PCB/BLRU/CTE/2023/00140,M/S Bangalore Industries LLP,"#104, D Extension, Whitefield Mn Rd, Bengaluru Urban, Karnataka - 560066",Bengaluru Urban,560066,Orange,Peenya,Expansion,Pending,2028-08-15,2024-05-03,,,PCB/BLRU/CTE/2023/00140,ENT-00311
PCB/BLRU/CTE/2017/00141,Naveen Printers Solutions,"No. 69, Extension, Rajajinagar Industrial Suburb, Bangalore Urban, KA - 560059",Bengaluru Urban,560059,Orange,Bengaluru North,CTE,Rejected,2026-12-30,2024-01-13,,,PCB/BLRU/CTE/2017/00141,ENT-00312
PCB/BLRU/CTE/2020/00142,Kaveri Coatings Solutions,"No. 257, A Main Rd, Yelahanka, Bangalore Urban, Karnataka - 560064",Bengaluru Urban,560064,Red,Mysuru,CTE,Returned for Clarification,2027-10-03,2025-01-18,PAN_C652EA3CE99C21E7,,PCB/BLRU/CTE/2020/00142,ENT-00315
PCB/BLRU/CTO/2023/00143,M/S Ganesh Coatings LLP,"No. 159, Behind Metro, Koramangala, B'luru Urban, KA - 560034",Bengaluru Urban,560034,Red,Peenya,CTO,Approved,2024-12-01,2025-02-12,,GSTIN_6F5F5BAF440289E8,PCB/BLRU/CTO/2023/00143,ENT-00316
PCB/BLRU/CTO/2016/00144,Nisarga Labels Pvt Ltd,"#288, Plot Main Road, Whitefield, B'luru Urban, K'taka - 560037",Bengaluru Urban,560037,Orange,Peenya,Expansion,Returned for Clarification,2024-04-11,2024-08-03,,,PCB/BLRU/CTO/2016/00144,ENT-00317
PCB/BLRR/CTE/2017/00145,M/S Navya Industrial Co,"#203, D Extension, Devanahalli, Bangalore Rural, Karnataka - 562110",Bengaluru Rural,562110,Red,Bengaluru South,CTE,Pending,2024-11-12,2025-10-26,,,PCB/BLRR/CTE/2017/00145,ENT-00320
PCB/MYS/CTO/2022/00146,Nisarga Circuits Enterprises,"239, C Extension, Nanjangud Road, Mysuru, K'taka - 570018",Mysuru,570018,Orange,Tumakuru,CTE,Pending,2026-06-15,2023-02-16,,,PCB/MYS/CTO/2022/00146,ENT-00322
PCB/BLRU/CTE/2023/00147,Sree Enterprises,"#132, B Service Road, Electronic City, Bangalore Urban, KA - 560100",Bengaluru Urban,560100,Red,Mysuru,Renewal,Rejected,2025-08-16,2025-06-17,,,PCB/BLRU/CTE/2023/00147,ENT-00323
PCB/BLRU/CTE/2021/00148,Varun Industries,"No 206, C Industrial Layout, Jayanagar, B'luru Urban, KA - 560078",Bengaluru Urban,560078,Orange,Tumakuru,CTE,Returned for Clarification,2027-07-04,2024-06-09,,,PCB/BLRU/CTE/2021/00148,ENT-00324
