shop_license_no,establishment_name,owner_name_masked,address,district,pin_code,registration_date,renewal_due_date,employee_count,status,phone,pan_hash,gstin_hash,source_record_id,entity_id_ground_truth
KAR-SHOP-BLRU-2016-000001,Omkar Works,Director Masked,"#16, C Extension, Whitefield, Bengaluru Urban, K'taka - 560037",Bengaluru Urban,560037,2016-12-23,2017-12-23,,DORMANT,9000008056,,,KAR-SHOP-BLRU-2016-000001,ENT-00001
KAR-SHOP-BLRU-2016-000002,Shama Coatings Co,Partner 1,"No 7, Plot Service Road, Rajajinagar Industrial Suburb, Bangalore Urban, KA - 560059",Bengaluru Urban,560059,2016-11-29,2021-11-28,3,CLOSED,,,,KAR-SHOP-BLRU-2016-000002,ENT-00005
KAR-SHOP-MYS-2024-000003,Deccan Industries,Director Masked,"151, C 2nd Main, Devaraja Mohalla, Mysuru, K'taka - 570001",Mysuru,570001,2024-11-17,2029-11-16,120,ACTIVE,9000047651,,,KAR-SHOP-MYS-2024-000003,ENT-00006
KAR-SHOP-BLRU-2022-000004,Sree Logistics Pvt Ltd,Partner 1,"No 105, B 2nd Main, HSR Layout, Bangalore Urban, KA - 560102",Bengaluru Urban,560102,2022-04-05,2025-04-04,,ACTIVE,9000055570,,,KAR-SHOP-BLRU-2022-000004,ENT-00007
KAR-SHOP-BLRU-2024-000005,Siddhi Cafe Inds,Director Masked,"#181, A Near Bus Stop, Electronic City, Bengaluru Urban, Karnataka - 560100",Bengaluru Urban,560037,2024-01-31,2025-01-30,12,ACTIVE,,,,KAR-SHOP-BLRU-2024-000005,ENT-00008
KAR-SHOP-BLRR-2021-000006,Srinidhi rans Works,Partner 1,"284, Shed 1st Cr, Hoskote, B'luru Rural, KA - 562114",Bengaluru Rural,562114,2021-06-22,2026-06-21,,CLOSED,9000071408,,,KAR-SHOP-BLRR-2021-000006,ENT-00009
KAR-SHOP-BLRU-2022-000007,Ganesh Dine LLP,Managing Partner,"149, B Mn Rd, Banashankari, B'luru Urban, KA - 560085",Bengaluru Urban,560085,2022-04-27,2025-04-26,,ACTIVE,,PAN_9D3A02B5E38FC0F6,,KAR-SHOP-BLRU-2022-000007,ENT-00010
KAR-SHOP-BLRU-2025-000008,Naveen Fashions Traders,Owner B,"34, B Main Rd, Bannerghatta Road, B'luru Urban, Karnataka - 560076",Bengaluru Urban,560076,2025-03-23,2026-03-23,,ACTIVE,9000087246,,,KAR-SHOP-BLRU-2025-000008,ENT-00011
KAR-SHOP-MYS-2015-000009,Mysore Bites Works,Managing Partner,"No. 4, D 2nd Main, Devaraja Mohalla, Mysuru, K'taka - 570001",Mysuru,570001,2015-03-26,2018-03-25,180,CLOSED,9000103084,,,KAR-SHOP-MYS-2015-000009,ENT-00013
KAR-SHOP-BLRU-2017-000010,Siddhi Industrial Industries,,"#243, B Extension, Electronic City, Bengaluru Urban, KA - 560100",Bengaluru Urban,560100,2017-09-03,2022-09-02,2,DORMANT,9000111003,PAN_58C0287F2DFBF4D1,GSTIN_4CBBAC49634564E0,KAR-SHOP-BLRU-2017-000010,ENT-00014
KAR-SHOP-BLRR-2016-000011,Nandi Trans Solutions,Director Masked,"162, Sector, Doddaballapura, Bengaluru Rural, Karnataka - 561203",Bengaluru Rural,561203,2016-12-30,2019-12-30,52,CLOSED,9000126841,,,KAR-SHOP-BLRR-2016-000011,ENT-00016
KAR-SHOP-BLRU-2015-000012,Mysore Mold Solutions,Owner A,"#215, A Main Road, Whitefield Main Road, Bengaluru Urban, K'taka - 560066",Bengaluru Urban,560066,2015-12-20,2020-12-18,180,ACTIVE,,,GSTIN_3EF37A7E82305EDA,KAR-SHOP-BLRU-2015-000012,ENT-00018
KAR-SHOP-BLRR-2016-000013,Veda Coatings Works,Partner 1,"201, B Service Road, Devanahalli, B'luru Rural, Karnataka",Bengaluru Rural,562110,2016-05-14,2019-05-14,3,CLOSED,,,,KAR-SHOP-BLRR-2016-000013,ENT-00019
KAR-SHOP-MYS-2015-000014,Ravi lastics Works,Managing Partner,"No. 65, B Near Bus Stop, Hebbal Indl Area, Mysuru, KA",Mysuru,570016,2015-02-16,2016-02-16,18,CLOSED,,PAN_52B1F2FB98A9B305,GSTIN_4CD6D2E925B25B01,KAR-SHOP-MYS-2015-000014,ENT-00022
KAR-SHOP-BLRU-2025-000015,Sri Devices Solutions,Managing Partner,"No. 104, Shed Industrial Layout, HSR Layout, Bengaluru Urban, Karnataka - 560102",Bengaluru Urban,560102,2025-11-26,2030-11-25,12,ACTIVE,,,GSTIN_258B8656D131FB3A,KAR-SHOP-BLRU-2025-000015,ENT-00023
KAR-SHOP-BLRU-2018-000016,Sree Solutions,Partner 1,"#101, A Extension, Banashankari, B'luru Urban, KA - 560085",Bengaluru Urban,560085,2018-08-30,2021-08-29,,CLOSED,,,,KAR-SHOP-BLRU-2018-000016,ENT-00024
KAR-SHOP-BLRU-2022-000017,Harsha Biryani Works,Partner 1,"No. 136, C 1st Cross, Rajajinagar Industrial Suburb, B'luru Urban, Karnataka",Bengaluru Urban,560059,2022-03-25,2027-03-24,8,CLOSED,,PAN_7999756AA132CF9C,,KAR-SHOP-BLRU-2022-000017,ENT-00025
KAR-SHOP-BLRU-2022-000018,Bangalore Moulding Associates,Partner 1,"266, Shed Sector, Bommanahalli, B'luru Urban, Karnataka - 560068",Bengaluru Urban,560068,2022-03-29,2025-03-28,,CLOSED,9000206031,,,KAR-SHOP-BLRU-2022-000018,ENT-00026
KAR-SHOP-MYS-2025-000019,Bangalore Solutions,Partner 1,"No. 108, B Near Bus Stop, Hebbal Industrial Estate, Mysuru, Karnataka - 570016",Mysuru,570016,2025-09-30,2030-09-29,12,ACTIVE,,,,KAR-SHOP-MYS-2025-000019,ENT-00028
KAR-SHOP-BLRR-2017-000020,Bharath Garments Traders,Managing Partner,"18, Plot Extension, Devanahalli, Bengaluru Rural, K'taka - 562110",Bengaluru Rural,562110,2017-03-12,2018-03-12,8,DORMANT,,PAN_F9056F6DC2DB582C,,KAR-SHOP-BLRR-2017-000020,ENT-00030
KAR-SHOP-BLRU-2016-000021,M/S Mysore Entp,Partner 1,"No 256, B Mn Rd, HSR Layout, Bengaluru Urban, Karnataka - 560102",Bengaluru Urban,560102,2016-04-05,2017-04-05,2,CLOSED,,,,KAR-SHOP-BLRU-2016-000021,ENT-00031
KAR-SHOP-BLRR-2022-000022,Omkar LLP,Managing Partner,"No. 161, Shed Near Bus Stop, Doddaballapura, Bangalore Rural, Karnataka - 561203",Bengaluru Rural,561203,2022-04-25,2025-04-24,85,ACTIVE,,,GSTIN_3B5BA39EC3C6F8CF,KAR-SHOP-BLRR-2022-000022,ENT-00032
KAR-SHOP-MYS-2021-000023,Deccan Industries,Partner 1,"No. 125, D Industrial Layout, Nanjangud Road, Mysuru, KA - 570018",Mysuru,570018,2021-07-17,2022-07-17,,CLOSED,,,,KAR-SHOP-MYS-2021-000023,ENT-00033
KAR-SHOP-BLRU-2022-000024,Kaveri Components Pvt. Ltd.,Owner B,"No 106, Plot Behind Metro, HSR Layout, Bengaluru Urban, Karnataka - 560102",Bengaluru Urban,560102,2022-02-11,2025-02-10,18,CLOSED,,,,KAR-SHOP-BLRU-2022-000024,ENT-00035
KAR-SHOP-BLRR-2024-000025,Kaveri Cafe LLP,Managing Partner,"144, Mn Rd, Hoskote, Bangalore Rural, K'taka - 562114",Bengaluru Rural,562114,2024-02-29,2025-02-28,,ACTIVE,,PAN_D0431C59929A66AA,,KAR-SHOP-BLRR-2024-000025,ENT-00037
KAR-SHOP-BLRU-2018-000026,M/S Meghana Bites Associates,Owner A,"No. 2, D Sector, Banashankari, B'luru Urban, Karnataka - 560085",Bengaluru Urban,560085,2018-03-10,2023-03-09,,CLOSED,,,,KAR-SHOP-BLRU-2018-000026,ENT-00038
KAR-SHOP-BLRU-2016-000027,M/S Varun Textiles Industries,,"#252, B Near Bus Stop, Bommanahalli, Bengaluru Urban, KA - 560068",Bengaluru Urban,560068,2016-10-08,2019-10-08,,CLOSED,,,,KAR-SHOP-BLRU-2016-000027,ENT-00040
KAR-SHOP-BLRU-2018-000028,Meghana Bites Associates,Managing Partner,"No. 283, A 1st Crs, Banashankari, B'luru Urban, Karnataka - 560085",Bengaluru Urban,560085,2018-03-06,2019-03-06,18,DORMANT,9000324816,,,KAR-SHOP-BLRU-2018-000028,ENT-00041
KAR-SHOP-MYS-2025-000029,M/S Aditya Circuits Works,Director Masked,"No 157, B Extension, Hebbal Indl Area, Mysuru, Karnataka - 570016",Mysuru,570016,2025-01-19,2030-01-18,,ACTIVE,9000332735,,,KAR-SHOP-MYS-2025-000029,ENT-00042
KAR-SHOP-TUM-2024-000030,M/S Kaveri Press Entp,Director Masked,"No 151, D 2nd Main, BH Road, Tumakuru, KA - 572101",Tumakuru,572101,2024-10-10,2027-10-10,10,ACTIVE,,,,KAR-SHOP-TUM-2024-000030,ENT-00043
KAR-SHOP-TUM-2017-000031,Bangalore Garments Solutions,Owner A,"No. 232, A Behind Metro, Antharasanahalli Industrial Area, Tumakuru, KA - 572106",Tumakuru,572106,2017-01-14,2018-01-14,18,ACTIVE,,,,KAR-SHOP-TUM-2017-000031,ENT-00045
KAR-SHOP-BLRU-2023-000032,Ravi LLP,Owner B,"232, Shed Industrial Layout, Kalyan Nagar, Bengaluru Urban, KA - 560043",Bengaluru Urban,560043,2023-06-11,2026-06-10,180,DORMANT,,PAN_7500201471E3B7BA,,KAR-SHOP-BLRU-2023-000032,ENT-00046
KAR-SHOP-TUM-2017-000033,M/S Bangalore Dine Associates,Managing Partner,"#65, A Near Bus Stop, Antharasanahalli Indl Area, Tumakuru, K'taka - 572106",Tumakuru,572106,2017-09-17,2022-09-16,,CLOSED,,,,KAR-SHOP-TUM-2017-000033,ENT-00048
KAR-SHOP-BLRU-2021-000034,Omkar Pvt Ltd,Managing Partner,"No 146, D 3rd Phase, Kalyan Nagar, B'luru Urban, Karnataka - 560043",Bengaluru Urban,560043,2021-09-14,2026-09-13,,CLOSED,9000388168,PAN_70288CFE80E73E3E,GSTIN_551ED194D61A3A39,KAR-SHOP-BLRU-2021-000034,ENT-00049
KAR-SHOP-BLRU-2025-000035,Ananya Print Works,Owner A,"No. 259, Plot Sector, HSR Layout, B'luru Urban, KA - 560102",Bengaluru Urban,560102,2025-07-07,2028-07-06,25,ACTIVE,9000396087,,GSTIN_ACAA7D7367A1CA14,KAR-SHOP-BLRU-2025-000035,ENT-00050
KAR-SHOP-BLRU-2025-000036,M/S Varun Enterprises,Owner A,"No. 144, Plot Service Road, Bannerghatta Road, Bengaluru Urban, K'taka - 560076",Bengaluru Urban,560076,2025-08-03,2028-08-02,18,ACTIVE,,,,KAR-SHOP-BLRU-2025-000036,ENT-00051
KAR-SHOP-BLRU-2019-000037,M/S Naveen Company,Managing Partner,"150, Shed Service Road, Kalyan Nagar, B'luru Urban, K'taka - 560043",Bengaluru Urban,560043,2019-01-21,2022-01-20,10,CLOSED,,PAN_7F27AB95BD05A4AD,,KAR-SHOP-BLRU-2019-000037,ENT-00052
KAR-SHOP-BLRU-2021-000038,Harsha Packaging Enterprises,Director Masked,"No. 28, Plot 1st Crs, Rajajinagar Industrial Suburb, Bangalore Urban, KA",Bengaluru Urban,560059,2021-02-10,2022-02-10,,ACTIVE,,,,KAR-SHOP-BLRU-2021-000038,ENT-00053
KAR-SHOP-BLRU-2022-000039,Srinidhi Milling Traders,,"224, Shed Behind Metro, Whitefield, B'luru Urban, KA - 560037",Bengaluru Urban,560037,2022-12-15,2025-12-14,,DORMANT,9000427763,,,KAR-SHOP-BLRU-2022-000039,ENT-00054
KAR-SHOP-BLRU-2022-000040,Bharath Machining Company,Managing Partner,"#114, Plot Extension, Rajajinagar Industrial Suburb, B'luru Urban, KA",Bengaluru Urban,560059,2022-08-23,2025-08-22,,ACTIVE,,PAN_68D96D53458F1A0C,,KAR-SHOP-BLRU-2022-000040,ENT-00055
KAR-SHOP-BLRU-2015-000041,Bharath Graphics Solutions,Partner 1,"No 262, Sector, Jayanagar, Bangalore Urban, Karnataka",Bengaluru Urban,560078,2015-10-24,2020-10-22,3,CLOSED,,,,KAR-SHOP-BLRU-2015-000041,ENT-00056
KAR-SHOP-MYS-2016-000042,M/S Prakruthi Electronics Industries,,"No 8, Plot Main Rd, Hebbal Industrial Estate, Mysuru, KA - 570016",Mysuru,570016,2016-03-18,2019-03-18,52,DORMANT,,,GSTIN_487CE3E3650EC8AB,KAR-SHOP-MYS-2016-000042,ENT-00057
KAR-SHOP-BLRU-2019-000043,M/S Siddhi Systems LLP,,"285, D Extension, Kalyan Nagar, Bengaluru Urban, KA - 560043",Bengaluru Urban,560043,2019-01-13,2020-01-13,180,DORMANT,9000459439,PAN_61DDEBCDB1F47867,,KAR-SHOP-BLRU-2019-000043,ENT-00058
KAR-SHOP-BLRR-2017-000044,Veda Stitch LLP,Managing Partner,"No 147, A Mn Rd, Hoskote, Bengaluru Rural, KA - 562114",Bengaluru Rural,562114,2017-08-29,2020-08-28,52,CLOSED,9000475277,PAN_53DFB287DCA51FAF,,KAR-SHOP-BLRR-2017-000044,ENT-00060
KAR-SHOP-BLRU-2017-000045,Veda Devices Co,Owner A,"No 236, B Industrial Layout, Koramangala, Bangalore Urban, Karnataka - 560034",Bengaluru Urban,560034,2017-10-17,2020-10-16,,DORMANT,,PAN_351DA89F823C2212,,KAR-SHOP-BLRU-2017-000045,ENT-00064
KAR-SHOP-BLRU-2018-000046,M/S Sri Agro Industries,Partner 1,"275, 1st Crs, Bannerghatta Road, Bengaluru Urban, K'taka - 560076",Bengaluru Urban,560076,2018-03-17,2023-03-16,,DORMANT,,PAN_3951A0735074896F,,KAR-SHOP-BLRU-2018-000046,ENT-00065
KAR-SHOP-BLRU-2017-000047,Sree Dine Co,Director Masked,"152, B Main Road, HSR Layout, Bangalore Urban, KA - 560102",Bengaluru Urban,560102,2017-06-28,2022-06-27,25,CLOSED,,,,KAR-SHOP-BLRU-2017-000047,ENT-00066
KAR-SHOP-BLRU-2018-000048,M/S Sahana Meds Entp,Owner A,"#28, D 1st Cr, BTM Layout, Bengaluru Urban, Karnataka - 560029",Bengaluru Urban,560029,2018-08-06,2021-08-05,18,CLOSED,9000530710,,,KAR-SHOP-BLRU-2018-000048,ENT-00067
KAR-SHOP-MYS-2022-000049,Vijaya Bites Idustries,Director Masked,"100, Plot 1st Cr, Devaraja Mohalla, Mysuru, Karnataka - 570001",Mysuru,570001,2022-08-15,2025-08-14,8,DORMANT,9000538629,,,KAR-SHOP-MYS-2022-000049,ENT-00068
KAR-SHOP-BLRU-2017-000050,Sri Spices Solutions,Owner B,"No. 22, Sector, MG Road, B'luru Urban, KA - 560001",Bengaluru Urban,560001,2017-08-21,2022-08-20,,CLOSED,,,,KAR-SHOP-BLRU-2017-000050,ENT-00070
KAR-SHOP-TUM-2015-000051,Prakruth CNC LLP,Managing Partner,"No 3, A Behind Metro, Antharasanahalli Industrial Area, Tumakuru, KA",Tumakuru,572106,2015-11-06,2020-11-04,,ACTIVE,9000562386,,GSTIN_06336E828E872AF8,KAR-SHOP-TUM-2015-000051,ENT-00071
KAR-SHOP-BLRU-2021-000052,M/S Srinidhi Co,,"No. 297, D 1st Crs, Whitefield, B'luru Urban, K'taka - 560037",Bengaluru Urban,560037,2021-09-02,2024-09-01,52,DORMANT,9000578224,PAN_16FFF79FDBB72FE8,,KAR-SHOP-BLRU-2021-000052,ENT-00073
KAR-SHOP-BLRU-2015-000053,M/S Ravi Tech Associates,Owner A,"#84, A Sector, Whitefield Main Rd, B'luru Urban, K'taka - 560066",Bengaluru Urban,560058,2015-02-08,2020-02-07,18,CLOSED,,PAN_4835302AA2861E40,,KAR-SHOP-BLRU-2015-000053,ENT-00075
KAR-SHOP-MYS-2020-000054,Ananya Pharma Traders,Managing Partner,"#262, A 1st Cr, Devaraja Mohalla, Mysuru, Karnataka - 570001",Mysuru,570001,2020-02-05,2023-02-04,3,DORMANT,,,,KAR-SHOP-MYS-2020-000054,ENT-00077
KAR-SHOP-BLRR-2019-000055,M/S Aditya Medical Pvt. Ltd.,Partner 1,"282, Extension, Hoskote, Bangalore Rural, Karnataka - 562114",Bengaluru Rural,562114,2019-10-10,2022-10-09,,DORMANT,,,,KAR-SHOP-BLRR-2019-000055,ENT-00078
KAR-SHOP-MYS-2023-000056,Ravi Co,Partner 1,"No 271, A 1st Crs, Hebbal Industrial Estate, Mysuru, KA - 570016",Mysuru,570016,2023-06-29,2028-06-27,3,DORMANT,,,,KAR-SHOP-MYS-2023-000056,ENT-00079
KAR-SHOP-BLRU-2024-000057,Meghana Wear Traders,Managing Partner,"No 120, Plot Sector, Peenya Indl Area, Bangalore Urban, KA - 560058",Bengaluru Urban,560058,2024-09-27,2029-09-26,,ACTIVE,,,,KAR-SHOP-BLRU-2024-000057,ENT-00081
KAR-SHOP-BLRU-2022-000058,M/S Nandi Electronics Solutions,Director Masked,"271, A Extension, Electronic City, B'luru Urban, Karnataka - 560100",Bengaluru Urban,560100,2022-08-27,2027-08-26,8,CLOSED,,,,KAR-SHOP-BLRU-2022-000058,ENT-00083
KAR-SHOP-BLRU-2023-000059,Veda Kitchen Industries,Partner 1,"No 275, Shed 1st Crs, Yelahanka, Bengaluru Urban, K'taka - 560064",Bengaluru Urban,560064,2023-09-23,2028-09-21,25,ACTIVE,9000665333,,GSTIN_8BFD86A7E4C94C5A,KAR-SHOP-BLRU-2023-000059,ENT-00084
KAR-SHOP-MYS-2016-000060,Mysore Works,Owner A,"280, C Industrial Layout, Nanjangud Road, Mysuru, Karnataka - 570018",Mysuru,570018,2016-04-18,2017-04-18,3,CLOSED,,,,KAR-SHOP-MYS-2016-000060,ENT-00085
KAR-SHOP-BLRU-2015-000061,Bharath Biryani Pvt Ltd,Owner A,"94, D Industrial Layout, Bannerghatta Road, B'luru Urban, KA - 560076",Bengaluru Urban,560076,2015-11-04,2018-11-03,10,CLOSED,9000697009,PAN_6B3CF6A834CD32BE,,KAR-SHOP-BLRU-2015-000061,ENT-00088
KAR-SHOP-BLRU-2019-000062,Bharath Tech Associats,Partner 1,"54, D 3rd Phase, BTM Layout, B'luru Urban, Karnataka",Bengaluru Urban,560029,2019-08-16,2024-08-14,,DORMANT,9000712847,PAN_2DA615F179254D21,GSTIN_095CC47503753CCB,KAR-SHOP-BLRU-2019-000062,ENT-00090
KAR-SHOP-BLRU-2021-000063,M/S Sharma Stitch Enterprises,,"No 142, D 3rd Phase, Peenya Industrial Area, Bengaluru Urban, KA - 560058",Bengaluru Urban,560058,2021-06-06,2022-06-06,25,CLOSED,,,,KAR-SHOP-BLRU-2021-000063,ENT-00091
KAR-SHOP-BLRU-2023-000064,Prakruthi Care Industries,Director Masked,"42, C Behind Metro, Rajajinagar Industrial Suburb, Bangalore Urban, Karnataka - 560059",Bengaluru Urban,560059,2023-03-17,2028-03-15,52,DORMANT,,,,KAR-SHOP-BLRU-2023-000064,ENT-00092
KAR-SHOP-BLRU-2015-000065,Sharma Biryani Pv Ltd,Owner B,"52, Plot 2nd Main, Bommanahalli, Bengaluru Urban, K'taka - 560068",Bengaluru Urban,560068,2015-05-06,2020-05-04,4,CLOSED,,,,KAR-SHOP-BLRU-2015-000065,ENT-00094
KAR-SHOP-BLRU-2016-000066,Decan Packaging Traders,Managing Partner,"No. 211, C 1st Cr, BTM Layout, B'luru Urban, Karnataka - 560029",Bengaluru Urban,560029,2016-12-18,2017-12-18,52,CLOSED,9000752442,,,KAR-SHOP-BLRU-2016-000066,ENT-00095
KAR-SHOP-MYS-2023-000067,M/S Ananya Devices Solutions,Owner A,"250, D Extension, Hebbal Indl Area, Mysuru, KA - 570016",Mysuru,570016,2023-01-07,2024-01-07,,DORMANT,9000760361,,,KAR-SHOP-MYS-2023-000067,ENT-00096
KAR-SHOP-BLRU-2025-000068,Ganesh Works,,"76, B Industrial Layout, BTM Layout, Bangalore Urban, K'taka - 560029",Bengaluru Urban,560029,2025-09-06,2026-09-06,,ACTIVE,9000776199,,GSTIN_21E1AB5D76E10596,KAR-SHOP-BLRU-2025-000068,ENT-00098
KAR-SHOP-BLRR-2019-000069,Mysore Cargo Solutions,Partner 1,"No 62, Shed 1st Cr, Hoskote, Bengaluru Rural, KA - 562114",Bengaluru Rural,562114,2019-11-26,2024-11-24,120,CLOSED,,,GSTIN_9D23D1FC7C1597DC,KAR-SHOP-BLRR-2019-000069,ENT-00099
KAR-SHOP-BLRU-2018-000070,Srinidhi Enterprises,Owner A,"No 195, B Behind Metro, Banashankari, Bangalore Urban, K'taka - 560085",Bengaluru Urban,560085,2018-09-08,2023-09-07,8,CLOSED,,,,KAR-SHOP-BLRU-2018-000070,ENT-00101
KAR-SHOP-TUM-2021-000071,Sharma CNC Entp,Owner B,"No 68, A Main Rd, Antharasanahalli Industrial Estate, Tumakuru, K'taka - 572106",Tumakuru,572106,2021-05-15,2024-05-14,12,DORMANT,,,,KAR-SHOP-TUM-2021-000071,ENT-00102
KAR-SHOP-BLRU-2019-000072,Navya Printers Traders,Director Masked,"#18, Shed Main Rd, Electronic City, Bangalore Urban, K'taka - 560100",Bengaluru Urban,560100,2019-04-24,2022-04-23,5,DORMANT,,,,KAR-SHOP-BLRU-2019-000072,ENT-00104
KAR-SHOP-MYS-2015-000073,M/S Harsha Industries,Owner A,"#45, Extension, Devaraja Mohalla, Mysuru, KA - 570001",Mysuru,570001,2015-09-21,2020-09-19,4,CLOSED,,,,KAR-SHOP-MYS-2015-000073,ENT-00107
KAR-SHOP-BLRU-2024-000074,Harsha Tools Associates,Director Masked,"No 299, C Industrial Layout, MG Road, Bengaluru Urban, KA - 560001",Bengaluru Urban,560001,2024-03-04,2029-03-03,,DORMANT,,PAN_1ED35C49BCEF6450,,KAR-SHOP-BLRU-2024-000074,ENT-00113
KAR-SHOP-BLRU-2022-000075,Nandi Bakery Pvt Ltd,Owner A,"No 99, A 3rd Phase, Peenya Indl Area, B'luru Urban, K'taka - 560058",Bengaluru Urban,560058,2022-08-23,2027-08-22,52,ACTIVE,,,,KAR-SHOP-BLRU-2022-000075,ENT-00114
KAR-SHOP-BLRU-2016-000076,Bangalore Care Works,Director Masked,"185, C Service Road, Bannerghatta Road, B'luru Urban, KA - 560076",Bengaluru Urban,560076,2016-12-11,2019-12-11,180,CLOSED,9000910822,,,KAR-SHOP-BLRU-2016-000076,ENT-00115
KAR-SHOP-BLRU-2025-000077,M/S Prakruthi Packaging Industries,Managing Partner,"#259, Industrial Layout, Kalyan Nagar, B'luru Urban, Karnataka - 560043",Bengaluru Urban,560043,2025-07-18,2030-07-17,18,ACTIVE,,PAN_48CB936EB630942B,,KAR-SHOP-BLRU-2025-000077,ENT-00116
KAR-SHOP-BLRU-2015-000078,M/S Prakruthi Electronics Industries,Partner 1,"No. 121, Shed 3rd Phase, Bannerghatta Road, Bangalore Urban, KA - 560076",Bengaluru Urban,560076,2015-05-30,2016-05-29,12,CLOSED,,,,KAR-SHOP-BLRU-2015-000078,ENT-00118
KAR-SHOP-BLRR-2016-000079,M/S Aarohi Medical Works,Director Masked,"No 281, A 3rd Phase, Devanahalli, Bengaluru Rural, K'taka",Bengaluru Rural,562110,2016-08-23,2019-08-23,,CLOSED,,PAN_3426BF4E10BA99AA,,KAR-SHOP-BLRR-2016-000079,ENT-00120
KAR-SHOP-BLRU-2016-000080,Sree Clinic Industries,,"No 36, Sector, HSR Layout, Bangalore Urban, K'taka - 560102",Bengaluru Urban,560102,2016-05-16,2021-05-15,4,CLOSED,9000958336,,,KAR-SHOP-BLRU-2016-000080,ENT-00121
KAR-SHOP-BLRU-2022-000081,Aarohi Apparels Company,Managing Partner,"136, D 3rd Phase, Bannerghatta Road, B'luru Urban, Karnataka - 560076",Bengaluru Urban,560076,2022-06-24,2023-06-24,120,DORMANT,9000966255,,,KAR-SHOP-BLRU-2022-000081,ENT-00122
KAR-SHOP-BLRU-2020-000082,Nisarga Industrial Co,Managing Partner,"#194, A Behind Metro, Hebbal, Bangalore Urban, KA - 560024",Bengaluru Urban,560024,2020-02-12,2023-02-11,12,ACTIVE,,,,KAR-SHOP-BLRU-2020-000082,ENT-00123
KAR-SHOP-BLRU-2023-000083,Sahana Works Company,Managing Partner,"No 50, Sector, Rajajinagar Industrial Suburb, Bengaluru Urban, KA - 560059",Bengaluru Urban,560059,2023-01-06,2024-01-06,10,DORMANT,9000982093,,,KAR-SHOP-BLRU-2023-000083,ENT-00124
KAR-SHOP-BLRU-2015-000084,M/S Navya Snacks Industries,Director Masked,"No. 87, Plot 2nd Main, Electronic City, B'luru Urban, K'taka - 560100",Bengaluru Urban,560100,2015-02-02,2018-02-01,,CLOSED,,,,KAR-SHOP-BLRU-2015-000084,ENT-00125
KAR-SHOP-MYS-2018-000085,Sahana Garments Co,,"98, D Extension, Nanjangud Road, Mysuru, K'taka - 570018",Mysuru,570018,2018-10-24,2023-10-23,5,DORMANT,,,,KAR-SHOP-MYS-2018-000085,ENT-00126
KAR-SHOP-BLRR-2021-000086,Srinidhi Co,,"144, 3rd Phase, Devanahalli, Bangalore Rural, Karnataka - 562110",Bengaluru Rural,562110,2021-11-29,2026-11-28,120,DORMANT,9001013769,,,KAR-SHOP-BLRR-2021-000086,ENT-00128
KAR-SHOP-BLRU-2024-000087,Kaveri Cargo Solutions,,"No 1, 2nd Main, Peenya Indl Area, B'luru Urban, K'taka",Bengaluru Urban,560058,2024-12-13,2025-12-13,180,ACTIVE,,,,KAR-SHOP-BLRU-2024-000087,ENT-00130
KAR-SHOP-BLRR-2017-000088,Sri Kitchen Entp,Owner B,"#128, A Extension, Hoskote, Bangalore Rural, Karnataka",Bengaluru Rural,562114,2017-09-13,2022-09-12,12,CLOSED,9001045445,,,KAR-SHOP-BLRR-2017-000088,ENT-00132
KAR-SHOP-MYS-2021-000089,Sri Moulding Works,Director Masked,"#257, B Service Road, Devaraja Mohalla, Mysuru, Karnataka - 570001",Mysuru,570001,2021-10-01,2026-09-30,,DORMANT,,,,KAR-SHOP-MYS-2021-000089,ENT-00133
KAR-SHOP-BLRR-2020-000090,M/S Kaveri Textiles Enterprises,Partner 1,"282, D 3rd Phase, Devanahalli, B'luru Rural, Karnataka - 562110",Bengaluru Rural,562110,2020-09-19,2023-09-19,,ACTIVE,,,,KAR-SHOP-BLRR-2020-000090,ENT-00135
KAR-SHOP-BLRU-2021-000091,Omkar Agro Co,Director Masked,"No. 138, 1st Cross, Electronic City, B'luru Urban, K'taka - 560100",Bengaluru Urban,560100,2021-12-29,2026-12-28,,ACTIVE,9001085040,,,KAR-SHOP-BLRU-2021-000091,ENT-00137
KAR-SHOP-MYS-2022-000092,Meghana Meals Industries,Managing Partner,"244, B 1st Crs, Devaraja Mohalla, Mysuru, KA - 570001",Mysuru,570001,2022-11-30,2023-11-30,85,DORMANT,9001092959,,,KAR-SHOP-MYS-2022-000092,ENT-00138
KAR-SHOP-BLRU-2019-000093,M/S Harsha Works Co,Managing Partner,"No. 1, D 2nd Main, Whitefield, Bengaluru Urban, KA",Bengaluru Urban,560037,2019-01-13,2022-01-12,25,DORMANT,,,,KAR-SHOP-BLRU-2019-000093,ENT-00139
KAR-SHOP-BLRU-2017-000094,Omkar Agro Company,Partner 1,"No 114, B Behind Metro, Bommanahalli, B'luru Urban, Karnataka - 560068",Bengaluru Urban,560068,2017-11-16,2018-11-16,18,DORMANT,,,,KAR-SHOP-BLRU-2017-000094,ENT-00140
KAR-SHOP-BLRR-2024-000095,Lakshmi Pharma Works,Managing Partner,"#147, B Extension, Bagalur, B'luru Rural, K'taka - 562157",Bengaluru Rural,562157,2024-10-16,2027-10-16,12,ACTIVE,,,,KAR-SHOP-BLRR-2024-000095,ENT-00142
KAR-SHOP-BLRU-2022-000096,Siddhi Pvt Ltd,,"No 57, Shed 1st Crs, Jayanagar, Bengaluru Urban, KA - 560078",Bengaluru Urban,560078,2022-07-15,2027-07-14,36,DORMANT,9001132554,PAN_E7BA1C541B523007,GSTIN_28F1CEE0CCF48D1F,KAR-SHOP-BLRU-2022-000096,ENT-00143
KAR-SHOP-BLRU-2016-000097,Varun Meals Solutions,Owner B,"50, Plot Industrial Layout, Yelahanka, B'luru Urban, KA - 560064",Bengaluru Urban,560064,2016-07-27,2017-07-27,4,CLOSED,9001140473,,,KAR-SHOP-BLRU-2016-000097,ENT-00144
KAR-SHOP-BLRU-2022-000098,Veda Wors,Managing Partner,"#37, C Sector, Bannerghatta Road, Bangalore Urban, Karnataka - 560076",Bengaluru Urban,560076,2022-07-30,2027-07-29,25,CLOSED,,PAN_AFC8094B4CA9D821,,KAR-SHOP-BLRU-2022-000098,ENT-00145
KAR-SHOP-BLRU-2020-000099,M/S Vijaya Tools Solutions,Managing Partner,"No. 219, Plot Sector, Banashankari, B'luru Urban, K'taka - 560085",Bengaluru Urban,560085,2020-11-05,2025-11-04,36,CLOSED,,PAN_2A326CE9B95887B7,,KAR-SHOP-BLRU-2020-000099,ENT-00148
KAR-SHOP-BLRU-2022-000100,Udupi Pharma Works,Managing Partner,"No. 293, Plot Service Road, Whitefield Mn Rd, Bangalore Urban, KA",Bengaluru Urban,560034,2022-04-14,2023-04-14,36,DORMANT,,,,KAR-SHOP-BLRU-2022-000100,ENT-00149
KAR-SHOP-BLRU-2021-000101,Meghana Machining Works,Director Masked,"#182, B Main Rd, Whitefield Main Rd, Bangalore Urban, Karnataka - 560066",Bengaluru Urban,560066,2021-12-19,2022-12-19,10,ACTIVE,,PAN_0192D2CF32EDE07B,,KAR-SHOP-BLRU-2021-000101,ENT-00152
KAR-SHOP-BLRU-2023-000102,Sahana Kitchen Solutions,Director Masked,"#223, B Industrial Layout, Peenya Industrial Estate, B'luru Urban, KA",Bengaluru Urban,560058,2023-02-08,2024-02-08,,DORMANT,,PAN_940AFB831AD7678B,GSTIN_769BF5CF37091846,KAR-SHOP-BLRU-2023-000102,ENT-00153
KAR-SHOP-BLRU-2016-000103,Navya Trans Co,Partner 1,"No 106, A 1st Cross, Kalyan Nagar, Bangalore Urban, Karnataka - 560043",Bengaluru Urban,560043,2016-11-23,2019-11-23,3,DORMANT,9001219663,PAN_D4524C092CF0FE77,,KAR-SHOP-BLRU-2016-000103,ENT-00154
KAR-SHOP-BLRU-2023-000104,Mysore Industries,Managing Partner,"No 23, Near Bus Stop, Banashankari, Bengaluru Urban, Karnataka - 560085",Bengaluru Urban,560085,2023-04-27,2026-04-26,,DORMANT,9001235501,,,KAR-SHOP-BLRU-2023-000104,ENT-00156
KAR-SHOP-BLRU-2015-000105,Naveen Coatings Co,,"154, A Behind Metro, Rajajinagar Industrial Suburb, B'luru Urban, Karnataka - 560059",Bengaluru Urban,560059,2015-09-24,2018-09-23,,CLOSED,,,,KAR-SHOP-BLRU-2015-000105,ENT-00157
KAR-SHOP-TUM-2020-000106,Srinidhi Bites Co,,"#250, Plot Main Road, Antharasanahalli Indl Area, Tumakuru, K'taka - 572106",Tumakuru,572106,2020-10-21,2023-10-21,12,DORMANT,,,,KAR-SHOP-TUM-2020-000106,ENT-00160
KAR-SHOP-BLRU-2017-000107,Bangalore Apparels Enterprises,Director Masked,"No 61, D Behind Metro, Yelahanka, Bangalore Urban, Karnataka",Bengaluru Urban,560064,2017-08-19,2022-08-18,10,CLOSED,9001275096,,,KAR-SHOP-BLRU-2017-000107,ENT-00161
KAR-SHOP-BLRU-2025-000108,M/S Ananya CNC LLP,Managing Partner,"No. 279, Main Road, Whitefield, Bengaluru Urban, KA - 560037",Bengaluru Urban,560037,2025-04-21,2030-04-20,52,ACTIVE,9001283015,PAN_B48DAB13DA2391E4,,KAR-SHOP-BLRU-2025-000108,ENT-00162
KAR-SHOP-BLRR-2020-000109,Asha Clinic Solutions,Owner B,"231, Shed Near Bus Stop, Hoskote, Bangalore Rural, KA - 562114",Bengaluru Rural,562114,2020-07-02,2025-07-01,,CLOSED,9001290934,,,KAR-SHOP-BLRR-2020-000109,ENT-00163
KAR-SHOP-BLRU-2022-000110,M/S Sahana Kitchen Solutions,Director Masked,"#49, C 2nd Main, Peenya Industrial Estate, Bangalore Urban, Karnataka - 560058",Bengaluru Urban,560058,2022-11-15,2023-11-15,,CLOSED,9001298853,PAN_803503E53FF5E31D,,KAR-SHOP-BLRU-2022-000110,ENT-00164
KAR-SHOP-BLRR-2015-000111,M/SVarun Dine Company,Managing Partner,"#101, A Service Road, Devanahalli, Bangalore Rural, K'taka - 562110",Bengaluru Rural,562110,2015-05-02,2018-05-01,,CLOSED,9001306772,,,KAR-SHOP-BLRR-2015-000111,ENT-00165
KAR-SHOP-BLRU-2025-000112,Sharma Electronics Solutions,Owner A,"No 75, C Behind Metro, MG Road, Bangalore Urban, Karnataka",Bengaluru Urban,560001,2025-01-26,2026-01-26,,ACTIVE,9001314691,,GSTIN_548155C09F71AF1A,KAR-SHOP-BLRU-2025-000112,ENT-00166
KAR-SHOP-BLRR-2020-000113,Ganesh Kitchen LLP,Owner B,"#166, A 3rd Phase, Devanahalli, Bengaluru Rural, K'taka - 562110",Bengaluru Rural,562110,2020-07-10,2025-07-09,3,DORMANT,,PAN_0FFB79AD5EBE17FE,,KAR-SHOP-BLRR-2020-000113,ENT-00168
KAR-SHOP-BLRU-2018-000114,Bharath Spices LLP,Owner A,"#172, D 2nd Main, Whitefield Mn Rd, B'luru Urban, Karnataka - 560066",Bengaluru Urban,560066,2018-06-10,2019-06-10,4,CLOSED,9001346367,,,KAR-SHOP-BLRU-2018-000114,ENT-00170
KAR-SHOP-TUM-2017-000115,Vijaya Fashions Works,Owner A,"No 16, Shed Extension, Antharasanahalli Industrial Area, Tumakuru, K'taka - 572106",Tumakuru,572106,2017-09-05,2018-09-05,,CLOSED,9001354286,,,KAR-SHOP-TUM-2017-000115,ENT-00171
KAR-SHOP-BLRU-2024-000116,M/S Asha Solutions,Owner B,"No. 145, D Mn Rd, Hebbal, B'luru Urban, KA - 560024",Bengaluru Urban,560024,2024-09-12,2025-09-12,,DORMANT,,,,KAR-SHOP-BLRU-2024-000116,ENT-00172
KAR-SHOP-BLRU-2017-000117,Bharath Medical Solutions,Director Masked,"154, Plot 2nd Main, Bommanahalli, Bengaluru Urban, K'taka - 560068",Bengaluru Urban,560068,2017-02-03,2020-02-03,10,CLOSED,,,,KAR-SHOP-BLRU-2017-000117,ENT-00174
KAR-SHOP-BLRU-2018-000118,Prakruthi LLP,,"No. 199, C Near Bus Stop, Banashankari, B'luru Urban, Karnataka - 560085",Bengaluru Urban,560085,2018-03-15,2021-03-14,,CLOSED,,,,KAR-SHOP-BLRU-2018-000118,ENT-00175
KAR-SHOP-MYS-2017-000119,Srinidhi Health Traders,,"246, A 3rd Phase, Devaraja Mohalla, Mysuru, KA - 570001",Mysuru,570001,2017-03-21,2020-03-20,4,CLOSED,,PAN_952D416D1A8B6D22,,KAR-SHOP-MYS-2017-000119,ENT-00177
KAR-SHOP-MYS-2018-000120,Kaveri Meds Associates,Owner A,"263, C 2nd Main, Nanjangud Road, Mysuru, Karnataka - 570018",Mysuru,570018,2018-04-29,2019-04-29,36,DORMANT,,,,KAR-SHOP-MYS-2018-000120,ENT-00178
KAR-SHOP-BLRU-2018-000121,Sri Pvt. td.,Owner B,"No 207, Plot 1st Cr, HSR Layout, B'luru Urban, KA - 560102",Bengaluru Urban,560102,2018-05-02,2023-05-01,,CLOSED,,,,KAR-SHOP-BLRU-2018-000121,ENT-00182
KAR-SHOP-BLRR-2022-000122,Ravi Agro Associates,Owner A,"No 247, Shed Main Road, Hoskote, Bengaluru Rural, KA - 562114",Bengaluru Rural,562114,2022-11-03,2023-11-03,12,ACTIVE,,,GSTIN_A85500D8880D9924,KAR-SHOP-BLRR-2022-000122,ENT-00183
KAR-SHOP-BLRU-2018-000123,Varun Components LLP,Partner 1,"#221, B Behind Metro, Whitefield Main Rd, Bangalore Urban, Karnataka - 560066",Bengaluru Urban,560066,2018-09-01,2021-08-31,120,CLOSED,,,,KAR-SHOP-BLRU-2018-000123,ENT-00184
KAR-SHOP-MYS-2021-000124,Sharma Pvt. Ltd.,Owner B,"No. 117, C 2nd Main, Nanjangud Road, Mysuru, KA - 570018",Mysuru,570018,2021-02-05,2026-02-04,,CLOSED,9001465152,PAN_53FF0F575981F6E7,,KAR-SHOP-MYS-2021-000124,ENT-00185
KAR-SHOP-BLRU-2015-000125,Nisarga Enterprises,Managing Partner,"No. 143, Mn Rd, MG Road, B'luru Urban, Karnataka - 560001",Bengaluru Urban,560001,2015-07-08,2018-07-07,12,ACTIVE,,,,KAR-SHOP-BLRU-2015-000125,ENT-00186
KAR-SHOP-BLRR-2022-000126,Varun Industries Industries,Partner 1,"155, Shed Near Bus Stop, Doddaballapura, Bengaluru Rural, KA - 561203",Bengaluru Rural,561203,2022-04-28,2027-04-27,120,DORMANT,,,,KAR-SHOP-BLRR-2022-000126,ENT-00187
KAR-SHOP-BLRU-2016-000127,Sahan Apparels Co,Managing Partner,"No. 233, D Behind Metro, Whitefield, B'luru Urban, K'taka - 560037",Bengaluru Urban,560037,2016-06-07,2017-06-07,,DORMANT,9001496828,,,KAR-SHOP-BLRU-2016-000127,ENT-00189
KAR-SHOP-BLRU-2025-000128,Veda Meds Works,Owner A,"163, C Near Bus Stop, Bommanahalli, Bangalore Urban, KA - 560068",Bengaluru Urban,560068,2025-05-20,2030-05-19,2,ACTIVE,9001504747,,,KAR-SHOP-BLRU-2025-000128,ENT-00190
KAR-SHOP-BLRU-2024-000129,M/S Navya Solvents Pvt Ltd,Director Masked,"105, B Service Road, Rajajinagar Industrial Suburb, B'luru Urban, Karnataka",Bengaluru Urban,560059,2024-06-29,2025-06-29,,ACTIVE,,PAN_BA965A612193B3F3,,KAR-SHOP-BLRU-2024-000129,ENT-00192
KAR-SHOP-BLRU-2015-000130,Nisarga Trans Works,Director Masked,"No. 142, A Service Road, Whitefield Mn Rd, Bangalore Urban, K'taka - 560066",Bengaluru Urban,560066,2015-09-16,2018-09-15,10,CLOSED,,PAN_19E3602EC3E7F9DD,,KAR-SHOP-BLRU-2015-000130,ENT-00194
KAR-SHOP-BLRU-2017-000131,Meghana Moulding Indstries,Partner 1,"No 26, B Extension, Peenya Indl Area, Bengaluru Urban, K'taka",Bengaluru Urban,560058,2017-10-08,2022-10-07,180,ACTIVE,,,,KAR-SHOP-BLRU-2017-000131,ENT-00195
KAR-SHOP-BLRU-2016-000132,Sri Foods Company,,"#116, B Extension, Electronic City, Bangalore Urban, Karnataka - 560100",Bengaluru Urban,560100,2016-02-27,2019-02-26,,CLOSED,9001552261,,GSTIN_66BB558DEFC53F1C,KAR-SHOP-BLRU-2016-000132,ENT-00196
KAR-SHOP-BLRR-2018-000133,Sri Moulding Works,Director Masked,"#256, Plot Extension, Bagalur, B'luru Rural, Karnataka - 562157",Bengaluru Rural,562157,2018-05-21,2023-05-20,,CLOSED,,,GSTIN_94AD8B47A12A9F0A,KAR-SHOP-BLRR-2018-000133,ENT-00200
KAR-SHOP-MYS-2022-000134,Harsha Meals Associates,Partner 1,"#175, B 3rd Phase, Nanjangud Road, Mysuru, Karnataka - 570018",Mysuru,570018,2022-01-07,2023-01-07,4,DORMANT,9001591856,,,KAR-SHOP-MYS-2022-000134,ENT-00201
KAR-SHOP-BLRU-2022-000135,M/S Veda Agro Co,Partner 1,"No. 125, B Extension, Rajajinagar Industrial Suburb, Bengaluru Urban, Karnataka - 560059",Bengaluru Urban,560059,2022-05-20,2025-05-19,,DORMANT,,PAN_359BBEA1FD8C7255,,KAR-SHOP-BLRU-2022-000135,ENT-00202
KAR-SHOP-BLRU-2024-000136,Nisarga Clinic LLP,Managing Partner,"274, Shed Industrial Layout, Bommanahalli, Bengaluru Urban, KA - 560068",Bengaluru Urban,560068,2024-10-30,2025-10-30,12,ACTIVE,9001615613,PAN_A649BC809A6F8598,GSTIN_A9E08D0BBB6A8FB3,KAR-SHOP-BLRU-2024-000136,ENT-00204
KAR-SHOP-BLRR-2017-000137,Veda Associates,Managing Partner,"No 85, A Extension, Bagalur, Bengaluru Rural, Karnataka - 562157",Bengaluru Rural,562157,2017-08-16,2020-08-15,12,CLOSED,9001631451,,,KAR-SHOP-BLRR-2017-000137,ENT-00206
KAR-SHOP-MYS-2019-000138,M/S Sahana Warehouse Traders,Managing Partner,"88, Industrial Layout, Devaraja Mohalla, Mysuru, K'taka - 570001",Mysuru,570001,2019-05-22,2024-05-20,,DORMANT,,,,KAR-SHOP-MYS-2019-000138,ENT-00208
KAR-SHOP-BLRU-2020-000139,Ananya Circuits Enterprises,Director Masked,"235, 1st Cross, Banashankari, Bengaluru Urban, KA - 560085",Bengaluru Urban,560085,2020-06-30,2025-06-29,5,DORMANT,,PAN_89D177635C352E51,,KAR-SHOP-BLRU-2020-000139,ENT-00209
KAR-SHOP-BLRU-2018-000140,Lakshmi Electronics LLP,Managing Partner,"No 1, C Main Road, Hebbal, B'luru Urban, KA - 560024",Bengaluru Urban,560024,2018-03-01,2019-03-01,,ACTIVE,,,GSTIN_D4B3E439A104BF10,KAR-SHOP-BLRU-2018-000140,ENT-00210
KAR-SHOP-BLRU-2022-000141,Ravi Textiles Company,Owner A,"No 296, D 2nd Main, Hebbal, Bangalore Urban, KA - 560024",Bengaluru Urban,560024,2022-02-05,2023-02-05,,DORMANT,9001678965,,,KAR-SHOP-BLRU-2022-000141,ENT-00212
KAR-SHOP-MYS-2023-000142,Veda Cafe Industries,Director Masked,"No 284, Plot 3rd Phase, Hebbal Industrial Estate, Mysuru, KA - 570016",Mysuru,570016,2023-01-09,2028-01-08,10,DORMANT,9001710641,PAN_0B9ABCD880D1835B,,KAR-SHOP-MYS-2023-000142,ENT-00216
KAR-SHOP-BLRU-2017-000143,Anany Electronics Co,Managing Partner,"292, Mn Rd, BTM Layout, Bengaluru Urban, KA - 560029",Bengaluru Urban,560029,2017-09-22,2022-09-21,36,CLOSED,,,GSTIN_83DB68A080A1D4A6,KAR-SHOP-BLRU-2017-000143,ENT-00218
KAR-SHOP-BLRR-2019-000144,M/S Navya Precision Traders,Managing Partner,"#13, Plot Extension, Bagalur, Bangalore Rural, KA - 562157",Bengaluru Rural,562157,2019-01-20,2020-01-20,2,CLOSED,9001734398,,,KAR-SHOP-BLRR-2019-000144,ENT-00219
KAR-SHOP-BLRU-2021-000145,M/S Lakshmi Works,Director Masked,"No. 72, 2nd Main, Banashankari, Bangalore Urban, K'taka - 560085",Bengaluru Urban,560085,2021-03-19,2024-03-18,2,CLOSED,,,,KAR-SHOP-BLRU-2021-000145,ENT-00221
KAR-SHOP-BLRU-2023-000146,Ganesh Cafe Company,Director Masked,"#104, Extension, Hebbal, Bangalore Urban, KA - 560024",Bengaluru Urban,560024,2023-08-14,2026-08-13,25,DORMANT,,,,KAR-SHOP-BLRU-2023-000146,ENT-00222
KAR-SHOP-MYS-2018-000147,Varun Mold LLP,Partner 1,"19, B Industrial Layout, Hebbal Industrial Estate, Mysuru, KA - 570016",Mysuru,570016,2018-12-05,2021-12-04,180,CLOSED,,,,KAR-SHOP-MYS-2018-000147,ENT-00223
KAR-SHOP-BLRU-2025-000148,M/S Ravi Logistics Solutions,Managing Partner,"No. 228, C Industrial Layout, Bannerghatta Road, B'luru Urban, KA - 560076",Bengaluru Urban,560076,2025-12-31,2028-12-30,85,ACTIVE,9001773993,,,KAR-SHOP-BLRU-2025-000148,ENT-00224
KAR-SHOP-BLRU-2018-000149,Asha Enterprises,Director Masked,"No 274, B 2nd Main, Whitefield, B'luru Urban, KA - 560037",Bengaluru Urban,560037,2018-04-03,2021-04-02,3,CLOSED,,,,KAR-SHOP-BLRU-2018-000149,ENT-00225
KAR-SHOP-BLRU-2015-000150,Kaveri Print Company,Managing Partner,"254, 1st Crs, Rajajinagar Industrial Suburb, Bengaluru Urban, Karnataka - 560059",Bengaluru Urban,560059,2015-05-10,2016-05-09,2,CLOSED,,,,KAR-SHOP-BLRU-2015-000150,ENT-00228
KAR-SHOP-BLRR-2018-000151,Kaveri Meds Pv Ltd,,"No. 8, Plot Behind Metro, Bagalur, Bangalore Rural, Karnataka - 562157",Bengaluru Rural,562157,2018-06-15,2021-06-14,,CLOSED,,PAN_816459A08C7ADBAE,,KAR-SHOP-BLRR-2018-000151,ENT-00230
KAR-SHOP-TUM-2025-000152,M/S Veda LLP,Director Masked,"No. 243, Plot 3rd Phase, BH Road, Tumakuru, KA - 572101",Tumakuru,572101,2025-10-29,2026-10-29,120,ACTIVE,,PAN_683001A870C92F4E,,KAR-SHOP-TUM-2025-000152,ENT-00231
KAR-SHOP-BLRU-2021-000153,M/S Prakrthi Biryani Solutions,Partner 1,"#202, B Behind Metro, Yelahanka, B'luru Urban, KA - 560064",Bengaluru Urban,560001,2021-03-03,2022-03-03,,ACTIVE,,,GSTIN_5E35136DA83447D1,KAR-SHOP-BLRU-2021-000153,ENT-00234
KAR-SHOP-BLRU-2023-000154,Sahana Industries,,"149, B Main Road, Bannerghatta Road, Bangalore Urban, KA - 560076",Bengaluru Urban,560076,2023-11-21,2028-11-19,12,ACTIVE,,,,KAR-SHOP-BLRU-2023-000154,ENT-00235
KAR-SHOP-BLRU-2023-000155,M/S Bharath Cargo Pvt Ltd,Owner B,"#196, B Service Road, Koramangala, B'luru Urban, K'taka - 560034",Bengaluru Urban,560034,2023-08-05,2026-08-04,12,DORMANT,9001869021,,,KAR-SHOP-BLRU-2023-000155,ENT-00236
KAR-SHOP-BLRU-2015-000156,Sharma Print Enterprises,,"#221, B Near Bus Stop, Banashankari, B'luru Urban, K'taka - 560085",Bengaluru Urban,560085,2015-03-11,2020-03-09,4,CLOSED,9001876940,,,KAR-SHOP-BLRU-2015-000156,ENT-00237
KAR-SHOP-BLRU-2019-000157,Kaveri Components Enterprises,Director Masked,"No. 221, B Extension, Jayanagar, B'luru Urban, K'taka - 560078",Bengaluru Urban,560078,2019-03-20,2022-03-19,5,CLOSED,9001884859,,,KAR-SHOP-BLRU-2019-000157,ENT-00238
KAR-SHOP-TUM-2019-000158,Aditya Labels nterprises,,"296, Shed Behind Metro, BH Road, Tumakuru, KA - 572101",Tumakuru,572101,2019-11-22,2020-11-21,180,CLOSED,9001892778,,,KAR-SHOP-TUM-2019-000158,ENT-00239
KAR-SHOP-MYS-2021-000159,M/S Sahana Industries Co,,"299, Mn Rd, Nanjangud Road, Mysuru, K'taka - 570018",Mysuru,570018,2021-07-21,2026-07-20,8,DORMANT,9001900697,,,KAR-SHOP-MYS-2021-000159,ENT-00240
KAR-SHOP-BLRU-2023-000160,Mysore Biryani Associates,Owner B,"No. 96, D 2nd Main, Whitefield Main Road, Bangalore Urban, K'taka",Bengaluru Urban,560066,2023-09-24,2028-09-22,85,DORMANT,,,GSTIN_B7D0C5B514E96A62,KAR-SHOP-BLRU-2023-000160,ENT-00241
KAR-SHOP-BLRU-2018-000161,Naveen LLP,Managing Partner,"No. 214, Plot 3rd Phase, Rajajinagar Industrial Suburb, B'luru Urban, K'taka - 560059",Bengaluru Urban,560059,2018-03-04,2019-03-04,8,DORMANT,9001932373,,,KAR-SHOP-BLRU-2018-000161,ENT-00244
KAR-SHOP-BLRR-2022-000162,M/S Kaveri Associates,Owner B,"12, B Sector, Devanahalli, B'luru Rural, Karnataka - 562110",Bengaluru Rural,562110,2022-04-13,2027-04-12,10,CLOSED,9001956130,,GSTIN_FA7564FF5CAF8A2C,KAR-SHOP-BLRR-2022-000162,ENT-00247
KAR-SHOP-BLRU-2022-000163,M/S Deccan Precision Co,Partner 1,"No. 182, C Service Road, Whitefield Mn Rd, Bangalore Urban, K'taka - 560066",Bengaluru Urban,560066,2022-11-17,2025-11-16,36,DORMANT,,,,KAR-SHOP-BLRU-2022-000163,ENT-00249
KAR-SHOP-BLRU-2019-000164,Aarohi Graphics Solutions,Owner A,"#103, C 3rd Phase, Yelahanka, Bengaluru Urban, K'taka - 560064",Bengaluru Urban,560064,2019-01-28,2024-01-27,,CLOSED,,PAN_D8F6EEA1263F3207,,KAR-SHOP-BLRU-2019-000164,ENT-00250
KAR-SHOP-BLRU-2015-000165,Prakruthi Clinic Pvt Ltd,,"#125, B Behind Metro, HSR Layout, Bangalore Urban, K'taka - 560102",Bengaluru Urban,560102,2015-04-25,2016-04-24,,DORMANT,,,,KAR-SHOP-BLRU-2015-000165,ENT-00251
KAR-SHOP-BLRU-2023-000166,Sree Pharma Pvt. Ltd.,Director Masked,"No 275, B 3rd Phase, Bommanahalli, Bangalore Urban, Karnataka - 560068",Bengaluru Urban,560068,2023-09-25,2028-09-23,,ACTIVE,9001995725,PAN_A12F2782E8476B91,,KAR-SHOP-BLRU-2023-000166,ENT-00252
KAR-SHOP-BLRR-2020-000167,Bangalore LLP,Director Masked,"227, A Service Road, Doddaballapura, Bengaluru Rural, K'taka - 561203",Bengaluru Rural,561203,2020-12-29,2021-12-29,,CLOSED,,,,KAR-SHOP-BLRR-2020-000167,ENT-00253
KAR-SHOP-MYS-2021-000168,M/S Srinidhi LLP,Director Masked,"No 267, Shed Near Bus Stop, Hebbal Industrial Estate, Mysuru, KA - 570016",Mysuru,570016,2021-05-31,2026-05-30,25,CLOSED,9002011563,,,KAR-SHOP-MYS-2021-000168,ENT-00254
KAR-SHOP-BLRR-2017-000169,Navya Mold LLP,Owner A,"No. 234, B 1st Crs, Hoskote, Bangalore Rural, Karnataka - 562114",Bengaluru Rural,562114,2017-03-14,2020-03-13,18,CLOSED,9002027401,,GSTIN_12CF1990531B95DB,KAR-SHOP-BLRR-2017-000169,ENT-00256
KAR-SHOP-BLRU-2020-000170,Siddhi Enteprises,,"No 73, Plot Sector, Yelahanka, Bangalore Urban, Karnataka - 560064",Bengaluru Urban,560064,2020-03-13,2025-03-12,25,DORMANT,9002035320,,GSTIN_1389FA7B5268E156,KAR-SHOP-BLRU-2020-000170,ENT-00257
KAR-SHOP-BLRU-2016-000171,Veda Logistics Works,,"No. 252, B 3rd Phase, Bannerghatta Road, B'luru Urban, Karnataka - 560076",Bengaluru Urban,560076,2016-03-03,2021-03-02,10,DORMANT,,,GSTIN_DCBB50607CDF747B,KAR-SHOP-BLRU-2016-000171,ENT-00259
KAR-SHOP-BLRU-2018-000172,M/S Siddhi Packaging Enterprises,,"#180, Plot Main Rd, Whitefield Main Rd, Bengaluru Urban, KA - 560066",Bengaluru Urban,560066,2018-01-27,2021-01-26,4,CLOSED,9002059077,,,KAR-SHOP-BLRU-2018-000172,ENT-00260
KAR-SHOP-BLRU-2023-000173,Veda Print Enterprises,Managing Partner,"No. 4, B Near Bus Stop, BTM Layout, B'luru Urban, K'taka - 560029",Bengaluru Urban,560001,2023-09-25,2026-09-24,25,DORMANT,,,,KAR-SHOP-BLRU-2023-000173,ENT-00261
KAR-SHOP-BLRR-2019-000174,Meghana Spices LLP,,"No 102, Industrial Layout, Hoskote, Bangalore Rural, KA",Bengaluru Rural,562114,2019-10-06,2024-10-04,,DORMANT,9002074915,,,KAR-SHOP-BLRR-2019-000174,ENT-00262
KAR-SHOP-MYS-2023-000175,Aditya Polymers Associates,Owner A,"95, Plot Main Road, Devaraja Mohalla, Mysuru, KA - 570001",Mysuru,570001,2023-07-26,2028-07-24,36,DORMANT,9002082834,PAN_C84986319AF8A1A5,,KAR-SHOP-MYS-2023-000175,ENT-00263
KAR-SHOP-BLRU-2016-000176,Sree Print Co,Owner B,"#106, A Behind Metro, HSR Layout, Bengaluru Urban, Karnataka - 560102",Bengaluru Urban,560102,2016-05-14,2021-05-13,18,DORMANT,9002106591,,,KAR-SHOP-BLRU-2016-000176,ENT-00266
KAR-SHOP-BLRU-2019-000177,Vijaya Moulding Solutions,Director Masked,"No 117, Sector, Whitefield Main Rd, Bangalore Urban, K'taka - 560066",Bengaluru Urban,560066,2019-06-09,2020-06-08,4,DORMANT,9002122429,,,KAR-SHOP-BLRU-2019-000177,ENT-00268
KAR-SHOP-BLRU-2018-000178,Nisarga Printers Pvt Ltd,Director Masked,"No. 209, B 1st Cross, Whitefield Main Rd, B'luru Urban, KA - 560066",Bengaluru Urban,560066,2018-10-07,2019-10-07,5,DORMANT,,PAN_BD3CC4878CF1AE19,,KAR-SHOP-BLRU-2018-000178,ENT-00269
KAR-SHOP-BLRU-2023-000179,Ananya Cafe Enterprises,Owner A,"#244, Shed 3rd Phase, Peenya Industrial Estate, Bengaluru Urban, Karnataka - 560058",Bengaluru Urban,560058,2023-09-29,2024-09-28,5,DORMANT,9002138267,,GSTIN_732F51C60619B150,KAR-SHOP-BLRU-2023-000179,ENT-00270
KAR-SHOP-BLRU-2017-000180,M/S Bangalore Traders,Owner B,"#249, A Industrial Layout, Whitefield Main Road, Bangalore Urban, KA - 560066",Bengaluru Urban,560034,2017-06-21,2022-06-20,5,DORMANT,,PAN_60CD925D0E1297DD,,KAR-SHOP-BLRU-2017-000180,ENT-00271
KAR-SHOP-BLRU-2018-000181,Ganesh Care Company,Owner B,"No. 290, B 3rd Phase, Koramangala, Bangalore Urban, Karnataka - 560034",Bengaluru Urban,560034,2018-06-28,2023-06-27,3,CLOSED,9002154105,,GSTIN_89EF8077A26C36F1,KAR-SHOP-BLRU-2018-000181,ENT-00272
KAR-SHOP-BLRU-2019-000182,Mysore Industries,Partner 1,"No 8, Plot Near Bus Stop, Kalyan Nagar, Bangalore Urban, K'taka - 560043",Bengaluru Urban,560043,2019-05-18,2022-05-17,52,DORMANT,,,,KAR-SHOP-BLRU-2019-000182,ENT-00273
KAR-SHOP-BLRR-2016-000183,M/S Omkar Cafe Industries,Managing Partner,"#289, B 3rd Phase, Hoskote, Bengaluru Rural, Karnataka - 562114",Bengaluru Rural,562114,2016-05-22,2021-05-21,120,CLOSED,,,,KAR-SHOP-BLRR-2016-000183,ENT-00274
KAR-SHOP-TUM-2025-000184,Harsha Works,Owner A,"No. 282, D Extension, Antharasanahalli Industrial Area, Tumakuru, Karnataka - 572106",Tumakuru,572106,2025-04-13,2026-04-13,5,ACTIVE,,,,KAR-SHOP-TUM-2025-000184,ENT-00275
KAR-SHOP-BLRU-2025-000185,Omkar Mold Taders,Managing Partner,"#60, A 1st Cross, BTM Layout, Bengaluru Urban, K'taka - 560029",Bengaluru Urban,560029,2025-12-26,2030-12-25,12,ACTIVE,,PAN_3C7D032D6079014B,,KAR-SHOP-BLRU-2025-000185,ENT-00276
KAR-SHOP-BLRU-2017-000186,Bharath Clinic Associates,Owner B,"No. 152, Shed 3rd Phase, Whitefield, Bengaluru Urban, Karnataka - 560037",Bengaluru Urban,560037,2017-01-10,2022-01-09,10,ACTIVE,,,GSTIN_B84409F57141E58D,KAR-SHOP-BLRU-2017-000186,ENT-00277
KAR-SHOP-BLRU-2023-000187,Asha CNC LLP,Partner 1,"No. 90, A Industrial Layout, Kalyan Nagar, Bangalore Urban, K'taka - 560043",Bengaluru Urban,560043,2023-03-01,2028-02-28,,DORMANT,,,,KAR-SHOP-BLRU-2023-000187,ENT-00278
KAR-SHOP-BLRU-2021-000188,Varun Traders,Managing Partner,"No 9, B 3rd Phase, Bannerghatta Road, Bangalore Urban, Karnataka - 560076",Bengaluru Urban,560076,2021-12-06,2022-12-06,,DORMANT,,,,KAR-SHOP-BLRU-2021-000188,ENT-00279
KAR-SHOP-MYS-2023-000189,M/S Nandi Meals Enterprises,Director Masked,"#47, C 3rd Phase, Hebbal Indl Area, Mysuru, Karnataka - 570016",Mysuru,570016,2023-10-25,2026-10-24,4,DORMANT,,PAN_D8632AFDE0961CC9,,KAR-SHOP-MYS-2023-000189,ENT-00280
KAR-SHOP-BLRU-2015-000190,Aditya Meds Co,Partner 1,"110, C Behind Metro, Hebbal, B'luru Urban, Karnataka - 560024",Bengaluru Urban,560064,2015-05-07,2020-05-05,10,CLOSED,9002241214,PAN_1BFB605BF7BD8035,,KAR-SHOP-BLRU-2015-000190,ENT-00283
KAR-SHOP-MYS-2024-000191,M/S Prakruthi Packaging Enterprises,Director Masked,"No. 45, Plot Extension, Devaraja Mohalla, Mysuru, K'taka - 570001",Mysuru,570001,2024-02-19,2025-02-18,25,CLOSED,,PAN_738A4D73B7A3D9C6,,KAR-SHOP-MYS-2024-000191,ENT-00284
KAR-SHOP-BLRU-2023-000192,Harsha Works,Managing Partner,"#274, Plot Sector, Yelahanka, Bangalore Urban, KA - 560064",Bengaluru Urban,560064,2023-06-19,2024-06-18,5,DORMANT,9002264971,PAN_5084A28A7216F336,,KAR-SHOP-BLRU-2023-000192,ENT-00286
KAR-SHOP-BLRU-2016-000193,M/S Prakruthi Packaging Works,Partner 1,"No. 107, D 3rd Phase, Kalyan Nagar, Bengaluru Urban, KA - 560043",Bengaluru Urban,560043,2016-12-11,2021-12-10,85,CLOSED,,,,KAR-SHOP-BLRU-2016-000193,ENT-00287
KAR-SHOP-BLRU-2024-000194,Nandi Moulding Company,Managing Partner,"No. 200, Shed Industrial Layout, Bannerghatta Road, Bengaluru Urban, KA - 560076",Bengaluru Urban,560076,2024-10-12,2029-10-11,8,ACTIVE,,,,KAR-SHOP-BLRU-2024-000194,ENT-00288
KAR-SHOP-BLRU-2022-000195,Aarohi Bakery Associates,Owner A,"14, Shed Behind Metro, Bannerghatta Road, Bengaluru Urban, K'taka - 560076",Bengaluru Urban,560076,2022-09-08,2027-09-07,,DORMANT,9002288728,,,KAR-SHOP-BLRU-2022-000195,ENT-00289
KAR-SHOP-BLRU-2015-000196,Deccan Tools Traders,Director Masked,"214, B 2nd Main, Bommanahalli, Bengaluru Urban, Karnataka - 560068",Bengaluru Urban,560068,2015-09-19,2018-09-18,3,CLOSED,,,,KAR-SHOP-BLRU-2015-000196,ENT-00290
KAR-SHOP-BLRR-2020-000197,Lakshmi Meds Pvt Ltd,Owner B,"#279, Shed 1st Cross, Devanahalli, Bengaluru Rural, K'taka - 562110",Bengaluru Rural,562110,2020-04-07,2023-04-07,,DORMANT,,PAN_5D3E13DDB0BCBB69,GSTIN_0AAADD79C4584D25,KAR-SHOP-BLRR-2020-000197,ENT-00291
KAR-SHOP-BLRU-2020-000198,Udupi Health Works,Managing Partner,"16, C Service Road, Electronic City, B'luru Urban, Karnataka - 560100",Bengaluru Urban,560100,2020-04-26,2023-04-26,,CLOSED,9002312485,,,KAR-SHOP-BLRU-2020-000198,ENT-00292
KAR-SHOP-BLRU-2015-000199,Siddhi Works Enterprises,Owner B,"#7, C Main Road, Bannerghatta Road, B'luru Urban, Karnataka",Bengaluru Urban,560076,2015-10-28,2020-10-26,18,DORMANT,9002320404,,,KAR-SHOP-BLRU-2015-000199,ENT-00293
KAR-SHOP-BLRU-2015-000200,Lakshmi Kitchen Pvt Ltd,Managing Partner,"No. 91, A 1st Cross, Hebbal, Bengaluru Urban, KA - 560024",Bengaluru Urban,560024,2015-10-27,2020-10-25,8,CLOSED,9002336242,,GSTIN_D99EB2967262E860,KAR-SHOP-BLRU-2015-000200,ENT-00295
KAR-SHOP-BLRU-2019-000201,Mysore Health Industries,Managing Partner,"#234, Shed Near Bus Stop, Bommanahalli, B'luru Urban, Karnataka - 560068",Bengaluru Urban,560068,2019-04-22,2020-04-21,12,CLOSED,9002352080,,GSTIN_03941D2CB49CD7A4,KAR-SHOP-BLRU-2019-000201,ENT-00297
KAR-SHOP-TUM-2020-000202,Aditya Works,Director Masked,"No. 211, A 1st Crs, Antharasanahalli Industrial Area, Tumakuru, K'taka - 572106",Tumakuru,572106,2020-05-22,2023-05-22,36,CLOSED,9002359999,,,KAR-SHOP-TUM-2020-000202,ENT-00298
KAR-SHOP-BLRU-2015-000203,Srinidhi Press Works,,"No 262, Industrial Layout, Jayanagar, Bangalore Urban, KA - 560078",Bengaluru Urban,560078,2015-08-07,2018-08-06,,DORMANT,9002367918,PAN_0695D41947A6DA78,,KAR-SHOP-BLRU-2015-000203,ENT-00299
KAR-SHOP-BLRU-2016-000204,Varun Systems Solutions,Managing Partner,"No 165, D Near Bus Stop, Electronic City, Bengaluru Urban, KA - 560100",Bengaluru Urban,560100,2016-05-16,2021-05-15,2,DORMANT,9002375837,,,KAR-SHOP-BLRU-2016-000204,ENT-00300
KAR-SHOP-BLRU-2020-000205,Vijaya Fashions Pvt Ltd,Director Masked,"No 216, C Main Rd, Yelahanka, Bangalore Urban, KA - 560064",Bengaluru Urban,560064,2020-12-20,2021-12-20,,CLOSED,,PAN_0C5D219EF79CC50A,,KAR-SHOP-BLRU-2020-000205,ENT-00301
KAR-SHOP-BLRU-2025-000206,Naveen Kitchen Pvt Ltd,Partner 1,"#268, D Industrial Layout, Jayanagar, B'luru Urban, Karnataka",Bengaluru Urban,560078,2025-01-04,2028-01-04,2,ACTIVE,,,,KAR-SHOP-BLRU-2025-000206,ENT-00304
KAR-SHOP-BLRU-2021-000207,M/S Omkar Health Enterprises,Owner A,"No 149, D Service Road, Yelahanka, B'luru Urban, Karnataka - 560064",Bengaluru Urban,560064,2021-10-09,2026-10-08,,CLOSED,9002415432,PAN_4A10532E4A0D9594,,KAR-SHOP-BLRU-2021-000207,ENT-00305
KAR-SHOP-BLRU-2025-000208,M/S Udupi Cafe Pvt Ltd,Partner 1,"No. 172, B Sector, HSR Layout, B'luru Urban, Karnataka - 560102",Bengaluru Urban,560102,2025-02-04,2030-02-03,3,ACTIVE,,PAN_2E782F96A8964532,,KAR-SHOP-BLRU-2025-000208,ENT-00307
KAR-SHOP-BLRU-2024-000209,M/S Sree Mold Traders,,"#17, 1st Cross, Peenya Industrial Area, Bengaluru Urban, KA - 560058",Bengaluru Urban,560001,2024-08-04,2025-08-04,2,ACTIVE,9002439189,,,KAR-SHOP-BLRU-2024-000209,ENT-00308
KAR-SHOP-BLRU-2016-000210,Naveen Printers Solutions,Director Masked,"69, Extension, Rajajinagar Industrial Suburb, B'luru Urban, K'taka",Bengaluru Urban,560059,2016-03-20,2019-03-20,52,CLOSED,9002470865,,,KAR-SHOP-BLRU-2016-000210,ENT-00312
KAR-SHOP-BLRU-2023-000211,M/S Srinidhi Labels Company,Owner A,"No. 72, C 2nd Main, Koramangala, B'luru Urban, Karnataka",Bengaluru Urban,560034,2023-06-14,2024-06-13,52,ACTIVE,,,,KAR-SHOP-BLRU-2023-000211,ENT-00314
KAR-SHOP-BLRU-2022-000212,Nisarga Labels Pvt. Ltd.,Owner A,"#288, Plot Mn Rd, Whitefield, B'luru Urban, KA - 560037",Bengaluru Urban,560037,2022-05-18,2025-05-17,,DORMANT,9002510460,,,KAR-SHOP-BLRU-2022-000212,ENT-00317
KAR-SHOP-MYS-2024-000213,Lakshmi LLP,Managing Partner,"177, C Service Road, Hebbal Indl Area, Mysuru, Karnataka - 570016",Mysuru,570016,2024-03-21,2029-03-20,52,ACTIVE,9002518379,PAN_92FF94FCE953FC3F,,KAR-SHOP-MYS-2024-000213,ENT-00318
KAR-SHOP-BLRU-2017-000214,Ganesh Medical Solutions,Owner B,"No. 213, Plot 1st Cross, Banashankari, Bangalore Urban, KA - 560085",Bengaluru Urban,560085,2017-09-04,2022-09-03,,DORMANT,,PAN_1BA552F563543DB2,,KAR-SHOP-BLRU-2017-000214,ENT-00319
KAR-SHOP-BLRU-2016-000215,Asha Packaging Enterprises,Partner 1,"150, A Sector, Whitefield Main Road, Bengaluru Urban, Karnataka - 560066",Bengaluru Urban,560066,2016-10-10,2017-10-10,,CLOSED,9002542136,,GSTIN_3143A7FEA3B2960E,KAR-SHOP-BLRU-2016-000215,ENT-00321
KAR-SHOP-MYS-2018-000216,Nisarga Circuits Entp,Owner B,"239, C Extension, Nanjangud Road, Mysuru, KA - 570018",Mysuru,570018,2018-05-08,2023-05-07,,CLOSED,,,,KAR-SHOP-MYS-2018-000216,ENT-00322
KAR-SHOP-BLRU-2021-000217,Varun Industries,Owner A,"No. 206, C Industrial Layout, Jayanagar, Bengaluru Urban, KA - 560078",Bengaluru Urban,560078,2021-02-28,2022-02-28,12,ACTIVE,9002565893,,,KAR-SHOP-BLRU-2021-000217,ENT-00324
KAR-SHOP-BLRU-2023-000218,Naveen Medical Solutions,Director Masked,"158, Extension, HSR Layout, Bengaluru Urban, K'taka - 560102",Bengaluru Urban,560102,2023-04-05,2026-04-04,,ACTIVE,,,,KAR-SHOP-BLRU-2023-000218,ENT-00325
